tenure,warehouse_to_home,num_devices_registered,preferred_order_category,satisfaction_score,marital_status,num_addresses,has_complained,days_since_last_order,cashback_amount,tenure_missing_flag,warehouse_missing_flag,days_missing_flag,churn
15,29.0,4,Laptop & Accessory,3,Single,2,0,7,143.32,0,0,0,0
7,25.0,4,Mobile Phone,1,Married,2,0,7,129.29,0,0,0,0
27,13.0,3,Laptop & Accessory,1,Married,5,0,7,168.54,0,0,0,0
20,25.0,4,Fashion,3,Divorced,7,0,3,230.27,0,0,1,0
30,15.0,4,Others,4,Single,8,0,8,322.17,0,0,0,0
7,16.0,4,Mobile Phone,2,Divorced,2,0,11,152.81,0,0,0,0
1,15.0,6,Mobile Phone,5,Divorced,3,0,2,149.51,0,0,0,0
1,11.0,4,Mobile Phone,5,Single,3,0,1,154.73,0,0,0,1
11,12.0,4,Mobile Phone,3,Married,2,0,4,137.02,0,0,0,0
17,7.0,3,Laptop & Accessory,1,Married,5,1,2,157.43,0,0,0,0
6,26.0,6,Fashion,3,Married,5,0,3,221.1,0,0,1,0
16,20.0,2,Laptop & Accessory,5,Married,7,0,1,180.38,0,0,0,0
1,7.0,4,Mobile Phone,3,Divorced,5,0,3,154.09,0,0,0,1
1,7.0,5,Fashion,3,Divorced,7,0,3,231.09,0,0,1,1
6,14.0,3,Laptop & Accessory,5,Married,3,0,2,163.92,0,0,0,0
10,8.0,4,Laptop & Accessory,3,Single,8,0,1,193.15,0,0,0,0
0,21.0,5,Mobile Phone,1,Married,1,1,3,121.68,1,0,0,0
8,22.0,4,Fashion,2,Divorced,3,0,6,204.78,0,0,0,1
19,27.0,4,Grocery,1,Married,2,1,11,259.96,0,0,0,0
0,18.0,1,Mobile Phone,4,Single,2,0,0,127.16,0,0,0,1
1,33.0,5,Laptop & Accessory,5,Single,7,0,2,191.96,0,0,0,1
3,22.0,3,Laptop & Accessory,3,Married,9,0,2,153.01,0,0,0,0
30,9.0,1,Mobile Phone,5,Married,5,1,0,126.7,0,0,0,0
5,14.0,3,Fashion,1,Single,2,0,7,189.98,0,0,0,0
9,12.0,4,Fashion,4,Single,2,0,14,205.95,0,0,0,0
18,26.0,3,Laptop & Accessory,3,Single,9,0,1,148.5,0,0,0,0
16,17.0,3,Fashion,3,Married,2,0,9,175.1,0,0,0,0
0,13.0,1,Mobile Phone,3,Single,4,1,3,124.32,0,1,0,1
7,6.0,4,Fashion,5,Married,10,0,6,204.82,0,0,0,1
1,17.0,5,Fashion,5,Married,11,0,3,228.06,0,0,1,1
12,6.0,1,Fashion,1,Married,1,0,7,196.13,0,0,0,0
30,11.0,4,Fashion,4,Married,3,1,4,205.52,0,0,0,0
11,17.0,2,Fashion,1,Married,3,1,9,262.44,0,0,0,0
0,13.0,4,Mobile Phone,4,Divorced,6,0,1,125.46,0,1,0,1
0,13.0,4,Mobile Phone,1,Married,6,0,3,123.67,0,1,0,1
0,13.0,3,Mobile Phone,5,Married,4,0,0,123.22,0,1,0,0
24,31.0,4,Grocery,3,Married,5,1,6,264.73,0,0,0,0
0,6.0,4,Mobile Phone,5,Married,2,0,2,122.18,1,0,0,0
0,9.0,3,Laptop & Accessory,5,Divorced,2,1,3,141.94,0,0,0,0
1,7.0,4,Mobile Phone,1,Married,11,1,3,172.87,0,0,0,1
4,18.0,3,Mobile Phone,1,Married,9,1,2,139.29,0,0,0,0
18,7.0,4,Fashion,3,Married,4,0,4,207.48,0,0,0,0
15,7.0,2,Fashion,5,Married,3,0,8,208.92,0,0,0,0
17,21.0,4,Grocery,5,Married,8,0,1,296.59,0,0,0,0
0,7.0,4,Mobile Phone,3,Married,2,0,0,120.08,1,0,0,0
4,15.0,4,Fashion,3,Married,7,0,8,197.64,0,0,0,0
5,9.0,4,Mobile Phone,1,Married,2,1,3,151.95,0,0,0,0
11,17.0,2,Mobile Phone,1,Single,5,0,1,171.8,0,0,0,0
24,6.0,4,Fashion,5,Single,4,0,8,174.84,0,0,0,0
0,6.0,3,Laptop & Accessory,3,Divorced,2,0,7,152.96,0,0,0,0
3,6.0,3,Laptop & Accessory,1,Single,2,0,7,140.11,0,0,0,0
61,28.0,4,Grocery,1,Married,6,1,1,303.75,0,0,0,0
16,9.0,4,Fashion,1,Married,4,1,3,226.24,0,0,1,0
25,10.0,3,Grocery,2,Divorced,3,0,4,265.55,0,0,0,0
9,22.0,4,Laptop & Accessory,5,Married,5,0,2,156.47,0,0,0,0
8,8.0,4,Laptop & Accessory,1,Married,11,0,2,179.84,0,0,0,0
8,33.0,5,Mobile Phone,3,Married,3,0,1,145.29,0,0,0,0
0,13.0,4,Mobile Phone,4,Married,2,0,3,123.68,0,1,0,0
17,19.0,5,Grocery,4,Married,3,0,10,268.36,0,0,0,0
8,26.0,5,Mobile Phone,1,Married,3,0,8,154.29,0,0,0,0
3,13.0,3,Mobile Phone,1,Single,1,0,7,125.64,0,1,0,0
0,8.0,3,Laptop & Accessory,3,Single,2,1,4,144.78,0,0,0,0
4,32.0,3,Mobile Phone,3,Married,2,0,3,129.11,0,0,0,0
1,10.0,4,Mobile Phone,5,Married,7,0,3,165.31,0,0,0,1
1,16.0,4,Mobile Phone,1,Single,3,0,1,135.81,0,0,0,1
1,31.0,6,Mobile Phone,1,Single,3,1,1,148.4,0,0,0,1
0,16.0,3,Laptop & Accessory,2,Single,1,0,1,149.5,0,0,0,0
1,16.0,3,Laptop & Accessory,3,Single,4,0,7,136.6,0,0,0,0
13,21.0,4,Fashion,3,Married,2,0,12,204.35,0,0,0,0
5,12.0,4,Laptop & Accessory,3,Married,3,0,3,208.46,0,0,0,0
0,13.0,3,Mobile Phone,3,Married,2,0,3,125.17,0,1,0,0
15,13.0,4,Fashion,3,Single,3,0,3,217.41,0,0,1,0
24,14.0,4,Fashion,4,Divorced,6,0,3,224.9,0,0,1,0
8,16.0,5,Fashion,4,Single,3,0,3,211.21,0,0,1,0
14,14.0,3,Laptop & Accessory,4,Married,6,0,4,143.93,0,0,0,0
5,15.0,5,Laptop & Accessory,1,Married,1,0,7,146.68,0,0,0,0
9,11.0,4,Laptop & Accessory,3,Single,3,1,2,167.49,0,0,0,0
1,31.0,4,Mobile Phone,2,Divorced,2,0,2,149.0,0,0,0,0
0,6.0,3,Laptop & Accessory,4,Divorced,1,1,4,163.49,0,0,0,0
7,8.0,3,Laptop & Accessory,5,Single,1,1,2,145.38,0,0,0,0
6,12.0,4,Laptop & Accessory,4,Married,3,0,4,190.24,0,0,0,0
1,10.0,4,Mobile Phone,1,Single,3,1,1,140.69,0,0,0,1
9,18.0,4,Fashion,2,Single,1,0,8,188.58,0,0,0,0
8,11.0,4,Fashion,1,Married,4,1,3,222.13,0,0,1,0
0,6.0,3,Mobile Phone,1,Married,4,0,2,122.7,1,0,0,0
11,22.0,3,Laptop & Accessory,4,Single,3,0,2,141.98,0,0,0,0
4,10.0,4,Mobile Phone,1,Married,6,0,5,145.97,0,0,0,0
25,10.0,4,Grocery,4,Single,5,0,1,262.34,0,0,0,0
2,19.0,4,Laptop & Accessory,4,Married,5,1,3,140.25,0,0,0,0
30,6.0,3,Fashion,2,Divorced,4,1,3,219.04,0,0,1,0
18,10.0,5,Fashion,3,Married,5,0,3,197.56,0,0,0,0
19,32.0,4,Laptop & Accessory,4,Single,9,0,2,179.91,0,0,0,0
0,15.0,3,Mobile Phone,1,Married,4,0,3,120.75,1,0,0,0
8,23.0,3,Laptop & Accessory,5,Married,4,1,7,189.66,0,0,0,0
0,30.0,1,Mobile Phone,5,Single,2,0,0,110.91,0,0,0,1
8,32.0,3,Fashion,1,Single,2,1,7,188.37,0,0,0,0
4,15.0,2,Fashion,5,Married,2,1,8,239.16,0,0,0,0
0,35.0,4,Laptop & Accessory,3,Single,2,0,8,145.08,0,0,0,1
2,23.0,4,Fashion,5,Single,2,0,9,179.88,0,0,0,0
4,8.0,5,Mobile Phone,1,Married,5,1,0,127.78,0,0,0,1
19,21.0,3,Others,4,Married,6,0,3,290.81,0,0,0,0
19,13.0,3,Mobile Phone,3,Married,9,0,8,123.39,0,1,0,1
14,7.0,6,Laptop & Accessory,1,Married,4,1,3,199.57,0,0,0,0
15,9.0,4,Grocery,5,Divorced,9,0,9,290.95,0,0,0,0
5,11.0,3,Laptop & Accessory,4,Married,2,0,3,165.24,0,0,0,0
1,14.0,2,Mobile Phone,5,Single,2,0,8,160.78,0,0,0,0
8,13.0,3,Mobile Phone,3,Married,2,0,0,124.04,0,1,0,0
21,11.0,4,Laptop & Accessory,3,Single,5,0,1,154.76,0,0,0,0
1,7.0,5,Mobile Phone,3,Married,8,1,3,153.0,0,0,0,1
24,12.0,4,Mobile Phone,3,Single,1,0,7,128.38,0,0,0,0
14,16.0,3,Laptop & Accessory,1,Single,8,0,10,162.3,0,0,0,0
13,13.0,3,Mobile Phone,1,Married,9,0,0,124.06,0,1,0,0
0,10.0,3,Laptop & Accessory,3,Divorced,2,1,3,141.62,0,0,0,0
21,10.0,4,Grocery,3,Married,11,1,14,262.7,0,0,0,0
29,9.0,5,Mobile Phone,1,Married,10,0,5,151.62,0,0,0,0
7,14.0,3,Laptop & Accessory,5,Married,4,0,0,151.21,0,0,0,0
14,15.0,4,Laptop & Accessory,5,Married,4,1,1,190.16,0,0,0,0
5,9.0,6,Mobile Phone,1,Married,6,1,1,152.78,0,0,0,1
5,14.0,5,Mobile Phone,3,Married,5,0,3,148.29,0,0,0,0
2,15.0,5,Mobile Phone,2,Married,3,0,5,174.36,0,0,0,0
3,7.0,6,Mobile Phone,2,Married,3,0,9,152.2,0,0,0,0
0,12.0,3,Mobile Phone,1,Married,2,1,2,56.0,0,0,0,0
11,20.0,3,Laptop & Accessory,4,Married,1,0,7,199.24,0,0,0,0
6,6.0,1,Grocery,3,Married,5,0,5,261.84,0,0,0,0
2,15.0,5,Mobile Phone,1,Married,3,0,5,174.36,0,0,0,0
1,9.0,4,Mobile Phone,4,Married,6,0,3,146.87,0,0,0,0
14,15.0,3,Fashion,3,Married,4,1,7,181.89,0,0,0,0
3,11.0,4,Mobile Phone,2,Married,10,0,3,137.61,0,0,0,0
26,9.0,5,Mobile Phone,2,Single,9,0,3,157.12,0,0,0,0
1,20.0,5,Laptop & Accessory,5,Married,7,1,3,186.34,0,0,0,1
5,16.0,3,Laptop & Accessory,1,Single,9,0,0,146.48,0,0,0,0
13,14.0,3,Laptop & Accessory,5,Married,3,1,0,165.16,0,0,0,0
4,8.0,3,Laptop & Accessory,2,Single,5,1,5,165.82,0,0,0,0
0,13.0,3,Mobile Phone,2,Divorced,1,0,1,124.0,0,1,0,0
1,32.0,5,Mobile Phone,4,Single,6,1,3,148.13,0,0,0,1
30,11.0,4,Others,5,Married,6,0,3,324.43,0,0,0,0
0,26.0,5,Laptop & Accessory,3,Divorced,4,1,2,145.59,0,0,0,1
0,8.0,4,Mobile Phone,3,Single,7,1,0,120.9,1,0,0,1
17,11.0,5,Fashion,2,Single,5,0,3,227.31,0,0,1,0
26,15.0,4,Mobile Phone,5,Divorced,11,0,5,154.5,0,0,0,0
5,25.0,1,Mobile Phone,3,Married,7,1,2,127.59,0,0,0,1
0,13.0,4,Mobile Phone,3,Divorced,2,0,2,125.39,0,1,0,0
19,6.0,3,Fashion,5,Married,2,0,7,204.53,0,0,0,0
8,13.0,4,Mobile Phone,5,Single,2,0,2,124.5,0,1,0,0
0,12.0,3,Laptop & Accessory,3,Married,3,1,5,123.06,1,0,0,0
0,9.0,3,Mobile Phone,1,Married,2,0,0,117.06,1,0,0,0
1,20.0,5,Mobile Phone,5,Married,6,1,1,148.35,0,0,0,1
9,13.0,3,Mobile Phone,2,Single,3,0,1,146.78,0,0,0,0
1,10.0,4,Mobile Phone,3,Single,3,0,8,165.84,0,0,0,1
8,11.0,4,Laptop & Accessory,3,Divorced,11,0,3,190.38,0,0,0,0
26,7.0,4,Grocery,3,Married,5,1,3,229.65,0,0,1,0
2,16.0,4,Mobile Phone,3,Married,7,0,3,148.77,0,0,0,0
0,22.0,3,Mobile Phone,3,Single,2,0,4,121.44,1,0,0,0
4,14.0,4,Laptop & Accessory,3,Married,3,0,10,159.91,0,0,0,0
16,30.0,4,Grocery,2,Single,4,0,1,284.92,0,0,0,0
1,12.0,4,Mobile Phone,4,Single,3,1,3,149.78,0,0,0,0
9,23.0,4,Fashion,3,Married,6,1,1,201.32,0,0,0,0
2,26.0,3,Mobile Phone,1,Married,2,0,10,138.12,0,0,0,0
10,14.0,3,Laptop & Accessory,4,Married,3,0,7,140.71,0,0,0,0
1,14.0,5,Laptop & Accessory,3,Divorced,4,0,1,186.32,0,0,0,0
23,13.0,3,Mobile Phone,1,Married,5,0,0,123.8,0,1,0,0
21,9.0,2,Grocery,4,Married,8,0,3,284.72,0,0,0,0
26,13.0,4,Fashion,1,Married,8,1,3,209.34,0,0,1,0
11,16.0,3,Laptop & Accessory,3,Married,4,0,2,160.77,0,0,0,0
31,10.0,5,Laptop & Accessory,1,Single,7,0,6,176.71,0,0,0,0
14,12.0,5,Fashion,5,Divorced,7,1,3,229.75,0,0,1,0
4,11.0,3,Laptop & Accessory,5,Single,1,0,7,199.36,0,0,0,0
17,34.0,3,Grocery,5,Divorced,4,0,17,263.28,0,0,0,0
7,10.0,3,Laptop & Accessory,3,Married,10,0,2,165.38,0,0,0,0
20,8.0,3,Others,4,Single,8,1,8,292.46,0,0,0,1
8,29.0,5,Laptop & Accessory,1,Married,3,1,12,182.47,0,0,0,0
1,16.0,6,Mobile Phone,4,Single,3,0,3,152.6,0,0,0,1
17,31.0,4,Fashion,5,Single,8,1,3,229.48,0,0,1,1
27,13.0,4,Laptop & Accessory,3,Divorced,4,1,6,148.06,0,0,0,0
16,7.0,5,Laptop & Accessory,2,Divorced,11,1,3,185.62,0,0,0,0
16,9.0,4,Laptop & Accessory,1,Married,3,0,3,165.89,0,0,0,0
0,13.0,3,Mobile Phone,3,Married,2,0,0,112.74,1,0,0,0
10,33.0,4,Laptop & Accessory,3,Married,8,0,3,178.47,0,0,0,0
10,30.0,2,Laptop & Accessory,1,Married,6,0,4,150.71,0,0,0,0
3,11.0,3,Mobile Phone,5,Married,6,0,30,132.04,0,0,0,0
0,24.0,1,Laptop & Accessory,3,Divorced,3,0,2,162.32,0,0,0,0
12,16.0,3,Laptop & Accessory,5,Married,3,0,7,153.77,0,0,0,0
6,17.0,4,Laptop & Accessory,1,Single,10,0,1,171.48,0,0,0,0
11,18.0,4,Laptop & Accessory,5,Married,3,0,2,162.88,0,0,0,0
6,7.0,5,Mobile Phone,4,Married,2,0,3,147.69,0,0,0,0
4,6.0,3,Laptop & Accessory,5,Married,2,0,3,141.48,0,0,0,0
17,9.0,4,Mobile Phone,1,Single,2,0,9,160.39,0,0,0,0
7,21.0,3,Fashion,2,Divorced,2,0,5,179.78,0,0,0,1
8,15.0,4,Laptop & Accessory,5,Married,7,0,3,190.0,0,0,0,0
15,9.0,5,Laptop & Accessory,3,Single,4,1,8,193.11,0,0,0,0
31,9.0,5,Grocery,2,Single,5,1,4,262.26,0,0,0,0
16,14.0,3,Laptop & Accessory,4,Married,5,0,0,147.65,0,0,0,0
3,12.0,4,Laptop & Accessory,1,Married,5,0,1,145.86,0,0,0,1
11,7.0,5,Mobile Phone,5,Divorced,4,0,3,164.2,0,0,0,0
0,5.0,4,Mobile Phone,3,Single,2,0,2,130.33,0,0,0,0
20,9.0,4,Fashion,1,Married,5,0,3,210.78,0,0,1,0
11,11.0,4,Mobile Phone,3,Divorced,9,1,4,154.96,0,0,0,0
0,22.0,3,Fashion,5,Single,3,1,0,185.64,0,0,0,1
10,13.0,2,Mobile Phone,1,Married,5,0,1,155.38,0,0,0,0
1,22.0,4,Mobile Phone,3,Married,3,0,3,151.1,0,0,0,1
9,24.0,4,Laptop & Accessory,5,Married,5,1,3,214.66,0,0,1,0
1,6.0,4,Laptop & Accessory,1,Married,2,1,7,168.34,0,0,0,0
9,9.0,4,Laptop & Accessory,1,Married,4,0,8,182.62,0,0,0,0
2,10.0,4,Mobile Phone,4,Married,3,0,1,153.56,0,0,0,0
30,15.0,4,Mobile Phone,5,Married,6,1,3,167.57,0,0,0,0
12,23.0,4,Laptop & Accessory,4,Single,4,0,3,166.98,0,0,0,0
8,22.0,3,Fashion,3,Married,5,1,0,176.32,0,0,0,0
22,26.0,3,Laptop & Accessory,5,Married,2,0,11,165.67,0,0,0,0
8,33.0,3,Laptop & Accessory,3,Married,3,0,7,168.83,0,0,0,0
20,32.0,3,Others,3,Married,4,0,0,296.58,0,0,0,0
0,9.0,4,Mobile Phone,3,Divorced,2,0,0,112.81,1,0,0,0
20,20.0,3,Laptop & Accessory,4,Married,9,0,7,154.67,0,0,0,0
0,10.0,3,Mobile Phone,2,Single,2,1,2,128.75,0,0,0,0
28,24.0,4,Fashion,3,Married,10,0,9,232.39,0,0,0,0
22,7.0,2,Grocery,1,Single,4,0,2,293.85,0,0,0,0
16,21.0,4,Grocery,3,Married,2,0,11,276.03,0,0,0,0
7,9.0,5,Laptop & Accessory,1,Single,6,0,2,160.29,0,0,0,0
1,28.0,4,Mobile Phone,3,Married,3,0,1,148.77,0,0,0,1
0,16.0,3,Mobile Phone,3,Divorced,2,1,0,122.2,1,0,0,0
0,14.0,4,Laptop & Accessory,4,Married,2,1,7,121.33,1,0,0,0
4,8.0,4,Laptop & Accessory,5,Divorced,4,0,0,164.1,0,0,0,0
25,13.0,5,Mobile Phone,3,Single,2,0,8,153.38,0,0,0,0
14,33.0,4,Laptop & Accessory,5,Married,3,0,6,208.96,0,0,0,0
4,9.0,4,Mobile Phone,4,Divorced,3,0,1,149.76,0,0,0,0
18,15.0,4,Laptop & Accessory,3,Divorced,2,0,12,155.93,0,0,0,0
10,10.0,5,Fashion,1,Married,6,0,3,221.99,0,0,1,0
18,27.0,4,Mobile Phone,4,Single,3,0,4,159.2,0,0,0,0
11,17.0,4,Laptop & Accessory,4,Single,4,1,2,166.97,0,0,0,0
8,18.0,5,Laptop & Accessory,4,Married,6,0,9,169.9,0,0,0,0
22,13.0,3,Mobile Phone,5,Married,5,1,2,125.87,0,1,0,0
4,27.0,4,Laptop & Accessory,5,Married,2,0,3,224.57,0,0,1,0
0,11.0,4,Fashion,2,Married,2,1,3,228.08,0,0,1,0
18,35.0,4,Grocery,5,Married,5,0,18,288.28,0,0,0,0
13,11.0,4,Laptop & Accessory,3,Single,2,0,9,175.42,0,0,0,0
31,22.0,4,Grocery,3,Married,4,1,3,282.87,0,0,0,0
0,17.0,1,Laptop & Accessory,3,Married,9,0,2,147.07,0,0,0,1
1,25.0,2,Mobile Phone,5,Married,2,0,1,154.56,0,0,0,1
1,14.0,4,Mobile Phone,4,Single,3,1,1,149.72,0,0,0,1
20,22.0,4,Others,4,Divorced,7,0,4,315.81,0,0,0,0
4,11.0,3,Mobile Phone,1,Married,1,1,3,148.21,0,0,0,0
1,7.0,3,Mobile Phone,5,Married,2,0,2,135.91,0,0,0,0
8,22.0,4,Laptop & Accessory,4,Married,1,1,2,147.88,0,0,0,0
13,15.0,3,Laptop & Accessory,3,Married,4,0,7,139.75,0,0,0,0
1,16.0,4,Mobile Phone,4,Single,3,0,4,147.79,0,0,0,0
25,17.0,3,Laptop & Accessory,3,Divorced,9,0,4,131.49,0,0,0,0
19,11.0,6,Fashion,3,Married,6,0,3,222.56,0,0,1,0
24,17.0,5,Fashion,1,Single,8,0,3,229.96,0,0,1,0
0,22.0,5,Mobile Phone,5,Single,2,1,7,139.19,0,0,0,1
15,35.0,5,Grocery,4,Married,2,0,11,260.7,0,0,0,0
7,16.0,3,Laptop & Accessory,3,Married,2,1,7,140.01,0,0,0,0
11,6.0,4,Mobile Phone,5,Single,5,0,0,128.58,0,0,0,0
24,7.0,4,Laptop & Accessory,3,Married,2,0,14,188.47,0,0,0,0
29,21.0,2,Others,4,Single,10,0,16,312.22,0,0,0,0
15,12.0,3,Fashion,5,Married,10,0,7,233.48,0,0,0,0
15,11.0,4,Fashion,3,Married,2,1,3,229.47,0,0,1,0
4,14.0,3,Laptop & Accessory,1,Single,2,0,8,144.24,0,0,0,0
0,12.0,4,Mobile Phone,3,Married,1,0,3,121.87,1,0,0,0
0,8.0,4,Mobile Phone,1,Single,8,0,0,127.85,0,0,0,1
7,6.0,1,Mobile Phone,1,Single,3,0,3,132.8,0,0,0,0
2,11.0,4,Laptop & Accessory,3,Married,3,0,5,167.21,0,0,0,0
9,34.0,5,Mobile Phone,5,Single,3,0,2,150.59,0,0,0,0
4,8.0,3,Mobile Phone,3,Married,1,0,2,130.67,0,0,0,0
10,18.0,5,Laptop & Accessory,1,Married,6,0,1,191.52,0,0,0,0
0,26.0,3,Mobile Phone,3,Divorced,5,0,0,122.59,1,0,0,0
7,32.0,4,Laptop & Accessory,3,Divorced,3,0,2,170.39,0,0,0,0
1,7.0,6,Mobile Phone,4,Single,9,1,8,147.16,0,0,0,1
0,9.0,4,Fashion,1,Married,2,1,7,203.25,0,0,0,1
19,11.0,4,Laptop & Accessory,4,Divorced,3,0,9,169.47,0,0,0,0
16,32.0,3,Grocery,1,Married,2,1,12,269.59,0,0,0,0
4,9.0,5,Mobile Phone,5,Single,2,0,8,174.68,0,0,0,0
16,36.0,4,Laptop & Accessory,3,Married,4,0,3,170.56,0,0,0,0
0,12.0,3,Mobile Phone,5,Single,3,0,3,129.6,0,0,0,1
31,35.0,5,Fashion,5,Married,6,0,3,227.66,0,0,1,0
30,13.0,1,Laptop & Accessory,1,Married,1,1,9,152.2,0,0,0,0
15,7.0,4,Laptop & Accessory,5,Married,2,0,8,166.03,0,0,0,0
6,9.0,4,Laptop & Accessory,3,Single,6,1,8,174.98,0,0,0,0
6,15.0,4,Fashion,2,Single,3,0,3,214.98,0,0,1,0
30,13.0,3,Others,5,Divorced,6,0,10,295.66,0,0,0,0
6,13.0,3,Fashion,3,Divorced,1,0,3,216.91,0,0,1,0
5,14.0,5,Mobile Phone,3,Divorced,5,0,3,148.29,0,0,0,0
1,27.0,3,Mobile Phone,2,Divorced,2,0,2,127.13,0,0,0,0
7,9.0,4,Laptop & Accessory,1,Married,3,0,5,180.05,0,0,0,0
0,28.0,3,Mobile Phone,3,Married,5,1,1,121.32,1,0,0,1
1,13.0,4,Mobile Phone,1,Married,3,1,3,81.0,0,0,0,0
2,23.0,3,Laptop & Accessory,5,Single,2,0,8,181.61,0,0,0,0
16,19.0,4,Mobile Phone,4,Married,10,0,5,152.66,0,0,0,0
19,9.0,1,Grocery,5,Married,3,0,8,232.25,0,0,0,0
16,14.0,2,Laptop & Accessory,4,Married,8,1,1,148.72,0,0,0,0
11,9.0,3,Laptop & Accessory,2,Single,9,1,0,168.61,0,0,0,0
10,21.0,4,Laptop & Accessory,1,Married,2,1,12,190.86,0,0,0,0
15,14.0,6,Others,3,Married,3,0,11,324.73,0,0,0,0
14,14.0,4,Others,4,Single,3,0,9,323.33,0,0,0,0
1,31.0,2,Mobile Phone,5,Single,3,0,1,135.91,0,0,0,1
23,8.0,3,Grocery,3,Married,6,0,3,276.39,0,0,0,0
13,32.0,3,Laptop & Accessory,4,Married,2,0,13,156.05,0,0,0,0
0,6.0,3,Mobile Phone,4,Single,2,1,4,132.02,0,0,0,1
19,13.0,3,Laptop & Accessory,3,Married,3,0,0,152.58,0,0,0,0
8,13.0,4,Mobile Phone,1,Married,2,0,2,123.76,0,1,0,0
25,14.0,3,Mobile Phone,5,Married,10,0,4,129.5,0,0,0,0
10,17.0,4,Fashion,2,Single,3,0,3,224.8,0,0,1,0
1,7.0,6,Laptop & Accessory,4,Single,8,0,1,192.35,0,0,0,1
19,14.0,3,Laptop & Accessory,3,Divorced,6,0,3,189.34,0,0,0,0
6,31.0,3,Laptop & Accessory,3,Married,2,0,1,145.39,0,0,0,0
1,32.0,4,Laptop & Accessory,5,Married,2,0,4,147.24,0,0,0,0
16,12.0,4,Mobile Phone,3,Married,6,0,1,145.93,0,0,0,0
9,13.0,4,Mobile Phone,3,Divorced,2,1,3,160.06,0,0,0,0
1,26.0,3,Laptop & Accessory,2,Single,10,1,5,178.04,0,0,0,1
7,9.0,4,Mobile Phone,2,Single,2,0,3,150.0,0,0,0,0
1,25.0,2,Laptop & Accessory,3,Divorced,4,0,3,187.32,0,0,0,0
8,17.0,4,Mobile Phone,3,Divorced,3,1,1,147.2,0,0,0,0
0,21.0,3,Mobile Phone,1,Single,2,0,0,112.32,1,0,0,0
17,9.0,5,Fashion,1,Married,2,0,3,226.69,0,0,1,1
0,15.0,4,Mobile Phone,3,Single,2,0,8,122.06,1,0,0,0
7,12.0,5,Mobile Phone,1,Married,3,0,3,154.11,0,0,0,0
16,16.0,4,Mobile Phone,1,Single,3,0,9,161.73,0,0,0,0
3,16.0,4,Laptop & Accessory,3,Married,2,0,4,165.78,0,0,0,0
11,8.0,3,Mobile Phone,1,Single,6,1,2,139.44,0,0,0,0
11,13.0,3,Mobile Phone,5,Single,4,0,0,126.19,0,1,0,0
13,11.0,4,Fashion,5,Divorced,6,1,12,204.75,0,0,0,0
17,22.0,5,Grocery,3,Married,3,0,12,301.03,0,0,0,0
11,12.0,5,Laptop & Accessory,1,Married,8,1,9,153.29,0,0,0,0
7,15.0,4,Laptop & Accessory,3,Single,4,1,1,188.88,0,0,0,0
6,12.0,5,Laptop & Accessory,4,Married,5,0,6,183.78,0,0,0,0
11,10.0,3,Mobile Phone,3,Married,8,0,0,133.06,0,0,0,0
15,32.0,3,Fashion,5,Married,4,1,0,231.91,0,0,0,0
13,35.0,5,Laptop & Accessory,5,Single,5,0,4,167.84,0,0,0,1
6,12.0,4,Mobile Phone,4,Single,4,0,8,152.18,0,0,0,0
7,8.0,3,Laptop & Accessory,1,Single,2,0,4,162.74,0,0,0,0
0,13.0,5,Laptop & Accessory,3,Single,2,1,6,160.74,0,0,0,1
16,9.0,5,Laptop & Accessory,2,Single,5,0,1,192.81,0,0,0,0
5,17.0,4,Laptop & Accessory,1,Married,4,1,5,190.83,0,0,0,0
19,8.0,3,Fashion,1,Married,5,1,3,203.68,0,0,0,0
0,13.0,4,Laptop & Accessory,5,Single,9,0,7,168.11,0,0,0,0
20,31.0,4,Mobile Phone,1,Single,3,0,1,150.87,0,0,0,1
8,7.0,4,Laptop & Accessory,4,Married,3,0,4,168.25,0,0,0,0
12,8.0,4,Laptop & Accessory,1,Married,9,0,4,152.04,0,0,0,0
1,8.0,4,Mobile Phone,3,Married,3,0,2,137.23,0,0,0,0
4,13.0,3,Fashion,5,Married,3,0,2,196.37,0,0,0,0
9,7.0,5,Mobile Phone,5,Single,3,0,3,149.5,0,0,0,0
12,16.0,5,Mobile Phone,4,Divorced,2,0,3,153.99,0,0,0,0
25,7.0,4,Mobile Phone,2,Divorced,3,0,1,152.23,0,0,0,0
6,14.0,4,Laptop & Accessory,1,Married,6,0,3,217.04,0,0,1,0
21,9.0,4,Grocery,1,Married,3,1,1,292.52,0,0,0,0
7,8.0,1,Mobile Phone,1,Married,1,1,2,129.32,0,0,0,0
0,31.0,5,Mobile Phone,3,Single,2,0,1,122.93,1,0,0,1
7,12.0,3,Laptop & Accessory,3,Single,2,0,10,148.09,0,0,0,0
3,16.0,3,Fashion,3,Single,10,0,2,196.67,0,0,0,0
0,9.0,3,Mobile Phone,5,Single,1,0,4,131.02,0,0,0,1
1,13.0,2,Mobile Phone,5,Married,3,1,1,141.01,0,0,0,1
13,8.0,3,Laptop & Accessory,4,Married,4,0,10,156.77,0,0,0,0
0,8.0,3,Mobile Phone,4,Married,10,0,2,134.68,0,0,0,0
0,30.0,3,Mobile Phone,4,Single,2,0,4,121.77,1,0,0,0
17,11.0,4,Mobile Phone,3,Single,4,0,3,131.62,0,0,0,0
0,13.0,5,Mobile Phone,3,Married,1,0,0,123.51,0,1,0,1
14,15.0,4,Laptop & Accessory,1,Married,5,1,3,165.69,0,0,0,0
1,7.0,5,Fashion,3,Married,7,0,3,231.09,0,0,1,1
9,9.0,6,Others,4,Single,4,1,12,313.24,0,0,0,1
0,15.0,4,Mobile Phone,5,Single,8,0,3,134.07,0,0,0,1
20,33.0,5,Laptop & Accessory,4,Single,10,0,3,204.91,0,0,0,0
17,16.0,3,Laptop & Accessory,1,Married,3,1,3,164.65,0,0,0,0
17,35.0,2,Mobile Phone,3,Single,6,0,3,172.39,0,0,0,0
1,17.0,4,Fashion,3,Married,8,0,3,225.48,0,0,1,1
16,12.0,4,Fashion,4,Single,11,1,3,209.46,0,0,1,1
0,10.0,5,Fashion,2,Divorced,2,0,8,204.0,0,0,0,1
1,17.0,5,Mobile Phone,3,Single,3,0,3,151.25,0,0,0,1
0,6.0,3,Mobile Phone,4,Married,2,0,4,138.16,0,0,0,0
20,7.0,4,Others,2,Married,11,0,3,321.27,0,0,0,0
21,21.0,4,Laptop & Accessory,5,Single,4,0,8,174.6,0,0,0,0
29,15.0,4,Grocery,3,Married,4,1,3,272.56,0,0,0,0
23,7.0,4,Mobile Phone,5,Married,4,0,3,160.8,0,0,0,0
13,15.0,3,Fashion,3,Single,10,0,13,234.99,0,0,0,0
6,13.0,4,Mobile Phone,3,Single,5,0,5,155.38,0,0,0,0
4,14.0,4,Mobile Phone,5,Single,5,1,4,146.66,0,0,0,1
0,6.0,3,Mobile Phone,4,Single,2,0,1,120.96,1,0,0,0
5,9.0,5,Laptop & Accessory,5,Divorced,5,0,1,189.1,0,0,0,0
6,15.0,5,Laptop & Accessory,3,Single,9,0,3,153.46,0,0,0,1
3,10.0,4,Laptop & Accessory,4,Married,2,1,7,152.09,0,0,0,0
5,14.0,1,Laptop & Accessory,3,Divorced,6,0,3,151.75,0,0,0,0
1,6.0,5,Mobile Phone,3,Single,3,0,3,155.33,0,0,0,0
11,17.0,4,Mobile Phone,5,Married,2,1,4,152.82,0,0,0,0
10,25.0,3,Fashion,4,Single,2,1,9,176.42,0,0,0,0
27,9.0,5,Grocery,1,Married,4,0,8,279.27,0,0,0,0
11,13.0,4,Mobile Phone,4,Single,2,0,3,124.4,0,1,0,0
1,10.0,4,Mobile Phone,5,Single,2,0,5,156.02,0,0,0,1
27,13.0,4,Laptop & Accessory,1,Single,4,0,3,149.5,0,0,0,0
5,16.0,3,Laptop & Accessory,1,Single,2,0,8,153.96,0,0,0,0
17,6.0,4,Laptop & Accessory,3,Single,5,0,2,159.85,0,0,0,0
28,14.0,4,Grocery,4,Married,2,1,0,235.77,0,0,0,0
6,17.0,4,Laptop & Accessory,1,Single,3,0,9,178.96,0,0,0,0
1,7.0,5,Mobile Phone,4,Single,3,0,1,153.36,0,0,0,0
3,28.0,3,Fashion,5,Married,1,0,8,184.12,0,0,0,0
0,23.0,5,Mobile Phone,3,Married,2,0,2,123.05,1,0,0,0
16,12.0,4,Grocery,2,Married,5,1,0,266.27,0,0,0,0
14,9.0,5,Mobile Phone,3,Single,4,0,3,153.09,0,0,0,0
13,8.0,3,Mobile Phone,5,Married,5,0,2,133.77,0,0,0,0
9,12.0,5,Mobile Phone,3,Married,2,0,7,127.41,0,0,0,0
17,8.0,3,Fashion,3,Single,6,1,2,202.09,0,0,0,0
16,12.0,4,Grocery,1,Married,5,1,0,266.27,0,0,0,0
19,9.0,3,Grocery,3,Divorced,4,0,9,274.65,0,0,0,0
16,13.0,3,Mobile Phone,2,Single,1,0,7,124.55,0,1,0,0
6,31.0,3,Laptop & Accessory,3,Divorced,2,0,1,145.39,0,0,0,0
14,12.0,4,Laptop & Accessory,4,Single,7,1,2,160.32,0,0,0,0
8,13.0,4,Mobile Phone,1,Married,2,0,1,126.9,0,0,0,0
9,16.0,3,Fashion,1,Single,2,0,7,199.8,0,0,0,0
18,13.0,3,Fashion,5,Married,3,0,0,197.24,0,0,0,0
0,8.0,3,Laptop & Accessory,1,Married,1,0,2,142.27,0,0,0,0
0,7.0,3,Mobile Phone,3,Married,2,0,1,112.23,1,0,0,0
0,10.0,3,Mobile Phone,1,Married,2,0,0,119.51,1,0,0,0
3,13.0,5,Mobile Phone,4,Married,3,0,1,153.04,0,0,0,0
4,25.0,4,Mobile Phone,3,Single,3,0,5,151.32,0,0,0,0
11,7.0,5,Laptop & Accessory,3,Married,3,0,8,184.93,0,0,0,0
1,29.0,4,Mobile Phone,3,Divorced,6,1,2,146.32,0,0,0,1
16,30.0,3,Fashion,5,Single,7,1,2,204.48,0,0,0,1
7,16.0,1,Laptop & Accessory,1,Married,2,0,2,147.24,0,0,0,0
5,19.0,4,Mobile Phone,1,Married,10,1,3,164.29,0,0,0,0
1,25.0,4,Laptop & Accessory,3,Divorced,2,1,3,171.14,0,0,0,1
4,10.0,4,Mobile Phone,3,Married,3,0,1,145.83,0,0,0,0
0,16.0,3,Mobile Phone,4,Married,2,0,0,120.08,1,0,0,0
8,10.0,3,Laptop & Accessory,3,Single,2,1,1,142.49,0,0,0,0
0,13.0,3,Mobile Phone,5,Married,2,1,0,123.98,0,1,0,1
5,12.0,3,Laptop & Accessory,3,Single,2,0,7,150.1,0,0,0,0
0,26.0,3,Fashion,3,Married,4,0,0,198.24,0,0,0,1
1,19.0,5,Mobile Phone,5,Married,3,0,1,145.33,0,0,0,1
11,31.0,4,Fashion,4,Divorced,4,0,3,220.61,0,0,1,0
2,9.0,3,Laptop & Accessory,3,Divorced,2,0,2,155.61,0,0,0,0
11,9.0,3,Laptop & Accessory,3,Single,4,1,2,143.17,0,0,0,0
11,7.0,4,Fashion,1,Married,4,1,3,261.03,0,0,0,0
15,8.0,3,Mobile Phone,3,Married,1,1,0,126.96,0,0,0,0
4,34.0,4,Laptop & Accessory,2,Married,9,0,8,178.04,0,0,0,0
19,9.0,4,Laptop & Accessory,4,Married,2,0,8,173.05,0,0,0,0
0,13.0,3,Mobile Phone,3,Divorced,2,0,2,126.1,0,1,0,1
10,13.0,3,Fashion,3,Single,5,0,2,236.64,0,0,0,0
3,16.0,4,Mobile Phone,3,Married,11,0,3,154.74,0,0,0,0
7,30.0,4,Fashion,1,Single,3,1,13,259.58,0,0,0,0
21,12.0,4,Others,3,Married,6,0,2,308.0,0,0,0,0
19,8.0,3,Grocery,3,Married,7,0,1,278.61,0,0,0,0
4,9.0,5,Laptop & Accessory,1,Married,3,0,9,166.52,0,0,0,0
21,9.0,4,Laptop & Accessory,4,Married,9,0,1,174.78,0,0,0,0
1,36.0,6,Laptop & Accessory,5,Single,10,0,3,174.69,0,0,0,1
19,24.0,3,Laptop & Accessory,3,Married,3,0,8,148.1,0,0,0,0
51,7.0,2,Laptop & Accessory,3,Divorced,2,0,9,174.0,0,0,0,0
13,8.0,1,Laptop & Accessory,4,Divorced,2,0,7,142.44,0,0,0,0
8,31.0,4,Laptop & Accessory,2,Single,5,0,2,136.81,0,0,0,0
12,7.0,5,Laptop & Accessory,1,Single,6,0,3,211.86,0,0,1,0
15,32.0,3,Grocery,4,Married,6,0,8,235.25,0,0,0,0
1,7.0,4,Mobile Phone,3,Single,2,0,6,145.58,0,0,0,1
0,11.0,3,Mobile Phone,1,Single,2,0,0,110.51,0,0,0,0
8,22.0,4,Fashion,4,Single,2,0,3,186.06,0,0,0,0
22,13.0,3,Fashion,4,Married,4,0,7,204.66,0,0,0,0
9,15.0,4,Laptop & Accessory,3,Married,3,0,10,166.48,0,0,0,0
3,9.0,4,Laptop & Accessory,1,Married,3,0,3,213.53,0,0,1,0
12,17.0,3,Fashion,2,Divorced,2,0,7,176.54,0,0,0,1
19,14.0,4,Mobile Phone,3,Divorced,6,1,3,169.77,0,0,0,0
19,27.0,4,Laptop & Accessory,3,Single,10,0,2,173.5,0,0,0,0
26,13.0,1,Grocery,3,Married,4,0,3,248.14,0,0,0,0
20,10.0,4,Fashion,4,Married,9,1,10,203.33,0,0,0,0
9,14.0,4,Mobile Phone,3,Married,3,0,1,149.04,0,0,0,0
17,30.0,5,Mobile Phone,3,Single,3,0,4,137.08,0,0,0,0
8,17.0,4,Mobile Phone,3,Single,3,1,3,154.36,0,0,0,1
7,13.0,3,Mobile Phone,4,Married,2,1,3,123.42,0,1,0,1
1,22.0,4,Mobile Phone,1,Single,3,0,1,137.32,0,0,0,0
12,24.0,3,Laptop & Accessory,3,Single,1,0,7,145.34,0,0,0,0
9,7.0,4,Fashion,4,Divorced,3,0,7,197.95,0,0,0,0
2,13.0,3,Mobile Phone,3,Single,2,0,0,126.42,0,1,0,0
4,9.0,4,Mobile Phone,4,Married,3,0,1,149.76,0,0,0,0
29,8.0,2,Grocery,1,Married,4,0,1,272.32,0,0,0,0
1,14.0,4,Mobile Phone,3,Divorced,3,1,3,153.86,0,0,0,1
20,20.0,4,Laptop & Accessory,4,Single,8,0,10,180.62,0,0,0,0
10,7.0,4,Laptop & Accessory,1,Married,2,0,11,164.74,0,0,0,0
1,7.0,4,Laptop & Accessory,4,Divorced,2,1,5,188.49,0,0,0,0
9,9.0,5,Fashion,4,Married,4,0,3,227.74,0,0,1,0
4,30.0,4,Laptop & Accessory,5,Single,2,0,8,168.12,0,0,0,0
4,11.0,3,Laptop & Accessory,3,Married,2,0,2,183.46,0,0,0,0
10,6.0,4,Laptop & Accessory,3,Married,2,0,7,159.93,0,0,0,0
13,7.0,3,Grocery,5,Married,3,0,16,268.23,0,0,0,0
1,17.0,5,Mobile Phone,5,Single,8,1,1,149.04,0,0,0,1
8,6.0,3,Fashion,4,Married,2,0,6,172.95,0,0,0,0
11,13.0,1,Mobile Phone,3,Married,2,0,3,126.1,0,1,0,0
1,16.0,4,Mobile Phone,2,Single,3,0,3,151.1,0,0,0,0
15,15.0,3,Mobile Phone,1,Single,2,0,8,136.73,0,0,0,0
24,9.0,3,Fashion,3,Married,3,0,3,231.16,0,0,1,0
30,7.0,4,Mobile Phone,5,Divorced,4,0,1,145.66,0,0,0,0
1,25.0,2,Laptop & Accessory,3,Married,4,0,3,187.32,0,0,0,0
1,16.0,4,Mobile Phone,5,Single,3,0,3,152.28,0,0,0,0
20,10.0,4,Grocery,3,Married,5,0,10,299.65,0,0,0,0
0,18.0,3,Laptop & Accessory,1,Single,4,1,7,145.81,0,0,0,1
1,23.0,4,Mobile Phone,4,Married,4,1,3,148.73,0,0,0,1
6,22.0,3,Laptop & Accessory,1,Married,2,1,2,153.68,0,0,0,0
17,13.0,5,Laptop & Accessory,3,Single,3,1,9,165.81,0,0,0,0
7,9.0,4,Mobile Phone,1,Single,2,0,3,150.0,0,0,0,0
13,7.0,3,Laptop & Accessory,1,Married,5,0,3,165.13,0,0,0,0
5,14.0,4,Fashion,5,Married,4,0,3,221.37,0,0,1,0
0,8.0,4,Mobile Phone,1,Single,2,0,0,111.02,0,0,0,1
16,33.0,3,Fashion,5,Divorced,9,0,1,208.2,0,0,0,0
17,17.0,5,Laptop & Accessory,3,Married,3,0,1,177.57,0,0,0,0
9,7.0,6,Mobile Phone,1,Married,3,0,2,154.77,0,0,0,0
14,16.0,4,Mobile Phone,4,Married,10,1,1,161.17,0,0,0,0
9,23.0,4,Laptop & Accessory,4,Married,3,0,3,155.07,0,0,0,0
8,9.0,4,Laptop & Accessory,3,Single,4,0,3,165.33,0,0,0,0
7,7.0,3,Fashion,1,Single,2,0,1,198.88,0,0,0,0
1,30.0,5,Fashion,5,Married,3,0,11,198.36,0,0,0,1
19,33.0,5,Laptop & Accessory,5,Married,3,0,6,168.85,0,0,0,0
1,33.0,4,Laptop & Accessory,1,Married,3,1,9,181.17,0,0,0,1
8,7.0,5,Fashion,5,Divorced,11,0,3,229.82,0,0,1,1
6,20.0,3,Mobile Phone,4,Married,2,0,6,127.56,0,0,0,0
13,12.0,3,Grocery,3,Single,8,0,13,232.37,0,0,0,0
13,8.0,1,Laptop & Accessory,3,Married,6,0,8,163.77,0,0,0,0
12,10.0,4,Fashion,3,Married,2,0,3,231.09,0,0,1,0
10,20.0,4,Mobile Phone,4,Divorced,5,0,5,146.43,0,0,0,0
1,30.0,5,Laptop & Accessory,3,Married,3,0,9,160.4,0,0,0,0
4,16.0,3,Fashion,3,Married,5,0,3,210.31,0,0,1,0
8,31.0,4,Fashion,4,Married,4,0,8,209.03,0,0,0,0
6,11.0,4,Mobile Phone,4,Divorced,4,0,3,164.31,0,0,0,0
5,13.0,3,Mobile Phone,5,Single,2,0,2,124.39,0,1,0,0
17,32.0,5,Fashion,1,Married,7,0,1,232.98,0,0,0,0
22,11.0,5,Fashion,3,Single,9,0,9,234.99,0,0,0,0
8,16.0,3,Mobile Phone,2,Married,2,0,2,139.17,0,0,0,0
7,13.0,3,Mobile Phone,3,Married,2,1,6,125.79,0,1,0,0
21,10.0,3,Fashion,1,Single,2,0,8,178.98,0,0,0,0
0,16.0,4,Fashion,5,Married,10,0,0,203.06,0,0,0,1
0,9.0,3,Laptop & Accessory,3,Married,1,0,2,149.99,0,0,0,0
0,7.0,4,Laptop & Accessory,3,Single,2,0,2,146.17,0,0,0,0
16,12.0,4,Others,3,Divorced,8,0,1,308.03,0,0,0,0
13,17.0,4,Fashion,3,Single,9,0,3,259.64,0,0,0,0
0,13.0,3,Mobile Phone,5,Single,4,1,3,121.66,1,0,0,1
19,32.0,4,Others,4,Single,5,0,1,305.61,0,0,0,0
12,7.0,5,Laptop & Accessory,2,Single,6,0,3,211.86,0,0,1,0
1,28.0,2,Mobile Phone,2,Single,3,0,3,151.78,0,0,0,0
24,7.0,4,Others,4,Married,5,1,8,306.72,0,0,0,0
18,15.0,2,Mobile Phone,2,Divorced,4,1,3,153.18,0,0,0,0
0,30.0,4,Mobile Phone,3,Single,6,1,3,120.28,1,0,0,1
16,11.0,4,Others,2,Divorced,3,0,16,317.32,0,0,0,0
5,15.0,4,Fashion,1,Married,3,0,10,232.93,0,0,0,0
9,13.0,1,Laptop & Accessory,1,Married,5,0,3,125.71,0,1,0,0
10,9.0,4,Laptop & Accessory,4,Married,6,1,1,194.62,0,0,0,0
0,9.0,4,Mobile Phone,3,Single,2,0,0,132.3,0,0,0,0
20,14.0,4,Fashion,3,Married,8,0,8,233.45,0,0,0,0
3,9.0,4,Mobile Phone,4,Married,2,0,5,152.03,0,0,0,0
3,17.0,5,Laptop & Accessory,3,Single,11,0,5,183.69,0,0,0,0
16,15.0,4,Mobile Phone,3,Single,6,0,1,164.68,0,0,0,0
9,23.0,5,Fashion,4,Single,3,0,3,211.06,0,0,1,0
11,36.0,4,Fashion,4,Divorced,3,1,10,243.49,0,0,0,1
16,9.0,4,Grocery,5,Married,2,0,8,301.65,0,0,0,0
1,7.0,2,Fashion,4,Single,3,0,8,199.46,0,0,0,1
1,7.0,4,Fashion,5,Divorced,3,0,8,199.12,0,0,0,0
15,12.0,2,Mobile Phone,3,Divorced,4,1,4,146.27,0,0,0,0
5,11.0,3,Laptop & Accessory,4,Divorced,2,0,3,165.24,0,0,0,0
1,9.0,4,Laptop & Accessory,3,Single,3,1,5,169.78,0,0,0,0
8,22.0,4,Laptop & Accessory,5,Single,3,0,7,186.25,0,0,0,0
1,11.0,5,Mobile Phone,1,Married,2,0,5,156.62,0,0,0,0
1,15.0,5,Mobile Phone,4,Single,3,0,1,137.61,0,0,0,1
1,24.0,4,Mobile Phone,3,Married,2,1,1,152.41,0,0,0,1
22,9.0,4,Laptop & Accessory,5,Divorced,5,0,2,147.89,0,0,0,0
1,7.0,5,Mobile Phone,3,Married,3,0,4,145.07,0,0,0,0
11,31.0,4,Fashion,4,Married,4,0,3,220.61,0,0,1,0
9,24.0,3,Laptop & Accessory,2,Single,3,0,9,177.79,0,0,0,0
10,19.0,4,Laptop & Accessory,3,Married,11,1,2,171.63,0,0,0,0
0,28.0,4,Mobile Phone,4,Married,2,0,0,128.63,0,0,0,1
5,7.0,5,Mobile Phone,5,Married,3,0,3,147.18,0,0,0,0
1,35.0,5,Laptop & Accessory,5,Single,5,0,4,167.84,0,0,0,1
10,25.0,4,Mobile Phone,1,Single,3,0,8,146.53,0,0,0,0
0,7.0,3,Mobile Phone,5,Single,3,0,2,120.8,1,0,0,0
13,10.0,3,Others,3,Divorced,2,0,9,290.33,0,0,0,0
5,18.0,4,Mobile Phone,1,Married,5,1,3,148.56,0,0,0,0
31,10.0,2,Mobile Phone,5,Married,6,1,1,151.7,0,0,0,0
13,22.0,3,Mobile Phone,3,Married,10,0,0,135.44,0,0,0,0
1,15.0,4,Mobile Phone,3,Single,3,0,1,144.04,0,0,0,1
0,6.0,3,Mobile Phone,1,Single,2,1,8,126.86,0,0,0,1
8,13.0,3,Mobile Phone,3,Divorced,2,0,0,124.04,0,1,0,0
1,31.0,5,Mobile Phone,3,Single,7,1,4,145.28,0,0,0,1
15,10.0,5,Laptop & Accessory,4,Married,4,0,3,214.38,0,0,1,0
18,16.0,4,Mobile Phone,5,Divorced,3,1,2,150.59,0,0,0,0
13,25.0,4,Laptop & Accessory,3,Single,2,0,8,170.34,0,0,0,0
23,6.0,3,Grocery,2,Married,10,0,3,273.99,0,0,0,0
6,6.0,1,Laptop & Accessory,4,Divorced,2,1,2,154.88,0,0,0,0
16,8.0,3,Mobile Phone,1,Single,1,0,8,135.39,0,0,0,0
5,9.0,4,Mobile Phone,3,Married,2,0,3,155.67,0,0,0,0
1,15.0,5,Laptop & Accessory,5,Single,8,0,3,178.26,0,0,0,1
11,13.0,2,Laptop & Accessory,5,Married,6,1,8,184.74,0,0,0,0
23,14.0,5,Fashion,3,Single,10,0,1,170.0,0,0,0,0
1,36.0,4,Laptop & Accessory,3,Married,7,0,1,168.06,0,0,0,0
4,30.0,3,Laptop & Accessory,1,Single,3,0,4,152.38,0,0,0,0
0,17.0,3,Mobile Phone,4,Divorced,2,0,2,122.44,1,0,0,0
26,14.0,3,Grocery,1,Married,6,0,3,218.36,0,0,1,0
10,19.0,5,Fashion,1,Single,2,0,3,213.58,0,0,1,0
3,9.0,4,Laptop & Accessory,3,Divorced,3,0,3,171.49,0,0,0,0
30,21.0,3,Grocery,3,Married,3,1,2,257.87,0,0,0,0
0,13.0,3,Mobile Phone,4,Single,1,0,2,124.22,0,1,0,1
16,8.0,3,Laptop & Accessory,1,Married,2,0,7,156.75,0,0,0,0
6,19.0,3,Mobile Phone,2,Single,4,0,2,134.52,0,0,0,0
13,15.0,3,Mobile Phone,4,Married,9,1,0,136.17,0,0,0,0
0,8.0,3,Mobile Phone,1,Married,2,0,2,120.14,1,0,0,0
31,10.0,5,Mobile Phone,2,Divorced,5,0,1,146.77,0,0,0,0
1,16.0,4,Mobile Phone,5,Divorced,3,0,3,150.0,0,0,0,0
11,28.0,4,Mobile Phone,2,Divorced,7,0,1,154.73,0,0,0,0
16,33.0,1,Mobile Phone,4,Married,6,0,2,148.76,0,0,0,0
25,7.0,5,Fashion,5,Single,5,0,9,199.84,0,0,0,0
8,24.0,3,Fashion,1,Single,3,0,2,193.62,0,0,0,0
4,13.0,3,Laptop & Accessory,2,Married,5,0,7,175.47,0,0,0,0
2,8.0,4,Mobile Phone,1,Married,3,0,4,145.44,0,0,0,0
24,6.0,3,Mobile Phone,2,Divorced,2,0,0,127.23,0,0,0,0
8,31.0,4,Mobile Phone,3,Married,5,1,1,156.61,0,0,0,1
14,16.0,3,Laptop & Accessory,2,Single,8,0,10,162.3,0,0,0,0
22,14.0,4,Grocery,4,Married,7,0,3,231.2,0,0,1,0
12,9.0,4,Fashion,4,Single,9,0,1,198.51,0,0,0,0
10,22.0,6,Laptop & Accessory,1,Married,3,0,12,179.06,0,0,0,0
4,14.0,3,Fashion,2,Married,2,0,9,207.93,0,0,0,0
10,9.0,4,Mobile Phone,3,Single,6,0,10,150.19,0,0,0,0
10,13.0,3,Mobile Phone,1,Married,2,1,2,123.26,0,1,0,0
0,16.0,3,Laptop & Accessory,5,Single,2,0,8,142.13,0,0,0,1
2,26.0,5,Mobile Phone,5,Divorced,3,0,4,156.96,0,0,0,0
11,15.0,3,Mobile Phone,1,Married,3,0,3,147.71,0,0,0,0
21,35.0,3,Fashion,3,Married,4,0,3,225.04,0,0,1,0
3,31.0,3,Laptop & Accessory,3,Divorced,8,1,2,147.36,0,0,0,0
22,12.0,4,Grocery,3,Married,3,1,12,239.66,0,0,0,0
1,13.0,4,Mobile Phone,5,Single,4,0,4,154.6,0,0,0,1
11,12.0,4,Laptop & Accessory,2,Married,9,0,5,188.47,0,0,0,0
0,23.0,4,Laptop & Accessory,3,Married,2,0,2,143.77,0,0,0,0
8,9.0,3,Fashion,2,Married,7,0,8,178.23,0,0,0,0
15,14.0,2,Mobile Phone,3,Divorced,3,0,9,158.76,0,0,0,0
0,6.0,4,Mobile Phone,3,Single,1,1,2,137.3,0,0,0,1
18,15.0,4,Laptop & Accessory,3,Married,2,0,12,155.93,0,0,0,0
13,26.0,4,Laptop & Accessory,1,Married,10,0,3,164.02,0,0,0,0
24,36.0,5,Grocery,3,Married,2,0,8,295.46,0,0,0,0
9,8.0,3,Laptop & Accessory,4,Married,5,1,0,169.62,0,0,0,0
12,36.0,4,Laptop & Accessory,2,Divorced,5,0,8,187.61,0,0,0,0
5,13.0,3,Mobile Phone,4,Divorced,2,0,7,123.7,0,1,0,0
0,26.0,3,Laptop & Accessory,3,Single,2,0,7,199.81,0,0,0,0
0,11.0,4,Laptop & Accessory,3,Single,2,1,3,157.44,0,0,0,1
12,7.0,4,Mobile Phone,5,Single,5,0,1,151.19,0,0,0,0
0,24.0,1,Laptop & Accessory,3,Married,3,0,2,162.32,0,0,0,0
9,25.0,2,Laptop & Accessory,5,Married,3,0,11,177.08,0,0,0,0
9,8.0,4,Fashion,3,Married,2,0,0,175.96,0,0,0,0
2,8.0,3,Grocery,2,Married,8,0,3,221.69,0,0,1,1
5,6.0,3,Laptop & Accessory,5,Married,5,0,2,140.87,0,0,0,0
11,6.0,3,Laptop & Accessory,1,Married,8,0,9,147.35,0,0,0,0
5,16.0,3,Fashion,1,Single,3,0,3,212.44,0,0,1,0
19,9.0,5,Laptop & Accessory,1,Married,3,0,10,182.7,0,0,0,0
0,13.0,3,Mobile Phone,3,Married,4,1,7,133.39,0,0,0,1
3,6.0,4,Fashion,3,Single,2,0,8,184.74,0,0,0,0
7,23.0,4,Laptop & Accessory,1,Married,3,1,3,178.68,0,0,0,0
6,10.0,4,Laptop & Accessory,5,Married,3,0,4,192.25,0,0,0,0
15,34.0,4,Laptop & Accessory,2,Divorced,1,0,4,145.23,0,0,0,0
11,7.0,5,Mobile Phone,5,Married,4,0,3,164.2,0,0,0,0
6,21.0,3,Laptop & Accessory,1,Married,1,1,1,12.0,0,0,0,0
0,30.0,4,Fashion,5,Single,2,0,9,187.22,0,0,0,1
14,9.0,4,Laptop & Accessory,4,Married,5,0,11,181.77,0,0,0,0
23,34.0,3,Grocery,5,Married,5,1,2,268.8,0,0,0,0
27,30.0,4,Grocery,1,Single,8,0,9,267.75,0,0,0,0
5,25.0,2,Mobile Phone,3,Married,7,1,2,127.59,0,0,0,1
13,7.0,3,Fashion,2,Married,2,0,3,221.13,0,0,1,0
18,31.0,3,Others,4,Single,4,0,0,280.61,0,0,0,0
1,6.0,3,Mobile Phone,5,Married,2,0,2,135.91,0,0,0,0
8,16.0,3,Laptop & Accessory,3,Single,4,1,4,161.42,0,0,0,0
15,18.0,3,Mobile Phone,4,Married,9,0,4,127.66,0,0,0,0
15,14.0,4,Laptop & Accessory,3,Single,8,0,2,175.03,0,0,0,0
0,15.0,3,Mobile Phone,5,Single,3,1,0,131.72,0,0,0,1
3,16.0,5,Mobile Phone,2,Single,2,0,3,164.83,0,0,0,0
10,15.0,2,Fashion,5,Married,11,0,6,242.13,0,0,0,0
1,14.0,4,Mobile Phone,4,Single,3,0,1,151.79,0,0,0,1
28,26.0,4,Fashion,4,Divorced,4,0,2,232.25,0,0,0,0
3,13.0,3,Laptop & Accessory,3,Married,2,0,9,134.91,0,0,0,0
0,8.0,3,Mobile Phone,3,Married,7,0,2,122.31,1,0,0,0
2,16.0,4,Laptop & Accessory,1,Single,3,0,8,177.53,0,0,0,0
14,27.0,4,Fashion,2,Divorced,6,0,3,228.22,0,0,1,0
8,34.0,1,Laptop & Accessory,3,Married,2,0,8,134.07,0,0,0,0
10,7.0,4,Laptop & Accessory,1,Single,6,0,1,191.53,0,0,0,0
31,14.0,2,Laptop & Accessory,1,Married,2,1,10,177.2,0,0,0,0
1,15.0,3,Laptop & Accessory,2,Single,2,0,7,152.53,0,0,0,0
8,28.0,5,Mobile Phone,3,Single,1,0,3,142.3,0,0,0,0
10,31.0,3,Laptop & Accessory,3,Divorced,4,1,7,144.49,0,0,0,0
14,7.0,5,Grocery,4,Married,3,0,12,260.03,0,0,0,0
4,22.0,5,Fashion,5,Married,4,0,8,196.4,0,0,0,0
2,9.0,4,Laptop & Accessory,4,Divorced,3,1,6,172.79,0,0,0,0
4,24.0,4,Fashion,5,Divorced,3,1,9,244.16,0,0,0,0
0,13.0,3,Mobile Phone,1,Married,1,0,1,125.23,0,1,0,0
3,13.0,3,Laptop & Accessory,5,Married,8,0,2,147.79,0,0,0,0
9,9.0,4,Fashion,1,Married,5,0,12,196.99,0,0,0,0
0,13.0,3,Mobile Phone,2,Divorced,6,1,4,124.36,0,1,0,1
10,9.0,5,Fashion,3,Married,3,0,1,200.96,0,0,0,0
0,12.0,3,Mobile Phone,5,Married,5,1,2,120.73,1,0,0,1
24,15.0,3,Others,4,Married,5,1,10,298.47,0,0,0,0
8,28.0,1,Fashion,4,Married,8,0,3,219.96,0,0,1,0
0,6.0,3,Mobile Phone,3,Single,1,0,5,120.58,1,0,0,1
1,20.0,4,Laptop & Accessory,3,Single,5,1,3,223.54,0,0,1,1
0,8.0,3,Mobile Phone,1,Single,2,1,3,137.6,0,0,0,0
24,7.0,4,Others,2,Married,5,0,7,320.17,0,0,0,0
6,13.0,4,Mobile Phone,4,Married,7,0,1,126.22,0,1,0,0
9,9.0,4,Fashion,2,Divorced,5,0,12,196.99,0,0,0,0
8,7.0,4,Laptop & Accessory,1,Married,1,0,0,153.63,0,0,0,0
7,14.0,4,Laptop & Accessory,3,Married,3,0,9,184.68,0,0,0,0
8,10.0,4,Mobile Phone,5,Divorced,6,0,3,148.62,0,0,0,1
4,15.0,2,Fashion,5,Divorced,2,1,8,239.16,0,0,0,0
10,11.0,1,Mobile Phone,3,Single,1,0,3,135.0,0,0,0,0
23,28.0,5,Grocery,1,Single,2,1,9,244.11,0,0,0,0
17,9.0,4,Laptop & Accessory,1,Married,3,1,9,203.47,0,0,0,0
6,12.0,2,Mobile Phone,4,Married,2,1,6,157.98,0,0,0,0
5,11.0,4,Laptop & Accessory,1,Single,9,0,0,196.79,0,0,0,0
1,8.0,4,Mobile Phone,1,Married,11,1,3,172.87,0,0,0,1
9,6.0,4,Fashion,5,Married,3,0,3,215.69,0,0,1,0
0,16.0,3,Mobile Phone,1,Married,1,0,1,121.45,1,0,0,0
12,9.0,4,Mobile Phone,1,Single,7,1,3,164.44,0,0,0,0
1,11.0,5,Laptop & Accessory,2,Single,3,1,5,183.28,0,0,0,1
12,15.0,3,Laptop & Accessory,5,Married,2,0,9,151.51,0,0,0,0
0,13.0,5,Mobile Phone,2,Single,2,1,0,123.4,0,1,0,1
24,10.0,4,Others,4,Married,3,0,8,307.0,0,0,0,0
8,7.0,5,Mobile Phone,2,Divorced,3,1,4,161.22,0,0,0,0
10,10.0,4,Laptop & Accessory,4,Single,5,1,3,217.78,0,0,1,0
0,9.0,3,Mobile Phone,5,Single,2,1,7,133.48,0,0,0,1
16,36.0,4,Laptop & Accessory,4,Married,3,0,9,169.34,0,0,0,0
4,8.0,4,Mobile Phone,3,Married,2,0,4,145.64,0,0,0,0
25,9.0,4,Grocery,5,Divorced,2,0,16,268.56,0,0,0,0
12,25.0,6,Laptop & Accessory,1,Married,5,1,1,183.11,0,0,0,0
0,6.0,4,Mobile Phone,4,Single,2,1,2,120.7,1,0,0,0
7,7.0,5,Mobile Phone,5,Single,5,1,3,152.99,0,0,0,0
2,8.0,5,Laptop & Accessory,1,Married,3,1,8,193.34,0,0,0,0
9,14.0,3,Laptop & Accessory,2,Married,5,0,7,150.79,0,0,0,0
23,18.0,4,Laptop & Accessory,1,Single,5,0,5,170.07,0,0,0,0
1,9.0,5,Mobile Phone,1,Single,3,0,1,136.02,0,0,0,1
0,13.0,3,Mobile Phone,1,Single,2,0,4,126.47,0,1,0,0
1,18.0,4,Laptop & Accessory,5,Divorced,3,1,4,172.41,0,0,0,0
1,9.0,3,Mobile Phone,4,Married,2,0,0,128.56,0,0,0,0
1,11.0,2,Laptop & Accessory,4,Married,3,1,4,186.42,0,0,0,0
8,9.0,5,Laptop & Accessory,5,Married,8,0,10,184.57,0,0,0,0
13,32.0,3,Laptop & Accessory,5,Divorced,2,0,5,183.96,0,0,0,0
0,6.0,4,Fashion,3,Divorced,6,0,7,206.09,0,0,0,1
22,6.0,3,Grocery,3,Single,5,0,0,253.79,0,0,0,0
17,14.0,4,Fashion,5,Married,10,0,3,224.85,0,0,1,0
0,8.0,3,Mobile Phone,3,Married,7,1,2,139.77,0,0,0,0
0,15.0,4,Laptop & Accessory,5,Single,8,0,3,134.07,0,0,0,1
21,13.0,3,Mobile Phone,5,Married,9,0,6,123.67,0,1,0,0
27,14.0,3,Laptop & Accessory,3,Single,8,0,0,137.8,0,0,0,0
4,18.0,3,Others,3,Divorced,2,0,8,295.45,0,0,0,1
0,22.0,3,Mobile Phone,4,Married,10,0,2,128.11,0,0,0,0
10,13.0,6,Mobile Phone,3,Married,3,0,8,152.41,0,0,0,0
10,21.0,4,Laptop & Accessory,2,Divorced,2,1,12,190.86,0,0,0,0
20,22.0,1,Laptop & Accessory,3,Married,2,1,7,150.67,0,0,0,0
11,16.0,4,Fashion,3,Married,1,1,7,187.4,0,0,0,0
0,8.0,1,Laptop & Accessory,3,Married,2,0,7,152.06,0,0,0,0
0,13.0,3,Mobile Phone,1,Married,2,1,2,122.75,1,0,0,1
1,15.0,4,Laptop & Accessory,4,Married,3,0,8,187.14,0,0,0,0
0,11.0,3,Mobile Phone,4,Single,2,1,0,118.78,1,0,0,1
1,26.0,4,Mobile Phone,1,Married,3,0,3,148.23,0,0,0,0
9,17.0,4,Laptop & Accessory,3,Single,5,1,5,186.42,0,0,0,0
0,8.0,3,Mobile Phone,3,Single,7,0,1,143.82,0,0,0,1
7,14.0,3,Laptop & Accessory,3,Single,4,0,3,161.42,0,0,0,0
10,14.0,4,Mobile Phone,4,Single,4,0,4,145.13,0,0,0,0
24,9.0,4,Others,3,Divorced,4,1,8,317.37,0,0,0,0
1,12.0,2,Mobile Phone,4,Married,3,1,3,148.28,0,0,0,0
5,8.0,6,Laptop & Accessory,5,Married,3,0,8,175.03,0,0,0,0
9,16.0,3,Fashion,3,Married,4,0,7,170.94,0,0,0,0
1,24.0,4,Mobile Phone,3,Single,3,1,8,148.94,0,0,0,1
21,28.0,3,Grocery,1,Married,4,0,7,271.74,0,0,0,0
21,11.0,5,Fashion,4,Married,10,1,3,228.33,0,0,1,0
21,32.0,4,Fashion,3,Single,4,0,3,211.33,0,0,1,0
9,12.0,1,Laptop & Accessory,5,Married,4,1,2,155.62,0,0,0,0
1,36.0,4,Mobile Phone,5,Married,3,0,3,164.07,0,0,0,0
10,27.0,3,Mobile Phone,1,Married,6,0,0,129.73,0,0,0,0
0,10.0,3,Mobile Phone,5,Single,2,0,0,129.73,0,0,0,1
11,7.0,4,Mobile Phone,2,Single,3,0,8,146.15,0,0,0,0
8,12.0,5,Fashion,5,Single,4,0,9,241.31,0,0,0,0
27,8.0,5,Grocery,3,Married,6,1,3,254.65,0,0,0,0
16,11.0,4,Laptop & Accessory,5,Single,9,0,6,176.55,0,0,0,0
6,8.0,3,Laptop & Accessory,1,Married,2,0,4,155.05,0,0,0,0
11,18.0,4,Mobile Phone,3,Single,6,0,3,161.29,0,0,0,0
0,13.0,4,Mobile Phone,5,Single,2,1,0,126.0,0,1,0,1
0,6.0,4,Mobile Phone,3,Married,2,0,3,120.07,1,0,0,0
15,13.0,4,Mobile Phone,5,Single,4,1,18,172.21,0,0,0,0
12,14.0,3,Mobile Phone,3,Married,2,0,7,137.55,0,0,0,0
8,11.0,3,Fashion,4,Single,1,0,13,180.95,0,0,0,0
0,8.0,3,Mobile Phone,4,Married,2,0,2,122.26,1,0,0,0
16,15.0,3,Laptop & Accessory,3,Married,4,1,7,156.79,0,0,0,0
25,14.0,5,Laptop & Accessory,3,Married,4,0,1,186.32,0,0,0,0
14,6.0,3,Laptop & Accessory,5,Married,1,0,7,141.03,0,0,0,0
3,27.0,4,Laptop & Accessory,2,Married,4,0,3,194.31,0,0,0,0
14,17.0,2,Mobile Phone,3,Married,5,1,8,147.13,0,0,0,0
22,17.0,3,Laptop & Accessory,1,Single,4,0,4,145.07,0,0,0,0
23,30.0,3,Grocery,3,Divorced,4,1,5,239.73,0,0,0,0
6,15.0,3,Mobile Phone,2,Divorced,1,0,10,127.81,0,0,0,0
24,27.0,4,Grocery,3,Married,4,1,14,237.45,0,0,0,0
14,13.0,3,Mobile Phone,3,Divorced,10,1,7,124.61,0,1,0,1
18,29.0,3,Laptop & Accessory,5,Married,2,1,8,136.33,0,0,0,0
1,25.0,4,Mobile Phone,5,Divorced,2,0,3,131.96,0,0,0,0
10,16.0,2,Mobile Phone,4,Married,3,0,3,153.1,0,0,0,0
9,11.0,3,Fashion,5,Married,5,0,2,180.08,0,0,0,0
0,13.0,1,Mobile Phone,5,Single,1,0,7,135.78,0,0,0,0
31,14.0,4,Others,5,Married,7,0,11,320.66,0,0,0,0
19,9.0,5,Grocery,2,Divorced,11,0,9,292.92,0,0,0,0
4,9.0,5,Laptop & Accessory,1,Single,7,1,1,193.77,0,0,0,0
6,31.0,4,Laptop & Accessory,4,Single,2,0,2,143.2,0,0,0,0
27,13.0,4,Laptop & Accessory,3,Married,4,1,6,148.06,0,0,0,0
4,13.0,5,Laptop & Accessory,2,Divorced,2,0,8,171.27,0,0,0,0
12,19.0,5,Laptop & Accessory,5,Married,4,0,3,187.88,0,0,0,0
20,20.0,3,Laptop & Accessory,5,Single,3,0,7,149.6,0,0,0,0
13,10.0,4,Fashion,1,Married,8,0,11,208.55,0,0,0,0
3,9.0,5,Laptop & Accessory,4,Married,4,0,1,191.44,0,0,0,0
17,11.0,3,Others,4,Divorced,8,0,10,282.13,0,0,0,0
13,6.0,3,Laptop & Accessory,1,Married,5,0,3,165.13,0,0,0,0
1,9.0,4,Mobile Phone,5,Divorced,8,1,3,145.42,0,0,0,1
20,7.0,3,Mobile Phone,1,Married,8,0,2,134.2,0,0,0,0
4,26.0,3,Laptop & Accessory,3,Married,2,0,0,169.32,0,0,0,0
13,15.0,3,Laptop & Accessory,5,Married,1,0,1,154.73,0,0,0,0
14,8.0,4,Laptop & Accessory,1,Married,6,0,4,190.13,0,0,0,0
11,10.0,4,Fashion,3,Divorced,3,0,3,219.34,0,0,1,0
18,32.0,4,Laptop & Accessory,5,Married,2,0,5,143.85,0,0,0,0
24,27.0,3,Laptop & Accessory,1,Single,1,1,0,154.41,0,0,0,0
1,22.0,2,Laptop & Accessory,5,Single,1,0,7,156.61,0,0,0,0
29,14.0,3,Mobile Phone,5,Married,5,1,2,142.57,0,0,0,0
0,15.0,3,Mobile Phone,5,Single,4,0,0,120.18,1,0,0,1
10,9.0,3,Laptop & Accessory,4,Single,4,0,1,141.07,0,0,0,0
28,10.0,4,Laptop & Accessory,5,Divorced,4,0,6,184.4,0,0,0,0
12,13.0,5,Laptop & Accessory,3,Married,4,0,8,178.21,0,0,0,0
1,28.0,5,Mobile Phone,4,Single,3,1,1,146.21,0,0,0,1
10,14.0,2,Laptop & Accessory,5,Married,4,0,14,171.39,0,0,0,0
1,20.0,4,Laptop & Accessory,5,Married,4,0,3,167.33,0,0,0,1
19,14.0,4,Fashion,5,Married,4,0,3,222.24,0,0,1,0
7,15.0,4,Fashion,4,Single,2,0,7,186.21,0,0,0,0
4,26.0,3,Laptop & Accessory,3,Divorced,2,0,0,169.32,0,0,0,0
1,27.0,4,Laptop & Accessory,3,Single,3,0,3,224.81,0,0,1,0
8,7.0,5,Laptop & Accessory,5,Single,2,0,10,178.43,0,0,0,0
3,30.0,2,Mobile Phone,3,Divorced,3,0,8,152.0,0,0,0,0
11,23.0,5,Laptop & Accessory,3,Married,6,0,1,188.34,0,0,0,0
13,22.0,3,Fashion,1,Single,7,1,3,179.45,0,0,0,0
3,17.0,4,Mobile Phone,3,Single,3,0,1,151.42,0,0,0,0
31,16.0,5,Mobile Phone,4,Divorced,6,1,1,158.46,0,0,0,0
10,15.0,3,Fashion,4,Married,2,0,7,188.34,0,0,0,0
1,30.0,4,Fashion,5,Married,11,1,3,224.5,0,0,1,1
1,16.0,4,Mobile Phone,5,Single,4,1,1,156.72,0,0,0,1
9,15.0,4,Laptop & Accessory,4,Married,3,1,2,188.47,0,0,0,0
11,11.0,4,Mobile Phone,2,Married,6,0,9,25.0,0,0,0,0
28,10.0,4,Grocery,1,Married,5,0,10,302.79,0,0,0,0
11,6.0,1,Mobile Phone,3,Married,2,0,0,128.44,0,0,0,0
10,10.0,2,Laptop & Accessory,5,Married,8,0,5,193.42,0,0,0,0
26,13.0,2,Grocery,3,Divorced,4,0,3,248.14,0,0,0,0
23,6.0,3,Others,4,Married,4,1,7,281.72,0,0,0,0
22,6.0,4,Grocery,3,Single,8,1,7,239.64,0,0,0,0
10,11.0,4,Laptop & Accessory,4,Married,9,0,3,176.31,0,0,0,0
1,21.0,5,Mobile Phone,4,Married,3,1,3,162.43,0,0,0,1
10,8.0,3,Laptop & Accessory,3,Divorced,5,1,0,196.02,0,0,0,0
4,13.0,4,Fashion,3,Divorced,2,0,9,189.43,0,0,0,0
8,6.0,3,Laptop & Accessory,3,Single,2,0,3,148.59,0,0,0,0
12,8.0,5,Mobile Phone,5,Single,6,0,1,153.58,0,0,0,0
1,9.0,4,Mobile Phone,5,Married,9,0,8,152.07,0,0,0,1
7,21.0,4,Mobile Phone,4,Married,3,0,7,152.56,0,0,0,0
19,36.0,4,Fashion,1,Married,6,1,3,218.8,0,0,1,0
1,9.0,4,Mobile Phone,1,Married,2,0,2,150.23,0,0,0,0
10,25.0,4,Laptop & Accessory,2,Single,4,0,10,202.79,0,0,0,0
12,9.0,2,Laptop & Accessory,4,Divorced,10,0,6,163.89,0,0,0,0
9,7.0,4,Laptop & Accessory,3,Single,3,0,4,173.59,0,0,0,0
8,15.0,2,Laptop & Accessory,3,Married,3,0,9,192.99,0,0,0,0
12,8.0,4,Laptop & Accessory,1,Married,9,0,10,172.35,0,0,0,0
1,15.0,6,Mobile Phone,3,Divorced,3,0,3,171.21,0,0,0,0
28,12.0,4,Others,5,Married,6,0,3,319.06,0,0,0,0
2,7.0,6,Laptop & Accessory,2,Divorced,2,0,6,191.74,0,0,0,0
3,6.0,3,Mobile Phone,4,Married,2,0,7,137.48,0,0,0,0
4,17.0,5,Laptop & Accessory,3,Divorced,3,0,5,190.78,0,0,0,0
0,13.0,4,Mobile Phone,1,Single,2,1,1,123.89,0,1,0,1
14,17.0,5,Fashion,4,Married,4,0,3,222.05,0,0,1,0
17,13.0,4,Fashion,1,Married,4,0,17,202.48,0,0,0,0
7,6.0,4,Fashion,3,Divorced,2,1,6,170.83,0,0,0,0
8,8.0,3,Laptop & Accessory,4,Single,6,0,2,144.25,0,0,0,0
16,9.0,4,Grocery,5,Divorced,2,0,8,301.65,0,0,0,0
20,8.0,2,Grocery,5,Single,3,0,13,300.67,0,0,0,0
10,13.0,3,Mobile Phone,2,Divorced,2,1,2,123.26,0,1,0,0
29,33.0,2,Others,4,Married,6,1,5,321.36,0,0,0,0
27,17.0,3,Grocery,1,Married,4,0,12,260.32,0,0,0,0
3,9.0,5,Mobile Phone,5,Single,4,1,1,161.46,0,0,0,1
0,10.0,1,Laptop & Accessory,4,Married,2,1,3,161.42,0,0,0,0
0,13.0,3,Mobile Phone,5,Married,2,0,2,125.0,0,1,0,0
10,17.0,3,Fashion,2,Married,2,1,3,221.85,0,0,1,0
3,14.0,3,Fashion,3,Married,6,0,7,172.64,0,0,0,0
4,29.0,5,Laptop & Accessory,3,Divorced,4,1,1,188.8,0,0,0,1
11,8.0,5,Laptop & Accessory,1,Married,3,1,3,154.05,0,0,0,0
5,33.0,4,Mobile Phone,3,Married,3,0,4,154.11,0,0,0,0
14,9.0,5,Laptop & Accessory,3,Married,8,0,1,159.48,0,0,0,0
3,17.0,4,Mobile Phone,4,Married,2,0,2,157.91,0,0,0,0
0,12.0,3,Mobile Phone,3,Married,9,0,2,122.67,1,0,0,0
1,9.0,6,Mobile Phone,1,Married,7,1,3,159.64,0,0,0,1
31,10.0,5,Laptop & Accessory,2,Single,7,0,6,176.71,0,0,0,0
15,11.0,4,Mobile Phone,3,Divorced,11,1,8,149.61,0,0,0,1
1,16.0,5,Laptop & Accessory,5,Single,9,0,4,159.07,0,0,0,1
14,12.0,3,Fashion,3,Single,2,0,7,192.41,0,0,0,0
10,17.0,4,Fashion,5,Married,9,1,8,208.21,0,0,0,0
1,22.0,4,Mobile Phone,3,Divorced,3,0,3,151.1,0,0,0,1
0,11.0,3,Mobile Phone,3,Divorced,5,0,0,120.93,1,0,0,0
13,7.0,4,Others,3,Married,3,1,7,316.97,0,0,0,0
13,8.0,3,Others,3,Married,1,0,9,294.36,0,0,0,0
23,35.0,4,Grocery,3,Married,1,0,7,270.46,0,0,0,0
0,9.0,3,Mobile Phone,4,Single,2,0,0,114.83,1,0,0,0
21,9.0,4,Mobile Phone,3,Single,6,0,1,149.79,0,0,0,1
5,8.0,1,Laptop & Accessory,1,Single,8,0,7,150.55,0,0,0,0
30,35.0,4,Grocery,2,Married,4,0,0,241.18,0,0,0,0
1,10.0,4,Mobile Phone,3,Single,3,0,1,139.2,0,0,0,1
15,11.0,3,Others,3,Divorced,7,0,0,283.03,0,0,0,0
20,7.0,4,Fashion,5,Married,9,0,3,218.96,0,0,1,0
13,9.0,4,Fashion,3,Single,2,0,9,234.38,0,0,0,0
27,28.0,3,Grocery,3,Married,4,0,7,274.26,0,0,0,0
9,14.0,3,Laptop & Accessory,1,Married,5,0,7,150.79,0,0,0,0
11,7.0,4,Laptop & Accessory,4,Divorced,8,0,4,189.47,0,0,0,0
1,14.0,4,Laptop & Accessory,3,Married,3,0,2,173.83,0,0,0,1
1,32.0,6,Mobile Phone,3,Single,3,0,2,147.93,0,0,0,1
3,7.0,3,Mobile Phone,4,Married,1,1,7,135.79,0,0,0,0
26,6.0,4,Grocery,3,Married,5,1,3,229.65,0,0,1,0
0,14.0,3,Mobile Phone,3,Single,2,0,0,119.04,1,0,0,1
2,8.0,3,Mobile Phone,4,Married,1,0,2,131.8,0,0,0,0
6,8.0,3,Laptop & Accessory,4,Single,9,0,7,151.47,0,0,0,0
22,36.0,4,Fashion,3,Married,5,0,1,250.04,0,0,0,0
27,7.0,4,Laptop & Accessory,5,Single,9,0,11,208.81,0,0,0,0
23,7.0,5,Grocery,3,Single,9,1,8,264.64,0,0,0,0
23,14.0,3,Mobile Phone,4,Divorced,8,0,2,138.75,0,0,0,0
4,11.0,5,Laptop & Accessory,4,Married,3,1,8,177.09,0,0,0,0
0,14.0,5,Mobile Phone,5,Divorced,2,1,7,121.19,1,0,0,1
1,8.0,4,Mobile Phone,3,Single,2,0,3,158.75,0,0,0,0
1,12.0,5,Fashion,1,Married,3,1,9,253.08,0,0,0,0
19,9.0,6,Laptop & Accessory,3,Single,2,0,2,191.32,0,0,0,0
14,16.0,4,Laptop & Accessory,3,Married,5,0,8,164.75,0,0,0,0
0,16.0,4,Mobile Phone,5,Single,2,0,0,114.16,1,0,0,1
3,8.0,4,Mobile Phone,1,Married,3,0,3,162.6,0,0,0,0
0,16.0,4,Mobile Phone,3,Single,2,0,0,112.0,1,0,0,0
28,10.0,3,Laptop & Accessory,3,Divorced,1,1,2,140.35,0,0,0,0
6,9.0,4,Mobile Phone,5,Single,3,0,3,149.39,0,0,0,0
16,19.0,4,Laptop & Accessory,1,Married,5,1,1,175.87,0,0,0,0
0,7.0,4,Laptop & Accessory,5,Married,2,0,7,197.14,0,0,0,1
5,18.0,3,Grocery,5,Single,1,1,14,237.58,0,0,0,1
26,30.0,1,Fashion,1,Married,4,0,2,170.05,0,0,0,0
26,13.0,3,Others,3,Married,4,0,7,286.06,0,0,0,0
5,11.0,3,Mobile Phone,4,Single,3,0,7,127.18,0,0,0,0
0,7.0,3,Mobile Phone,3,Married,1,0,3,120.64,1,0,0,0
0,13.0,5,Mobile Phone,5,Single,1,0,0,123.25,0,1,0,1
0,11.0,4,Fashion,1,Married,2,1,3,228.08,0,0,1,0
13,29.0,4,Fashion,5,Single,3,1,9,233.8,0,0,0,0
1,12.0,4,Mobile Phone,5,Single,3,1,3,148.8,0,0,0,0
21,6.0,4,Others,2,Single,7,0,0,282.65,0,0,0,0
0,6.0,3,Mobile Phone,3,Single,1,1,2,121.54,1,0,0,0
1,18.0,4,Mobile Phone,4,Divorced,3,0,3,147.44,0,0,0,0
22,8.0,5,Others,1,Single,8,0,1,307.65,0,0,0,0
2,16.0,4,Mobile Phone,2,Divorced,3,0,5,145.7,0,0,0,0
0,28.0,5,Mobile Phone,3,Married,2,0,0,115.55,1,0,0,1
0,19.0,3,Mobile Phone,4,Divorced,2,0,0,120.33,1,0,0,0
0,23.0,4,Mobile Phone,4,Divorced,2,0,0,121.27,1,0,0,0
1,7.0,4,Laptop & Accessory,3,Divorced,3,0,8,177.96,0,0,0,0
15,13.0,3,Mobile Phone,5,Married,4,0,2,125.76,0,1,0,0
12,7.0,5,Fashion,3,Single,11,1,1,178.81,0,0,0,1
3,35.0,5,Mobile Phone,5,Single,3,0,5,162.85,0,0,0,0
3,20.0,5,Laptop & Accessory,4,Married,6,1,4,165.25,0,0,0,0
17,13.0,3,Others,1,Married,1,1,10,290.49,0,0,0,0
0,13.0,3,Mobile Phone,1,Single,2,0,7,125.7,0,1,0,0
24,11.0,4,Others,4,Married,5,0,7,316.44,0,0,0,0
16,12.0,4,Mobile Phone,3,Divorced,6,0,1,145.93,0,0,0,0
19,21.0,3,Others,4,Divorced,6,0,3,290.81,0,0,0,0
11,8.0,3,Fashion,4,Single,8,0,0,173.51,0,0,0,0
15,8.0,4,Mobile Phone,4,Married,5,0,0,148.41,0,0,0,0
6,13.0,3,Laptop & Accessory,4,Divorced,1,0,2,143.02,0,0,0,0
5,14.0,4,Fashion,1,Single,3,1,11,196.43,0,0,0,0
15,12.0,2,Laptop & Accessory,4,Single,5,0,3,193.7,0,0,0,0
1,15.0,3,Laptop & Accessory,1,Single,2,0,7,152.53,0,0,0,0
1,18.0,5,Mobile Phone,5,Single,3,1,1,151.0,0,0,0,1
4,10.0,1,Mobile Phone,3,Married,9,0,2,139.78,0,0,0,0
28,14.0,4,Laptop & Accessory,1,Married,6,0,8,193.54,0,0,0,0
1,15.0,4,Fashion,3,Single,3,0,3,212.26,0,0,1,0
13,31.0,5,Grocery,1,Married,2,0,7,245.31,0,0,0,0
9,15.0,2,Mobile Phone,1,Married,3,0,2,147.69,0,0,0,0
14,9.0,4,Mobile Phone,3,Married,4,0,3,148.45,0,0,0,0
0,13.0,1,Mobile Phone,1,Married,1,0,7,125.44,0,1,0,0
1,5.0,5,Mobile Phone,4,Married,3,0,1,150.96,0,0,0,1
3,30.0,4,Mobile Phone,2,Single,11,0,3,147.01,0,0,0,0
8,17.0,4,Mobile Phone,3,Married,3,1,1,163.15,0,0,0,0
11,14.0,4,Laptop & Accessory,5,Married,7,1,5,167.84,0,0,0,0
17,14.0,1,Mobile Phone,2,Divorced,3,1,2,128.18,0,0,0,0
17,33.0,4,Grocery,1,Married,3,1,13,294.59,0,0,0,0
7,14.0,3,Laptop & Accessory,5,Divorced,6,0,2,165.0,0,0,0,0
0,10.0,3,Mobile Phone,4,Single,2,0,2,132.95,0,0,0,0
1,16.0,4,Mobile Phone,5,Single,9,0,5,167.0,0,0,0,1
19,9.0,3,Grocery,4,Divorced,9,0,1,266.06,0,0,0,0
3,22.0,3,Laptop & Accessory,3,Divorced,9,0,2,153.01,0,0,0,0
14,8.0,3,Grocery,5,Divorced,8,0,8,265.95,0,0,0,0
28,8.0,4,Grocery,1,Single,8,0,8,298.28,0,0,0,0
28,12.0,4,Others,5,Divorced,6,0,3,319.06,0,0,0,0
1,15.0,2,Laptop & Accessory,4,Married,2,0,3,173.51,0,0,0,0
25,6.0,3,Grocery,2,Divorced,3,0,8,270.99,0,0,0,0
1,8.0,3,Laptop & Accessory,4,Married,5,0,4,148.55,0,0,0,1
3,16.0,4,Laptop & Accessory,3,Divorced,2,0,4,165.78,0,0,0,0
15,16.0,3,Mobile Phone,3,Married,4,0,3,129.36,0,0,0,0
9,32.0,3,Laptop & Accessory,3,Married,7,0,2,153.47,0,0,0,0
12,17.0,4,Laptop & Accessory,3,Married,5,0,3,185.77,0,0,0,0
1,10.0,4,Laptop & Accessory,5,Divorced,3,1,4,166.94,0,0,0,0
5,9.0,4,Mobile Phone,2,Married,2,1,3,151.95,0,0,0,0
5,35.0,4,Mobile Phone,4,Single,2,0,1,128.37,0,0,0,0
6,33.0,4,Laptop & Accessory,1,Married,2,0,3,169.65,0,0,0,0
18,14.0,4,Others,1,Married,2,1,11,315.49,0,0,0,0
13,15.0,4,Laptop & Accessory,1,Married,10,0,2,148.76,0,0,0,0
9,7.0,5,Mobile Phone,3,Married,8,0,8,147.58,0,0,0,0
9,32.0,5,Laptop & Accessory,2,Single,6,0,3,161.81,0,0,0,0
4,14.0,5,Mobile Phone,4,Married,3,0,2,146.41,0,0,0,0
8,14.0,3,Laptop & Accessory,3,Married,2,0,9,141.48,0,0,0,0
1,7.0,4,Mobile Phone,1,Single,3,1,9,151.86,0,0,0,1
15,20.0,4,Laptop & Accessory,3,Single,8,0,3,162.44,0,0,0,0
24,13.0,4,Laptop & Accessory,3,Married,3,0,0,161.32,0,0,0,0
2,6.0,3,Fashion,1,Married,2,0,1,179.18,0,0,0,0
19,7.0,1,Grocery,5,Single,2,0,12,275.67,0,0,0,0
16,12.0,4,Laptop & Accessory,3,Single,2,1,8,140.81,0,0,0,0
21,16.0,4,Others,4,Married,5,0,9,296.65,0,0,0,0
2,8.0,3,Laptop & Accessory,1,Married,2,0,3,188.53,0,0,0,0
6,6.0,2,Grocery,3,Married,5,0,5,261.84,0,0,0,0
12,34.0,4,Laptop & Accessory,5,Single,4,0,3,142.84,0,0,0,1
30,18.0,5,Laptop & Accessory,5,Married,6,0,1,178.8,0,0,0,0
12,11.0,4,Mobile Phone,3,Married,9,0,1,158.06,0,0,0,0
8,13.0,4,Mobile Phone,3,Married,1,0,2,124.3,0,1,0,0
3,28.0,4,Laptop & Accessory,3,Married,3,1,0,163.8,0,0,0,1
11,32.0,5,Laptop & Accessory,1,Married,9,0,4,182.31,0,0,0,0
0,7.0,3,Mobile Phone,3,Single,1,0,2,133.75,0,0,0,0
3,22.0,6,Mobile Phone,1,Married,2,1,4,146.68,0,0,0,0
1,16.0,4,Mobile Phone,5,Single,3,0,1,150.52,0,0,0,0
8,14.0,3,Mobile Phone,3,Single,2,0,4,143.23,0,0,0,0
4,7.0,5,Fashion,3,Single,3,0,3,209.74,0,0,1,0
5,16.0,3,Mobile Phone,3,Married,7,0,3,134.33,0,0,0,0
4,14.0,3,Grocery,4,Single,4,0,0,264.22,0,0,0,0
12,21.0,3,Grocery,5,Single,1,0,10,233.41,0,0,0,0
7,6.0,4,Mobile Phone,2,Divorced,2,1,3,136.22,0,0,0,0
12,30.0,3,Laptop & Accessory,1,Single,8,0,7,141.08,0,0,0,0
0,8.0,1,Mobile Phone,5,Single,8,0,1,134.24,0,0,0,0
14,16.0,4,Laptop & Accessory,5,Married,2,0,2,179.73,0,0,0,0
18,8.0,4,Grocery,2,Divorced,10,0,8,267.92,0,0,0,0
0,15.0,3,Mobile Phone,5,Married,2,0,0,117.9,1,0,0,1
11,26.0,4,Laptop & Accessory,3,Married,5,0,3,182.68,0,0,0,0
21,14.0,5,Fashion,5,Married,9,1,3,225.08,0,0,1,1
9,9.0,4,Laptop & Accessory,4,Single,7,0,3,169.25,0,0,0,0
10,12.0,3,Laptop & Accessory,1,Married,5,0,1,165.02,0,0,0,0
8,17.0,4,Mobile Phone,4,Married,3,0,1,145.08,0,0,0,0
25,6.0,4,Others,3,Married,1,0,9,299.99,0,0,0,0
14,8.0,3,Grocery,4,Single,2,0,4,260.15,0,0,0,0
0,6.0,4,Laptop & Accessory,5,Married,2,0,7,197.14,0,0,0,1
1,16.0,5,Mobile Phone,3,Divorced,2,1,1,158.88,0,0,0,1
14,16.0,5,Laptop & Accessory,4,Single,2,0,9,161.51,0,0,0,0
3,9.0,4,Mobile Phone,4,Married,2,0,3,156.8,0,0,0,0
19,36.0,4,Mobile Phone,1,Single,7,0,4,159.52,0,0,0,0
20,8.0,4,Mobile Phone,1,Single,2,1,2,132.94,0,0,0,0
0,7.0,4,Mobile Phone,4,Married,1,0,2,122.69,1,0,0,0
28,29.0,4,Grocery,3,Married,5,0,8,299.26,0,0,0,0
0,20.0,3,Mobile Phone,5,Divorced,2,1,8,122.35,1,0,0,0
5,31.0,4,Laptop & Accessory,1,Single,4,0,5,177.38,0,0,0,0
0,6.0,3,Laptop & Accessory,3,Married,1,0,2,148.98,0,0,0,0
15,13.0,1,Laptop & Accessory,4,Divorced,7,1,0,123.72,0,1,0,0
0,30.0,5,Mobile Phone,2,Single,2,1,0,111.18,0,0,0,1
5,15.0,2,Mobile Phone,4,Single,11,0,3,146.09,0,0,0,0
5,10.0,4,Mobile Phone,5,Married,3,1,4,155.65,0,0,0,0
15,8.0,3,Grocery,5,Divorced,1,0,7,276.65,0,0,0,0
2,15.0,4,Mobile Phone,1,Single,3,0,3,158.1,0,0,0,0
1,15.0,3,Laptop & Accessory,4,Divorced,2,0,3,173.51,0,0,0,0
24,9.0,4,Others,3,Married,4,1,8,317.37,0,0,0,0
16,31.0,4,Fashion,5,Divorced,3,1,9,199.06,0,0,0,0
1,14.0,6,Laptop & Accessory,3,Single,3,1,7,185.74,0,0,0,1
0,11.0,3,Mobile Phone,3,Single,2,1,0,128.51,0,0,0,1
29,15.0,3,Grocery,2,Divorced,8,0,3,211.03,0,0,1,0
20,14.0,4,Laptop & Accessory,3,Divorced,4,0,1,177.58,0,0,0,0
20,11.0,3,Others,3,Divorced,5,0,1,283.0,0,0,0,0
7,9.0,5,Laptop & Accessory,5,Single,4,0,12,147.59,0,0,0,0
19,13.0,3,Laptop & Accessory,3,Divorced,3,0,0,152.58,0,0,0,0
9,10.0,4,Fashion,1,Married,8,0,9,203.23,0,0,0,0
13,8.0,1,Laptop & Accessory,4,Married,2,0,7,142.44,0,0,0,0
6,7.0,4,Laptop & Accessory,4,Married,3,0,10,187.2,0,0,0,0
10,16.0,4,Laptop & Accessory,2,Married,3,1,0,166.94,0,0,0,0
9,9.0,4,Mobile Phone,1,Married,3,0,3,145.14,0,0,0,0
1,15.0,6,Mobile Phone,5,Married,3,0,2,149.51,0,0,0,0
1,8.0,4,Mobile Phone,4,Divorced,1,0,4,132.01,0,0,0,0
5,7.0,3,Fashion,1,Married,2,0,7,204.22,0,0,0,0
8,14.0,4,Mobile Phone,3,Married,2,1,8,148.08,0,0,0,0
1,7.0,4,Laptop & Accessory,4,Married,3,0,5,188.97,0,0,0,0
0,14.0,1,Mobile Phone,3,Married,8,0,2,135.17,0,0,0,0
18,35.0,2,Grocery,2,Divorced,5,1,12,258.2,0,0,0,0
5,12.0,4,Laptop & Accessory,1,Married,3,0,3,179.76,0,0,0,0
6,10.0,3,Laptop & Accessory,4,Married,6,0,7,130.55,0,0,0,0
0,11.0,3,Laptop & Accessory,1,Married,4,0,0,120.86,1,0,0,1
9,8.0,4,Fashion,3,Divorced,2,0,0,175.96,0,0,0,0
24,11.0,3,Grocery,4,Married,2,1,10,240.26,0,0,0,0
10,7.0,5,Laptop & Accessory,3,Married,2,0,3,168.74,0,0,0,0
22,9.0,3,Laptop & Accessory,4,Divorced,5,0,3,206.2,0,0,0,0
6,7.0,4,Mobile Phone,1,Married,2,0,3,148.14,0,0,0,0
3,9.0,4,Laptop & Accessory,3,Married,3,0,3,171.49,0,0,0,0
0,13.0,3,Mobile Phone,4,Single,2,1,0,124.72,0,1,0,1
0,13.0,3,Mobile Phone,4,Married,3,1,2,123.73,0,1,0,1
5,10.0,3,Mobile Phone,4,Married,3,0,2,139.31,0,0,0,0
10,16.0,3,Laptop & Accessory,4,Single,3,1,1,141.97,0,0,0,0
27,25.0,3,Fashion,4,Divorced,3,0,1,207.25,0,0,0,0
15,8.0,4,Laptop & Accessory,2,Single,4,0,0,167.81,0,0,0,0
5,8.0,3,Laptop & Accessory,4,Married,1,1,2,140.78,0,0,0,0
21,9.0,5,Mobile Phone,1,Married,11,1,1,148.8,0,0,0,1
14,9.0,4,Mobile Phone,3,Married,4,0,3,145.01,0,0,0,0
11,6.0,1,Mobile Phone,3,Divorced,2,0,0,128.44,0,0,0,0
10,8.0,6,Fashion,5,Married,4,1,3,227.52,0,0,1,0
14,9.0,4,Others,3,Married,2,0,13,305.41,0,0,0,0
0,10.0,4,Laptop & Accessory,2,Single,2,1,3,144.87,0,0,0,0
19,31.0,4,Mobile Phone,4,Single,3,0,5,146.77,0,0,0,0
3,21.0,4,Fashion,5,Married,3,0,7,171.4,0,0,0,0
11,6.0,4,Fashion,3,Single,10,1,0,153.81,0,0,0,1
3,18.0,3,Laptop & Accessory,3,Single,1,0,4,165.77,0,0,0,0
10,15.0,4,Laptop & Accessory,4,Married,2,0,3,141.89,0,0,0,0
21,13.0,3,Laptop & Accessory,5,Married,5,0,2,154.86,0,0,0,0
14,7.0,4,Laptop & Accessory,1,Married,6,0,4,190.13,0,0,0,0
9,14.0,1,Fashion,5,Married,10,0,3,217.13,0,0,1,0
11,8.0,6,Laptop & Accessory,1,Married,3,0,3,220.25,0,0,1,0
5,6.0,3,Mobile Phone,5,Single,2,0,0,129.56,0,0,0,0
9,15.0,4,Mobile Phone,3,Single,3,0,5,168.23,0,0,0,0
28,10.0,4,Laptop & Accessory,5,Married,4,0,6,184.4,0,0,0,0
9,28.0,4,Laptop & Accessory,1,Married,3,1,8,165.14,0,0,0,0
24,6.0,4,Others,3,Married,6,1,1,318.31,0,0,0,0
0,31.0,4,Mobile Phone,4,Single,5,1,2,123.13,0,0,0,1
2,15.0,3,Mobile Phone,3,Married,10,0,2,129.74,0,0,0,0
8,9.0,5,Mobile Phone,5,Single,3,0,4,168.81,0,0,0,0
1,12.0,4,Mobile Phone,2,Single,3,0,1,135.51,0,0,0,0
31,25.0,4,Fashion,2,Single,8,0,3,230.12,0,0,1,0
17,7.0,3,Mobile Phone,1,Married,5,1,2,131.95,0,0,0,0
10,19.0,3,Laptop & Accessory,1,Married,2,0,7,142.85,0,0,0,0
12,6.0,2,Fashion,2,Married,1,0,7,196.13,0,0,0,0
16,7.0,4,Mobile Phone,5,Married,5,0,3,150.76,0,0,0,0
6,15.0,5,Laptop & Accessory,4,Married,3,1,10,177.28,0,0,0,0
3,28.0,2,Fashion,5,Married,3,0,3,224.8,0,0,1,0
9,15.0,4,Mobile Phone,2,Divorced,3,0,3,150.72,0,0,0,0
17,17.0,4,Mobile Phone,1,Single,2,0,8,149.55,0,0,0,0
12,17.0,3,Fashion,1,Married,2,0,7,176.54,0,0,0,1
16,33.0,3,Fashion,5,Married,9,0,1,208.2,0,0,0,0
25,8.0,4,Mobile Phone,2,Single,8,0,2,132.12,0,0,0,0
12,12.0,1,Fashion,3,Married,3,0,6,182.37,0,0,0,0
7,9.0,3,Mobile Phone,2,Divorced,1,0,2,137.37,0,0,0,0
12,12.0,4,Fashion,5,Married,5,0,7,199.91,0,0,0,0
1,31.0,4,Mobile Phone,4,Married,3,1,1,149.08,0,0,0,1
18,10.0,3,Laptop & Accessory,4,Married,2,0,8,144.47,0,0,0,0
7,9.0,3,Laptop & Accessory,1,Single,1,0,4,177.56,0,0,0,0
14,31.0,4,Laptop & Accessory,2,Married,3,0,8,158.19,0,0,0,0
12,7.0,4,Fashion,5,Married,3,0,12,260.82,0,0,0,0
25,9.0,6,Laptop & Accessory,4,Married,7,0,3,179.82,0,0,0,0
29,7.0,4,Others,5,Single,2,1,14,315.45,0,0,0,0
6,14.0,1,Mobile Phone,5,Married,7,0,6,131.43,0,0,0,0
10,7.0,4,Laptop & Accessory,2,Single,6,0,1,191.53,0,0,0,0
1,36.0,5,Laptop & Accessory,3,Single,3,0,9,170.08,0,0,0,1
1,19.0,4,Mobile Phone,1,Single,3,0,5,151.47,0,0,0,0
23,23.0,4,Fashion,5,Married,6,0,11,232.69,0,0,0,0
4,35.0,4,Laptop & Accessory,1,Married,2,0,7,154.68,0,0,0,0
13,8.0,3,Others,3,Married,1,0,12,280.41,0,0,0,0
27,9.0,5,Fashion,4,Divorced,4,0,13,200.25,0,0,0,0
31,13.0,4,Mobile Phone,3,Divorced,10,0,3,147.67,0,0,0,0
26,29.0,3,Grocery,1,Single,7,0,8,242.75,0,0,0,0
5,14.0,4,Fashion,2,Single,3,1,11,196.43,0,0,0,0
0,8.0,1,Laptop & Accessory,3,Single,1,0,7,165.0,0,0,0,0
0,13.0,2,Mobile Phone,2,Married,5,0,2,120.89,1,0,0,0
0,26.0,3,Mobile Phone,1,Married,2,0,2,121.57,1,0,0,0
4,16.0,4,Laptop & Accessory,5,Married,3,0,11,155.72,0,0,0,0
7,14.0,1,Laptop & Accessory,3,Married,2,0,8,167.99,0,0,0,0
0,10.0,5,Fashion,1,Married,2,0,8,204.0,0,0,0,1
21,11.0,4,Laptop & Accessory,1,Single,3,1,8,166.63,0,0,0,0
60,27.0,3,Grocery,1,Married,5,1,0,278.75,0,0,0,0
16,13.0,3,Mobile Phone,1,Single,1,0,7,124.55,0,1,0,0
1,32.0,5,Mobile Phone,4,Divorced,7,0,2,150.46,0,0,0,1
13,25.0,3,Laptop & Accessory,1,Married,9,1,7,127.41,0,0,0,0
20,20.0,3,Laptop & Accessory,3,Married,4,1,2,145.91,0,0,0,0
5,15.0,4,Grocery,4,Single,5,0,1,289.22,0,0,0,0
22,24.0,3,Laptop & Accessory,2,Married,2,1,7,168.04,0,0,0,0
30,16.0,4,Mobile Phone,3,Divorced,4,0,4,154.42,0,0,0,0
14,12.0,3,Fashion,1,Single,4,1,0,235.91,0,0,0,0
10,17.0,4,Fashion,1,Single,3,0,3,224.8,0,0,1,0
1,11.0,3,Laptop & Accessory,1,Single,2,0,2,149.08,0,0,0,0
7,15.0,4,Laptop & Accessory,5,Married,4,0,3,188.92,0,0,0,0
11,9.0,4,Laptop & Accessory,3,Divorced,6,1,3,221.02,0,0,1,0
11,12.0,4,Laptop & Accessory,1,Married,9,0,5,188.47,0,0,0,0
15,12.0,2,Mobile Phone,3,Married,4,1,4,146.27,0,0,0,0
0,8.0,4,Mobile Phone,3,Single,2,0,0,122.74,1,0,0,0
8,24.0,3,Laptop & Accessory,5,Married,1,0,4,0.0,0,0,0,0
0,17.0,3,Mobile Phone,4,Married,2,0,2,122.44,1,0,0,0
10,9.0,5,Fashion,3,Divorced,3,0,1,200.96,0,0,0,0
0,14.0,3,Laptop & Accessory,3,Married,1,1,4,149.07,0,0,0,0
12,9.0,5,Mobile Phone,4,Single,3,0,4,149.4,0,0,0,0
6,19.0,3,Mobile Phone,1,Single,4,0,2,134.52,0,0,0,0
31,31.0,2,Fashion,1,Married,5,1,3,219.39,0,0,1,0
10,33.0,1,Laptop & Accessory,3,Single,5,1,3,163.97,0,0,0,1
0,12.0,4,Mobile Phone,2,Single,2,1,0,129.26,0,0,0,1
30,8.0,4,Grocery,2,Single,4,1,3,237.26,0,0,0,0
20,21.0,4,Mobile Phone,4,Divorced,11,1,4,174.63,0,0,0,1
17,13.0,3,Mobile Phone,1,Single,7,1,2,124.36,0,1,0,0
1,11.0,2,Mobile Phone,5,Married,4,0,3,153.19,0,0,0,0
29,15.0,3,Mobile Phone,3,Married,3,0,3,129.42,0,0,0,0
1,9.0,2,Laptop & Accessory,3,Married,3,0,8,177.06,0,0,0,0
11,9.0,5,Laptop & Accessory,1,Married,7,0,1,176.63,0,0,0,0
22,29.0,4,Grocery,1,Married,5,0,8,296.74,0,0,0,0
24,17.0,4,Grocery,4,Single,4,0,3,231.42,0,0,1,0
0,13.0,3,Mobile Phone,5,Single,2,1,2,123.8,0,1,0,0
9,35.0,2,Laptop & Accessory,3,Married,3,0,9,159.07,0,0,0,0
19,27.0,6,Fashion,5,Married,4,1,8,233.51,0,0,0,0
23,35.0,4,Grocery,3,Divorced,1,0,7,270.46,0,0,0,0
1,7.0,4,Mobile Phone,4,Married,3,0,5,163.16,0,0,0,0
22,7.0,3,Grocery,3,Single,5,0,0,253.79,0,0,0,0
4,9.0,3,Mobile Phone,5,Married,2,1,3,130.65,0,0,0,0
4,32.0,5,Fashion,4,Single,4,1,3,215.94,0,0,1,1
13,8.0,3,Laptop & Accessory,4,Married,8,0,3,157.15,0,0,0,0
1,16.0,5,Mobile Phone,5,Divorced,5,0,3,169.0,0,0,0,1
6,13.0,3,Mobile Phone,2,Single,1,0,2,125.0,0,1,0,0
5,36.0,5,Laptop & Accessory,1,Married,3,0,8,179.68,0,0,0,0
15,16.0,3,Grocery,5,Divorced,1,0,9,267.99,0,0,0,0
6,17.0,4,Mobile Phone,3,Married,8,0,4,159.33,0,0,0,0
15,8.0,3,Grocery,3,Married,1,1,10,278.61,0,0,0,0
15,11.0,6,Laptop & Accessory,4,Married,8,0,3,189.3,0,0,0,0
3,9.0,5,Laptop & Accessory,4,Divorced,4,0,1,191.44,0,0,0,0
11,9.0,3,Mobile Phone,3,Married,4,0,2,128.21,0,0,0,0
5,18.0,4,Laptop & Accessory,5,Married,3,1,2,193.33,0,0,0,0
3,13.0,4,Mobile Phone,5,Divorced,9,1,3,149.04,0,0,0,1
10,24.0,5,Laptop & Accessory,4,Married,4,0,4,180.07,0,0,0,0
9,9.0,4,Laptop & Accessory,5,Married,4,0,1,175.93,0,0,0,0
0,18.0,4,Mobile Phone,5,Divorced,2,0,0,120.33,1,0,0,1
29,9.0,5,Others,5,Married,10,0,1,315.38,0,0,0,0
13,13.0,4,Mobile Phone,1,Single,1,1,3,123.42,0,1,0,0
11,13.0,3,Mobile Phone,3,Married,3,1,7,126.55,0,1,0,1
18,19.0,1,Grocery,3,Single,7,1,8,236.95,0,0,0,1
10,12.0,2,Laptop & Accessory,5,Married,5,1,7,159.74,0,0,0,0
8,16.0,3,Mobile Phone,1,Married,2,0,2,139.17,0,0,0,0
1,9.0,4,Mobile Phone,4,Single,3,0,1,138.93,0,0,0,1
8,7.0,4,Fashion,1,Single,3,0,3,223.88,0,0,1,0
6,8.0,5,Mobile Phone,4,Married,2,0,3,147.69,0,0,0,0
1,27.0,4,Laptop & Accessory,3,Single,2,0,3,147.72,0,0,0,0
9,14.0,4,Fashion,5,Single,2,0,9,175.87,0,0,0,0
3,31.0,3,Laptop & Accessory,3,Married,8,1,2,147.36,0,0,0,0
30,6.0,3,Laptop & Accessory,3,Divorced,3,0,2,167.55,0,0,0,0
25,9.0,4,Fashion,3,Married,3,1,4,179.69,0,0,0,0
23,8.0,3,Grocery,5,Married,2,0,7,279.24,0,0,0,0
6,6.0,4,Laptop & Accessory,1,Single,1,0,4,169.49,0,0,0,0
13,10.0,5,Laptop & Accessory,3,Married,2,0,8,155.69,0,0,0,0
14,8.0,3,Grocery,5,Married,8,0,8,265.95,0,0,0,0
0,13.0,4,Mobile Phone,2,Single,2,0,0,125.64,0,1,0,1
24,31.0,4,Grocery,3,Divorced,5,1,6,264.73,0,0,0,0
6,7.0,4,Laptop & Accessory,5,Married,6,0,3,165.87,0,0,0,0
0,6.0,4,Mobile Phone,3,Married,7,0,7,122.58,1,0,0,0
1,12.0,4,Mobile Phone,3,Single,3,1,1,153.51,0,0,0,1
6,21.0,3,Laptop & Accessory,1,Married,1,1,1,148.78,0,0,0,0
0,19.0,3,Mobile Phone,3,Divorced,2,0,6,120.96,1,0,0,0
0,25.0,4,Mobile Phone,5,Married,2,0,7,140.66,0,0,0,0
1,22.0,4,Mobile Phone,1,Single,3,0,1,153.71,0,0,0,0
1,10.0,5,Mobile Phone,3,Single,3,0,1,157.3,0,0,0,0
26,7.0,5,Others,3,Divorced,2,0,10,324.99,0,0,0,0
28,27.0,4,Laptop & Accessory,3,Single,5,0,4,173.69,0,0,0,0
0,24.0,3,Laptop & Accessory,3,Divorced,1,1,2,146.14,0,0,0,1
2,33.0,3,Laptop & Accessory,3,Married,5,0,1,143.35,0,0,0,0
6,20.0,5,Mobile Phone,4,Divorced,3,0,3,152.43,0,0,0,0
6,13.0,3,Fashion,3,Married,1,0,3,216.91,0,0,1,0
1,15.0,5,Mobile Phone,3,Single,3,1,3,164.89,0,0,0,1
19,6.0,3,Fashion,5,Married,8,0,3,193.96,0,0,0,0
1,16.0,5,Mobile Phone,3,Married,2,1,1,158.88,0,0,0,1
21,33.0,4,Others,3,Married,5,0,1,321.58,0,0,0,0
21,9.0,4,Laptop & Accessory,2,Married,7,0,5,175.7,0,0,0,0
7,14.0,1,Laptop & Accessory,3,Married,3,0,2,144.04,0,0,0,0
0,27.0,4,Mobile Phone,5,Married,1,0,0,122.96,1,0,0,0
15,13.0,4,Fashion,1,Single,5,1,1,260.91,0,0,0,0
20,9.0,3,Grocery,3,Married,10,1,13,237.7,0,0,0,0
30,22.0,3,Laptop & Accessory,5,Single,9,0,2,154.05,0,0,0,0
6,34.0,3,Laptop & Accessory,3,Married,2,1,7,152.07,0,0,0,0
0,15.0,3,Mobile Phone,3,Married,2,0,2,127.42,0,0,0,1
8,8.0,5,Others,4,Single,3,1,11,288.24,0,0,0,1
5,35.0,3,Mobile Phone,3,Single,10,0,7,140.25,0,0,0,0
1,8.0,6,Laptop & Accessory,4,Single,8,0,1,192.35,0,0,0,1
8,7.0,5,Mobile Phone,1,Married,3,1,4,161.22,0,0,0,0
19,10.0,4,Others,4,Divorced,3,0,8,287.89,0,0,0,0
0,6.0,3,Mobile Phone,1,Married,10,1,2,147.87,0,0,0,1
0,11.0,3,Mobile Phone,1,Single,2,0,2,131.17,0,0,0,0
18,11.0,5,Laptop & Accessory,5,Single,2,1,4,157.69,0,0,0,0
15,29.0,3,Grocery,1,Single,3,0,0,259.92,0,0,0,0
1,22.0,1,Laptop & Accessory,5,Single,1,0,7,156.61,0,0,0,0
23,15.0,3,Others,3,Married,5,1,0,293.31,0,0,0,0
3,26.0,3,Laptop & Accessory,5,Divorced,1,0,2,199.57,0,0,0,0
14,12.0,3,Mobile Phone,5,Single,3,1,17,147.21,0,0,0,0
26,29.0,3,Grocery,2,Single,7,0,8,242.75,0,0,0,0
3,27.0,4,Mobile Phone,1,Married,3,0,11,163.12,0,0,0,0
8,22.0,3,Fashion,3,Divorced,5,1,0,176.32,0,0,0,0
0,13.0,4,Mobile Phone,5,Single,8,0,0,125.61,0,1,0,1
31,7.0,6,Laptop & Accessory,3,Married,4,1,3,181.6,0,0,0,0
18,13.0,3,Fashion,5,Married,2,0,11,152.1,0,0,0,0
1,31.0,5,Fashion,5,Single,3,0,3,212.22,0,0,1,1
1,11.0,6,Fashion,2,Divorced,3,0,3,229.0,0,0,1,1
11,8.0,4,Fashion,3,Married,4,1,2,177.56,0,0,0,0
9,6.0,3,Laptop & Accessory,1,Single,5,0,0,166.53,0,0,0,0
10,22.0,4,Laptop & Accessory,3,Married,5,0,0,163.34,0,0,0,0
28,24.0,3,Grocery,4,Single,4,0,7,268.35,0,0,0,0
27,20.0,2,Laptop & Accessory,5,Married,3,0,4,169.5,0,0,0,0
0,15.0,3,Laptop & Accessory,5,Single,4,1,3,182.24,0,0,0,1
19,11.0,4,Laptop & Accessory,5,Married,6,1,4,175.06,0,0,0,0
12,12.0,3,Fashion,4,Single,5,0,2,183.76,0,0,0,0
20,10.0,2,Grocery,5,Married,4,0,9,257.25,0,0,0,0
29,25.0,4,Grocery,4,Single,5,0,8,293.35,0,0,0,0
13,18.0,3,Laptop & Accessory,5,Married,3,0,7,144.48,0,0,0,0
1,11.0,5,Laptop & Accessory,5,Married,3,0,4,167.56,0,0,0,0
13,6.0,3,Laptop & Accessory,3,Single,4,1,0,147.28,0,0,0,1
5,27.0,4,Laptop & Accessory,3,Married,3,0,3,166.97,0,0,0,0
23,17.0,3,Others,4,Single,4,0,4,299.26,0,0,0,0
0,6.0,4,Mobile Phone,4,Single,2,0,0,128.36,0,0,0,0
20,9.0,4,Laptop & Accessory,2,Married,4,0,5,198.79,0,0,0,0
18,8.0,4,Mobile Phone,1,Single,8,1,3,149.36,0,0,0,0
12,15.0,3,Laptop & Accessory,4,Single,10,0,3,167.82,0,0,0,0
5,12.0,4,Mobile Phone,4,Married,3,0,3,152.89,0,0,0,0
7,8.0,4,Mobile Phone,5,Single,2,0,3,143.81,0,0,0,0
29,9.0,4,Fashion,4,Married,5,0,3,234.76,0,0,0,0
7,6.0,4,Laptop & Accessory,5,Single,1,0,9,153.43,0,0,0,0
4,34.0,4,Laptop & Accessory,1,Married,9,0,8,178.04,0,0,0,0
19,9.0,3,Grocery,3,Married,4,0,9,274.65,0,0,0,0
20,31.0,3,Fashion,3,Single,3,0,11,186.33,0,0,0,0
29,7.0,2,Grocery,2,Married,4,0,1,272.32,0,0,0,0
1,13.0,5,Mobile Phone,4,Married,3,0,4,148.68,0,0,0,0
7,7.0,5,Mobile Phone,3,Married,3,0,1,145.08,0,0,0,0
1,17.0,4,Grocery,5,Married,3,1,11,295.68,0,0,0,0
1,32.0,4,Mobile Phone,3,Married,3,0,8,154.42,0,0,0,0
5,9.0,6,Mobile Phone,2,Married,6,1,1,152.78,0,0,0,1
1,22.0,4,Laptop & Accessory,3,Married,9,0,1,173.34,0,0,0,1
25,13.0,3,Fashion,4,Single,8,0,0,204.45,0,0,0,0
18,34.0,4,Grocery,4,Single,2,0,6,267.04,0,0,0,0
20,10.0,4,Grocery,4,Divorced,10,0,2,291.06,0,0,0,0
11,28.0,3,Mobile Phone,5,Divorced,3,1,8,160.64,0,0,0,0
4,12.0,4,Mobile Phone,3,Married,2,1,2,127.03,0,0,0,0
0,18.0,4,Mobile Phone,5,Married,2,0,0,120.33,1,0,0,1
15,13.0,5,Laptop & Accessory,4,Single,8,1,3,185.32,0,0,0,0
17,6.0,3,Laptop & Accessory,5,Married,6,1,3,154.54,0,0,0,0
5,6.0,3,Laptop & Accessory,1,Married,2,1,8,161.62,0,0,0,0
0,6.0,5,Laptop & Accessory,4,Single,7,0,0,167.35,0,0,0,1
10,15.0,5,Mobile Phone,5,Married,2,0,4,148.42,0,0,0,0
7,21.0,3,Laptop & Accessory,5,Single,2,0,6,161.25,0,0,0,0
0,6.0,3,Mobile Phone,3,Married,8,0,2,122.32,1,0,0,0
16,17.0,4,Grocery,5,Married,2,0,10,292.99,0,0,0,0
12,8.0,4,Laptop & Accessory,2,Divorced,9,0,4,152.04,0,0,0,0
7,9.0,4,Laptop & Accessory,4,Single,10,0,8,176.47,0,0,0,0
6,9.0,5,Laptop & Accessory,5,Single,6,0,5,146.76,0,0,0,0
1,25.0,4,Mobile Phone,3,Married,2,0,3,152.74,0,0,0,0
31,28.0,4,Grocery,1,Married,6,1,1,303.75,0,0,0,0
0,14.0,3,Fashion,3,Single,2,0,7,187.26,0,0,0,0
14,6.0,4,Others,3,Divorced,2,0,10,291.89,0,0,0,0
0,16.0,3,Laptop & Accessory,1,Single,2,0,2,146.84,0,0,0,0
30,13.0,1,Laptop & Accessory,2,Married,1,1,9,152.2,0,0,0,0
6,7.0,4,Fashion,1,Married,3,0,3,229.22,0,0,1,0
0,9.0,4,Mobile Phone,3,Married,2,0,0,112.81,1,0,0,0
7,17.0,4,Laptop & Accessory,3,Single,3,0,10,179.87,0,0,0,0
0,29.0,4,Fashion,5,Divorced,2,0,10,173.36,0,0,0,1
3,7.0,5,Grocery,2,Married,5,0,8,286.24,0,0,0,0
10,16.0,5,Laptop & Accessory,4,Married,4,1,3,213.47,0,0,1,0
8,22.0,3,Fashion,4,Divorced,1,0,9,180.2,0,0,0,0
5,10.0,4,Laptop & Accessory,3,Married,2,0,8,161.62,0,0,0,0
18,7.0,4,Mobile Phone,1,Married,6,1,3,156.95,0,0,0,0
11,9.0,3,Laptop & Accessory,1,Single,9,1,0,168.61,0,0,0,0
0,23.0,3,Mobile Phone,4,Divorced,2,0,0,122.1,1,0,0,1
1,17.0,4,Mobile Phone,1,Married,2,0,2,146.45,0,0,0,0
7,24.0,5,Mobile Phone,3,Married,11,1,1,149.37,0,0,0,1
1,10.0,5,Mobile Phone,3,Married,3,1,2,150.66,0,0,0,0
1,7.0,5,Laptop & Accessory,3,Single,3,0,3,171.17,0,0,0,0
9,15.0,1,Mobile Phone,4,Married,2,0,2,128.1,0,0,0,0
8,16.0,4,Fashion,2,Married,2,0,3,210.0,0,0,1,0
6,13.0,4,Mobile Phone,3,Married,10,1,0,124.37,0,1,0,1
4,17.0,4,Fashion,3,Single,11,0,3,221.67,0,0,1,0
0,13.0,3,Mobile Phone,5,Divorced,2,0,2,125.0,0,1,0,0
14,35.0,6,Fashion,5,Married,5,0,2,234.32,0,0,0,0
26,10.0,5,Grocery,5,Divorced,3,0,17,293.56,0,0,0,0
19,7.0,4,Mobile Phone,1,Married,5,0,3,147.7,0,0,0,0
3,8.0,4,Laptop & Accessory,1,Single,6,1,0,168.77,0,0,0,0
24,35.0,4,Grocery,5,Divorced,6,1,3,293.8,0,0,0,0
20,9.0,4,Fashion,1,Married,6,1,3,228.68,0,0,1,0
0,20.0,4,Mobile Phone,4,Married,2,1,2,137.43,0,0,0,1
0,23.0,3,Mobile Phone,3,Married,1,1,0,127.41,0,0,0,1
11,26.0,4,Fashion,4,Single,3,1,10,201.42,0,0,0,0
14,8.0,4,Mobile Phone,4,Married,5,0,4,148.87,0,0,0,0
10,25.0,4,Laptop & Accessory,1,Single,4,0,10,202.79,0,0,0,0
2,16.0,4,Laptop & Accessory,3,Single,10,0,4,158.69,0,0,0,0
10,16.0,3,Mobile Phone,4,Married,2,0,7,139.36,0,0,0,0
6,16.0,1,Fashion,3,Married,1,1,8,183.8,0,0,0,0
0,15.0,3,Laptop & Accessory,1,Single,2,0,7,141.05,0,0,0,0
9,34.0,4,Laptop & Accessory,3,Married,4,0,8,193.83,0,0,0,0
0,6.0,3,Mobile Phone,5,Married,5,0,2,121.94,1,0,0,0
1,21.0,4,Fashion,2,Single,2,1,8,200.53,0,0,0,1
6,11.0,4,Mobile Phone,2,Divorced,2,0,2,129.11,0,0,0,0
2,13.0,3,Laptop & Accessory,2,Married,2,1,0,166.23,0,0,0,0
3,35.0,3,Fashion,4,Married,4,0,3,192.5,0,0,0,0
9,7.0,4,Fashion,3,Single,3,0,3,212.89,0,0,1,0
10,7.0,6,Fashion,5,Married,4,1,3,227.52,0,0,1,0
8,23.0,3,Laptop & Accessory,5,Divorced,4,1,7,189.66,0,0,0,0
10,10.0,4,Mobile Phone,1,Married,7,0,1,153.35,0,0,0,0
1,15.0,5,Mobile Phone,1,Married,8,0,3,146.8,0,0,0,1
0,9.0,3,Mobile Phone,1,Married,5,0,4,120.97,1,0,0,0
26,9.0,5,Others,3,Single,3,1,13,315.68,0,0,0,0
11,10.0,4,Laptop & Accessory,4,Single,5,0,2,166.07,0,0,0,0
3,6.0,4,Laptop & Accessory,1,Married,2,1,0,151.26,0,0,0,0
1,34.0,4,Fashion,2,Divorced,3,0,10,201.39,0,0,0,1
0,16.0,4,Mobile Phone,3,Single,2,0,0,112.0,0,0,0,0
18,7.0,4,Mobile Phone,1,Single,8,1,3,149.36,0,0,0,0
7,29.0,4,Laptop & Accessory,4,Married,2,0,8,186.46,0,0,0,0
1,21.0,4,Mobile Phone,5,Divorced,3,1,9,147.35,0,0,0,0
5,27.0,4,Laptop & Accessory,3,Divorced,3,0,1,194.32,0,0,0,0
0,24.0,3,Mobile Phone,2,Single,2,0,7,121.53,1,0,0,0
7,12.0,4,Laptop & Accessory,1,Married,8,0,3,224.98,0,0,1,0
11,13.0,3,Laptop & Accessory,5,Married,6,1,8,184.74,0,0,0,0
15,8.0,5,Others,1,Married,2,0,9,298.45,0,0,0,1
13,11.0,4,Fashion,5,Married,6,1,12,204.75,0,0,0,0
4,29.0,4,Laptop & Accessory,2,Divorced,1,0,8,155.82,0,0,0,0
0,9.0,3,Mobile Phone,4,Married,4,1,3,122.77,1,0,0,0
7,13.0,4,Laptop & Accessory,2,Married,5,0,8,202.25,0,0,0,0
15,8.0,3,Others,3,Married,6,0,14,288.8,0,0,0,0
13,16.0,4,Laptop & Accessory,5,Married,3,0,10,176.51,0,0,0,0
9,9.0,1,Laptop & Accessory,5,Married,7,0,4,168.42,0,0,0,0
16,15.0,4,Others,1,Married,3,0,10,309.3,0,0,0,0
12,17.0,4,Laptop & Accessory,1,Married,3,0,10,178.43,0,0,0,0
4,13.0,3,Mobile Phone,4,Single,2,0,0,125.01,0,1,0,0
0,10.0,4,Mobile Phone,2,Divorced,1,0,4,131.62,0,0,0,0
5,19.0,4,Others,3,Divorced,3,0,9,320.45,0,0,0,1
2,35.0,5,Laptop & Accessory,3,Married,9,0,6,163.84,0,0,0,0
15,35.0,5,Laptop & Accessory,1,Single,5,0,0,142.72,0,0,0,0
0,25.0,3,Mobile Phone,1,Married,4,0,2,136.69,0,0,0,0
26,14.0,4,Fashion,4,Single,9,0,3,229.45,0,0,1,0
8,8.0,5,Fashion,3,Married,3,1,7,195.83,0,0,0,0
14,19.0,4,Laptop & Accessory,5,Married,4,0,8,169.48,0,0,0,0
0,31.0,1,Mobile Phone,1,Single,2,1,1,129.94,0,0,0,0
11,8.0,3,Laptop & Accessory,5,Married,4,0,7,168.93,0,0,0,0
9,11.0,5,Mobile Phone,1,Married,3,0,3,148.76,0,0,0,0
4,13.0,3,Laptop & Accessory,5,Married,2,0,12,143.06,0,0,0,0
0,6.0,4,Mobile Phone,4,Single,2,1,2,121.74,1,0,0,1
1,15.0,6,Mobile Phone,3,Married,3,0,3,171.21,0,0,0,0
9,13.0,6,Laptop & Accessory,1,Single,3,0,9,191.46,0,0,0,0
0,14.0,4,Mobile Phone,4,Single,2,0,0,112.61,1,0,0,1
8,13.0,1,Mobile Phone,4,Married,1,0,3,124.26,0,1,0,0
14,16.0,5,Laptop & Accessory,2,Divorced,11,0,3,173.76,0,0,0,0
9,17.0,3,Fashion,1,Married,1,0,8,197.38,0,0,0,0
22,24.0,4,Others,3,Married,2,1,9,295.02,0,0,0,0
15,17.0,4,Laptop & Accessory,2,Single,9,0,11,187.3,0,0,0,0
19,11.0,3,Laptop & Accessory,4,Married,2,1,2,150.21,0,0,0,0
22,14.0,4,Laptop & Accessory,5,Married,6,0,3,179.86,0,0,0,0
2,8.0,6,Laptop & Accessory,1,Married,2,0,6,191.74,0,0,0,0
23,34.0,3,Grocery,5,Divorced,5,1,2,268.8,0,0,0,0
9,9.0,3,Laptop & Accessory,4,Single,4,1,1,192.78,0,0,0,0
11,13.0,4,Laptop & Accessory,2,Single,1,0,5,140.28,0,0,0,0
1,16.0,4,Laptop & Accessory,5,Single,2,1,4,207.24,0,0,0,1
0,21.0,3,Fashion,3,Married,8,1,7,236.1,0,0,0,1
7,7.0,3,Laptop & Accessory,1,Married,10,0,1,154.84,0,0,0,0
26,26.0,4,Mobile Phone,1,Married,2,0,3,167.58,0,0,0,0
10,17.0,5,Laptop & Accessory,3,Married,3,1,8,181.73,0,0,0,0
7,34.0,4,Laptop & Accessory,3,Married,2,0,7,167.12,0,0,0,0
13,22.0,4,Laptop & Accessory,3,Single,7,0,0,150.94,0,0,0,0
7,12.0,4,Laptop & Accessory,2,Divorced,8,0,3,224.98,0,0,1,0
3,6.0,5,Mobile Phone,3,Divorced,4,0,2,138.33,0,0,0,0
23,6.0,3,Others,2,Married,4,0,6,295.17,0,0,0,0
2,7.0,5,Laptop & Accessory,1,Married,3,1,8,193.34,0,0,0,0
15,32.0,3,Fashion,5,Divorced,4,1,0,231.91,0,0,0,0
0,31.0,3,Mobile Phone,1,Single,2,1,1,127.95,0,0,0,1
0,13.0,3,Mobile Phone,5,Single,2,0,0,125.52,0,1,0,0
1,16.0,4,Mobile Phone,5,Married,3,0,3,150.0,0,0,0,0
0,8.0,5,Laptop & Accessory,1,Single,4,0,0,150.71,0,0,0,0
15,17.0,6,Laptop & Accessory,4,Single,3,0,10,186.51,0,0,0,0
3,16.0,2,Mobile Phone,3,Married,8,0,1,149.51,0,0,0,0
16,16.0,5,Others,1,Single,10,0,2,321.13,0,0,0,0
0,13.0,3,Mobile Phone,3,Married,2,0,0,123.77,0,1,0,1
0,13.0,4,Mobile Phone,4,Married,2,0,1,121.41,1,0,0,0
4,16.0,3,Laptop & Accessory,1,Married,3,1,4,165.83,0,0,0,0
0,19.0,3,Mobile Phone,4,Married,5,0,4,121.43,1,0,0,0
9,13.0,3,Mobile Phone,1,Single,3,0,1,146.78,0,0,0,0
12,30.0,5,Fashion,3,Single,2,0,3,220.26,0,0,1,0
17,16.0,4,Laptop & Accessory,3,Married,5,1,8,181.79,0,0,0,0
3,10.0,4,Mobile Phone,5,Single,3,1,6,172.23,0,0,0,0
2,14.0,4,Laptop & Accessory,2,Divorced,2,1,2,150.56,0,0,0,0
7,16.0,3,Mobile Phone,3,Married,2,1,0,138.15,0,0,0,0
16,13.0,3,Mobile Phone,3,Single,5,0,2,124.38,0,1,0,0
7,9.0,3,Laptop & Accessory,2,Single,1,0,4,177.56,0,0,0,0
10,8.0,5,Laptop & Accessory,3,Married,2,0,3,168.74,0,0,0,0
0,17.0,3,Mobile Phone,5,Married,1,0,4,120.99,1,0,0,0
18,6.0,2,Others,2,Divorced,1,0,7,292.02,0,0,0,0
0,6.0,4,Mobile Phone,5,Divorced,2,0,2,122.18,1,0,0,0
18,7.0,4,Laptop & Accessory,1,Married,6,1,3,182.43,0,0,0,0
0,11.0,3,Mobile Phone,3,Single,2,1,2,134.41,0,0,0,1
13,13.0,4,Fashion,4,Single,6,0,3,208.76,0,0,0,0
4,23.0,4,Laptop & Accessory,3,Divorced,10,0,3,178.01,0,0,0,0
0,10.0,3,Mobile Phone,2,Single,19,1,0,122.85,1,0,0,1
3,17.0,4,Mobile Phone,4,Married,3,0,3,147.97,0,0,0,0
1,28.0,2,Mobile Phone,1,Single,3,0,3,151.78,0,0,0,0
15,9.0,4,Grocery,4,Single,3,0,5,285.15,0,0,0,0
30,30.0,4,Grocery,4,Married,6,1,10,259.02,0,0,0,0
21,23.0,2,Laptop & Accessory,3,Married,3,1,8,175.67,0,0,0,0
13,19.0,4,Laptop & Accessory,4,Married,6,0,1,177.95,0,0,0,0
10,11.0,3,Laptop & Accessory,2,Married,8,0,4,163.47,0,0,0,0
14,25.0,3,Laptop & Accessory,5,Married,3,0,0,130.72,0,0,0,0
0,14.0,2,Laptop & Accessory,4,Divorced,1,0,2,148.51,0,0,0,0
0,12.0,3,Laptop & Accessory,3,Divorced,3,1,5,123.06,1,0,0,0
1,10.0,4,Mobile Phone,5,Single,7,1,5,151.57,0,0,0,1
19,8.0,3,Laptop & Accessory,2,Married,3,0,4,173.79,0,0,0,0
19,24.0,3,Fashion,3,Married,6,0,2,205.27,0,0,0,0
1,14.0,4,Mobile Phone,1,Married,3,1,3,147.75,0,0,0,1
23,12.0,4,Laptop & Accessory,3,Married,4,0,3,191.51,0,0,0,0
18,24.0,6,Mobile Phone,3,Single,4,0,1,147.9,0,0,0,0
4,29.0,5,Laptop & Accessory,3,Married,4,1,1,188.8,0,0,0,1
18,26.0,5,Fashion,5,Married,3,1,7,208.51,0,0,0,0
16,25.0,4,Laptop & Accessory,5,Married,8,1,3,179.1,0,0,0,0
17,15.0,4,Laptop & Accessory,4,Married,6,0,1,172.65,0,0,0,0
1,7.0,4,Mobile Phone,4,Single,3,0,2,145.96,0,0,0,0
24,14.0,4,Fashion,4,Married,6,0,3,224.9,0,0,1,0
19,8.0,3,Fashion,1,Married,4,0,7,185.78,0,0,0,0
1,27.0,4,Fashion,3,Married,5,0,3,223.24,0,0,1,1
1,9.0,5,Mobile Phone,3,Single,3,0,3,145.44,0,0,0,1
25,5.0,3,Fashion,4,Single,8,0,0,204.45,0,0,0,0
12,27.0,4,Laptop & Accessory,1,Married,4,1,4,161.2,0,0,0,0
19,13.0,4,Fashion,5,Married,6,1,1,257.45,0,0,0,0
0,27.0,4,Mobile Phone,4,Single,2,1,0,121.21,1,0,0,1
14,21.0,4,Laptop & Accessory,5,Married,3,0,3,171.39,0,0,0,0
17,26.0,3,Mobile Phone,4,Single,2,0,3,134.2,0,0,0,0
12,22.0,5,Fashion,1,Married,2,1,10,240.1,0,0,0,0
7,10.0,4,Mobile Phone,4,Married,5,1,4,147.77,0,0,0,0
5,7.0,4,Laptop & Accessory,5,Divorced,3,0,4,166.48,0,0,0,0
5,7.0,4,Laptop & Accessory,2,Single,10,1,6,184.93,0,0,0,1
6,10.0,4,Mobile Phone,4,Married,9,0,2,138.38,0,0,0,0
29,9.0,4,Grocery,1,Single,4,1,3,291.59,0,0,0,0
8,13.0,4,Mobile Phone,2,Divorced,2,0,2,123.76,0,1,0,0
0,6.0,4,Mobile Phone,5,Married,2,0,3,139.55,0,0,0,0
19,14.0,4,Laptop & Accessory,5,Married,9,1,7,146.15,0,0,0,0
11,16.0,3,Mobile Phone,3,Divorced,1,0,2,126.84,0,0,0,0
0,11.0,3,Laptop & Accessory,2,Divorced,4,0,0,120.86,1,0,0,1
10,8.0,4,Laptop & Accessory,1,Married,6,0,0,151.63,0,0,0,0
13,13.0,2,Fashion,3,Married,4,0,7,207.37,0,0,0,0
1,25.0,4,Mobile Phone,2,Single,3,0,1,151.93,0,0,0,1
2,9.0,3,Mobile Phone,5,Single,2,1,5,147.23,0,0,0,0
14,33.0,5,Laptop & Accessory,1,Married,5,1,1,169.22,0,0,0,0
3,27.0,4,Laptop & Accessory,1,Married,4,0,3,194.31,0,0,0,0
19,15.0,4,Laptop & Accessory,1,Married,11,0,9,161.97,0,0,0,0
26,7.0,4,Grocery,2,Divorced,4,0,9,295.99,0,0,0,0
19,20.0,3,Mobile Phone,4,Married,10,1,3,149.63,0,0,0,1
27,9.0,5,Fashion,4,Married,4,0,13,200.25,0,0,0,0
3,15.0,3,Laptop & Accessory,5,Married,2,0,10,130.72,0,0,0,0
0,10.0,4,Mobile Phone,3,Single,6,0,2,138.94,0,0,0,1
22,11.0,3,Laptop & Accessory,3,Divorced,3,0,2,166.51,0,0,0,0
0,8.0,3,Mobile Phone,3,Single,3,0,0,134.85,0,0,0,1
1,11.0,5,Mobile Phone,3,Single,7,0,3,163.94,0,0,0,1
1,9.0,4,Mobile Phone,5,Divorced,9,0,8,152.07,0,0,0,1
1,11.0,5,Laptop & Accessory,1,Single,3,1,4,169.87,0,0,0,0
0,9.0,4,Mobile Phone,1,Married,4,0,0,121.77,1,0,0,0
8,10.0,4,Mobile Phone,2,Divorced,2,0,3,162.37,0,0,0,0
19,24.0,3,Fashion,3,Divorced,6,0,2,205.27,0,0,0,0
1,24.0,5,Mobile Phone,1,Married,7,0,4,148.67,0,0,0,1
7,17.0,5,Laptop & Accessory,1,Single,5,0,2,171.82,0,0,0,0
14,11.0,5,Fashion,1,Married,9,0,12,233.55,0,0,0,0
28,26.0,4,Laptop & Accessory,5,Married,11,1,5,179.85,0,0,0,0
9,16.0,4,Laptop & Accessory,3,Married,2,1,7,156.73,0,0,0,0
1,13.0,3,Laptop & Accessory,5,Single,1,0,3,148.98,0,0,0,0
10,10.0,5,Fashion,1,Married,2,0,5,201.44,0,0,0,0
30,16.0,4,Mobile Phone,3,Married,4,0,4,154.42,0,0,0,0
4,17.0,5,Laptop & Accessory,3,Married,3,0,5,190.78,0,0,0,0
15,9.0,1,Laptop & Accessory,2,Divorced,3,1,3,152.31,0,0,0,0
28,8.0,3,Grocery,1,Single,3,1,2,266.59,0,0,0,0
1,13.0,6,Mobile Phone,3,Married,2,0,1,148.51,0,0,0,1
9,15.0,5,Fashion,2,Divorced,6,1,3,228.77,0,0,1,0
9,14.0,4,Fashion,3,Single,5,0,3,227.21,0,0,1,0
0,8.0,1,Mobile Phone,2,Divorced,2,0,7,120.11,1,0,0,0
6,13.0,3,Mobile Phone,1,Single,5,0,0,124.96,0,1,0,0
0,19.0,3,Mobile Phone,4,Divorced,4,0,4,121.43,1,0,0,0
15,19.0,1,Laptop & Accessory,5,Married,6,0,0,155.38,0,0,0,0
1,9.0,4,Mobile Phone,3,Single,4,0,1,159.85,0,0,0,1
9,25.0,4,Laptop & Accessory,3,Married,3,0,1,171.01,0,0,0,0
7,35.0,4,Laptop & Accessory,3,Married,3,1,8,177.07,0,0,0,0
7,10.0,3,Laptop & Accessory,3,Divorced,10,0,2,165.38,0,0,0,0
20,7.0,5,Fashion,5,Married,4,1,6,231.73,0,0,0,0
3,13.0,4,Mobile Phone,2,Divorced,3,0,9,156.31,0,0,0,0
1,8.0,4,Mobile Phone,3,Married,5,0,3,154.09,0,0,0,1
1,10.0,4,Mobile Phone,1,Married,3,0,1,145.61,0,0,0,0
0,12.0,3,Mobile Phone,3,Divorced,9,0,2,122.67,1,0,0,0
11,12.0,2,Mobile Phone,3,Single,2,0,4,160.0,0,0,0,0
1,27.0,4,Fashion,3,Divorced,5,0,3,223.24,0,0,1,1
20,9.0,4,Others,1,Married,9,1,3,318.28,0,0,0,0
25,35.0,3,Mobile Phone,1,Married,3,0,0,134.82,0,0,0,0
0,10.0,4,Laptop & Accessory,5,Married,2,0,3,142.56,0,0,0,0
14,10.0,5,Laptop & Accessory,4,Married,7,0,2,164.3,0,0,0,0
1,15.0,2,Mobile Phone,3,Married,9,0,3,160.17,0,0,0,0
19,9.0,4,Laptop & Accessory,1,Single,6,0,4,176.6,0,0,0,1
31,23.0,4,Laptop & Accessory,5,Single,10,0,3,179.05,0,0,0,0
8,9.0,4,Mobile Phone,3,Married,8,0,3,147.31,0,0,0,0
7,6.0,1,Laptop & Accessory,2,Married,1,0,9,197.25,0,0,0,0
1,11.0,3,Mobile Phone,5,Divorced,4,0,3,153.19,0,0,0,0
8,6.0,4,Mobile Phone,3,Single,2,0,4,128.59,0,0,0,0
6,15.0,4,Fashion,1,Single,3,0,3,214.98,0,0,1,0
4,26.0,1,Mobile Phone,2,Divorced,1,0,2,127.91,0,0,0,0
4,7.0,6,Mobile Phone,3,Married,5,0,3,163.33,0,0,0,0
9,7.0,5,Laptop & Accessory,2,Divorced,2,0,1,178.63,0,0,0,0
2,8.0,3,Laptop & Accessory,3,Married,2,0,2,146.49,0,0,0,0
30,7.0,5,Fashion,1,Married,4,0,0,208.83,0,0,0,0
1,23.0,4,Fashion,3,Married,4,0,1,206.61,0,0,0,1
30,13.0,3,Mobile Phone,3,Married,2,0,2,123.72,0,1,0,0
23,18.0,3,Fashion,1,Single,5,0,1,192.08,0,0,0,0
0,6.0,3,Mobile Phone,1,Married,2,0,3,120.44,1,0,0,0
2,7.0,4,Mobile Phone,1,Married,3,0,3,152.06,0,0,0,0
18,35.0,3,Fashion,1,Divorced,5,1,2,193.8,0,0,0,0
17,11.0,3,Others,4,Married,8,0,10,282.13,0,0,0,0
19,16.0,4,Laptop & Accessory,4,Married,10,0,16,148.48,0,0,0,0
5,8.0,3,Laptop & Accessory,4,Married,1,0,6,154.7,0,0,0,0
10,9.0,5,Laptop & Accessory,1,Single,3,0,9,163.86,0,0,0,0
0,32.0,3,Laptop & Accessory,2,Single,2,0,4,161.8,0,0,0,0
26,36.0,4,Mobile Phone,1,Married,4,0,1,159.82,0,0,0,0
0,13.0,5,Mobile Phone,5,Divorced,2,0,1,124.51,0,1,0,0
24,18.0,4,Others,4,Single,5,0,5,324.26,0,0,0,0
1,13.0,6,Laptop & Accessory,3,Divorced,6,1,8,186.72,0,0,0,1
10,15.0,3,Fashion,5,Divorced,11,0,6,242.13,0,0,0,0
0,15.0,3,Mobile Phone,2,Divorced,2,0,4,120.7,1,0,0,0
14,13.0,4,Grocery,3,Single,9,0,14,257.37,0,0,0,0
0,13.0,3,Mobile Phone,4,Single,3,0,3,120.13,1,0,0,0
8,14.0,4,Mobile Phone,1,Single,3,0,1,154.72,0,0,0,0
9,33.0,3,Laptop & Accessory,3,Married,7,0,7,152.37,0,0,0,0
4,14.0,4,Mobile Phone,4,Single,2,0,3,154.83,0,0,0,0
0,9.0,3,Mobile Phone,1,Married,2,0,0,120.61,1,0,0,0
2,12.0,4,Laptop & Accessory,2,Single,3,0,3,174.08,0,0,0,0
17,34.0,1,Grocery,1,Married,4,1,11,233.2,0,0,0,0
5,13.0,2,Laptop & Accessory,1,Married,6,0,8,179.6,0,0,0,0
1,27.0,4,Mobile Phone,4,Married,2,1,5,146.48,0,0,0,1
5,11.0,4,Laptop & Accessory,4,Single,3,0,3,218.55,0,0,1,1
3,15.0,5,Laptop & Accessory,2,Divorced,3,1,3,175.56,0,0,0,0
24,6.0,3,Mobile Phone,1,Married,2,0,0,127.23,0,0,0,0
1,17.0,5,Mobile Phone,3,Single,3,0,1,137.0,0,0,0,0
12,14.0,3,Laptop & Accessory,5,Married,3,1,8,181.05,0,0,0,0
20,6.0,3,Fashion,4,Married,1,0,3,219.57,0,0,1,0
0,13.0,5,Mobile Phone,1,Single,2,1,0,123.4,0,1,0,1
20,9.0,4,Grocery,3,Married,8,0,2,303.61,0,0,0,0
18,12.0,5,Mobile Phone,3,Single,5,0,4,156.62,0,0,0,0
12,9.0,4,Mobile Phone,4,Married,7,0,9,150.92,0,0,0,0
15,14.0,3,Others,2,Married,2,0,9,284.3,0,0,0,0
28,8.0,3,Grocery,2,Single,3,1,2,266.59,0,0,0,0
10,10.0,4,Laptop & Accessory,4,Single,6,0,8,169.85,0,0,0,0
27,25.0,3,Laptop & Accessory,5,Married,10,1,4,154.85,0,0,0,0
20,8.0,3,Laptop & Accessory,2,Married,6,0,4,150.7,0,0,0,0
0,33.0,3,Laptop & Accessory,1,Single,2,1,7,158.13,0,0,0,1
0,33.0,3,Fashion,1,Married,2,0,9,176.39,0,0,0,1
0,8.0,3,Mobile Phone,3,Married,3,0,2,120.01,1,0,0,0
7,7.0,4,Laptop & Accessory,5,Single,1,0,9,153.43,0,0,0,0
10,16.0,4,Fashion,1,Married,6,0,3,225.96,0,0,1,1
8,34.0,4,Mobile Phone,4,Single,4,0,3,148.11,0,0,0,0
1,7.0,6,Mobile Phone,5,Single,2,0,1,148.25,0,0,0,1
14,13.0,3,Mobile Phone,3,Married,5,0,8,124.51,0,1,0,0
1,9.0,2,Laptop & Accessory,3,Single,2,0,8,190.0,0,0,0,0
1,35.0,3,Laptop & Accessory,5,Married,8,1,0,166.73,0,0,0,1
4,6.0,5,Laptop & Accessory,5,Married,2,0,7,150.03,0,0,0,0
14,9.0,4,Laptop & Accessory,2,Single,3,0,9,171.61,0,0,0,0
6,11.0,3,Laptop & Accessory,2,Divorced,7,0,2,199.98,0,0,0,0
19,32.0,5,Laptop & Accessory,1,Married,2,0,9,184.06,0,0,0,0
0,13.0,3,Mobile Phone,4,Single,2,1,2,124.78,0,1,0,0
19,9.0,4,Laptop & Accessory,3,Married,6,0,8,176.54,0,0,0,0
11,21.0,4,Mobile Phone,5,Married,3,0,18,155.34,0,0,0,0
1,21.0,4,Mobile Phone,2,Divorced,7,1,5,149.36,0,0,0,1
15,19.0,4,Mobile Phone,2,Divorced,5,1,1,172.66,0,0,0,0
1,26.0,2,Laptop & Accessory,1,Single,10,1,5,178.04,0,0,0,1
13,15.0,4,Mobile Phone,3,Married,3,0,8,162.55,0,0,0,0
21,10.0,4,Grocery,1,Married,3,0,2,252.02,0,0,0,0
0,11.0,1,Laptop & Accessory,5,Married,2,0,5,140.0,0,0,0,0
6,11.0,5,Laptop & Accessory,3,Married,3,0,9,186.62,0,0,0,0
15,8.0,3,Fashion,1,Married,3,1,9,201.24,0,0,0,0
4,35.0,4,Laptop & Accessory,2,Divorced,3,0,10,182.75,0,0,0,0
12,9.0,4,Mobile Phone,2,Divorced,3,1,1,142.02,0,0,0,0
4,8.0,3,Mobile Phone,2,Married,1,1,2,126.95,0,0,0,0
0,19.0,3,Laptop & Accessory,4,Single,6,0,0,157.65,0,0,0,1
24,20.0,3,Laptop & Accessory,2,Divorced,5,0,7,149.36,0,0,0,0
12,30.0,4,Laptop & Accessory,1,Married,11,0,3,182.45,0,0,0,0
0,19.0,3,Laptop & Accessory,5,Married,3,0,2,142.33,0,0,0,1
14,6.0,2,Fashion,5,Divorced,2,0,7,183.92,0,0,0,0
8,15.0,4,Laptop & Accessory,4,Single,10,0,0,165.4,0,0,0,0
17,15.0,4,Laptop & Accessory,3,Married,6,1,3,170.22,0,0,0,0
9,9.0,3,Mobile Phone,1,Married,6,0,0,128.35,0,0,0,0
14,23.0,4,Mobile Phone,3,Married,11,0,1,160.44,0,0,0,0
5,14.0,1,Laptop & Accessory,1,Married,2,0,8,162.09,0,0,0,0
11,8.0,1,Laptop & Accessory,5,Single,7,1,12,159.8,0,0,0,0
21,12.0,4,Laptop & Accessory,3,Single,3,0,2,142.4,0,0,0,0
10,9.0,4,Mobile Phone,3,Married,6,0,3,150.43,0,0,0,0
19,8.0,3,Others,5,Single,4,0,1,289.47,0,0,0,0
0,7.0,4,Mobile Phone,3,Married,2,1,0,129.33,0,0,0,0
16,33.0,4,Grocery,4,Divorced,7,0,9,260.25,0,0,0,0
7,13.0,1,Mobile Phone,3,Divorced,1,0,0,125.85,0,1,0,0
6,13.0,4,Laptop & Accessory,3,Single,3,0,8,175.1,0,0,0,0
18,16.0,4,Mobile Phone,5,Married,3,1,2,150.59,0,0,0,0
6,9.0,4,Mobile Phone,4,Divorced,3,0,8,148.7,0,0,0,0
17,10.0,3,Laptop & Accessory,4,Single,10,0,3,159.33,0,0,0,0
17,22.0,5,Laptop & Accessory,2,Divorced,5,0,3,193.04,0,0,0,0
2,8.0,5,Mobile Phone,3,Married,3,0,1,140.63,0,0,0,0
31,12.0,5,Fashion,4,Married,4,1,3,230.52,0,0,1,0
17,8.0,1,Fashion,1,Married,2,1,7,178.79,0,0,0,0
4,7.0,4,Mobile Phone,3,Married,2,0,4,145.64,0,0,0,0
0,29.0,4,Laptop & Accessory,3,Married,2,0,8,135.4,0,0,0,0
7,16.0,4,Laptop & Accessory,3,Married,2,0,7,150.63,0,0,0,0
10,9.0,3,Fashion,3,Married,2,0,8,194.34,0,0,0,0
19,6.0,3,Others,1,Married,10,0,2,296.27,0,0,0,0
7,28.0,4,Laptop & Accessory,1,Married,2,1,11,157.47,0,0,0,0
8,8.0,4,Mobile Phone,1,Single,1,1,4,149.3,0,0,0,0
16,9.0,2,Laptop & Accessory,5,Married,9,0,4,187.72,0,0,0,0
7,28.0,2,Mobile Phone,4,Married,3,0,14,145.28,0,0,0,0
0,31.0,1,Mobile Phone,2,Single,2,1,1,129.94,0,0,0,0
1,16.0,4,Laptop & Accessory,1,Single,3,0,8,166.05,0,0,0,0
8,31.0,4,Fashion,4,Divorced,4,0,8,209.03,0,0,0,0
5,9.0,4,Laptop & Accessory,1,Single,6,1,6,190.82,0,0,0,0
4,8.0,3,Mobile Phone,3,Married,2,0,3,134.77,0,0,0,0
1,32.0,4,Mobile Phone,2,Single,3,1,2,152.95,0,0,0,1
12,25.0,3,Laptop & Accessory,1,Married,9,0,2,139.02,0,0,0,0
7,11.0,4,Laptop & Accessory,1,Married,2,0,13,139.86,0,0,0,0
4,13.0,3,Laptop & Accessory,1,Married,4,0,7,159.15,0,0,0,0
0,25.0,1,Laptop & Accessory,1,Single,9,1,4,153.04,0,0,0,1
1,8.0,5,Laptop & Accessory,3,Single,3,0,3,171.17,0,0,0,0
1,13.0,4,Mobile Phone,2,Divorced,3,1,3,151.59,0,0,0,0
1,12.0,4,Mobile Phone,4,Single,2,0,3,149.22,0,0,0,1
0,19.0,3,Laptop & Accessory,3,Single,4,1,2,198.54,0,0,0,1
13,28.0,6,Laptop & Accessory,3,Married,8,0,3,182.36,0,0,0,0
1,9.0,4,Mobile Phone,5,Married,2,0,3,155.41,0,0,0,1
28,6.0,3,Others,5,Single,1,1,13,290.45,0,0,0,0
13,9.0,4,Mobile Phone,3,Divorced,2,1,2,126.83,0,0,0,1
16,21.0,4,Laptop & Accessory,1,Married,4,0,2,168.04,0,0,0,0
4,7.0,4,Mobile Phone,4,Married,3,0,8,162.48,0,0,0,0
20,8.0,4,Mobile Phone,2,Single,2,1,2,132.94,0,0,0,0
0,33.0,3,Fashion,2,Divorced,2,0,9,176.39,0,0,0,1
9,13.0,4,Mobile Phone,5,Married,1,0,3,123.42,0,1,0,0
3,35.0,3,Laptop & Accessory,5,Married,9,0,3,141.15,0,0,0,0
3,30.0,2,Mobile Phone,3,Married,3,0,8,152.0,0,0,0,0
14,13.0,4,Grocery,1,Single,3,1,8,289.37,0,0,0,0
19,19.0,3,Laptop & Accessory,4,Single,7,0,9,155.62,0,0,0,0
0,29.0,3,Laptop & Accessory,4,Married,5,0,2,120.42,1,0,0,0
0,9.0,3,Mobile Phone,3,Married,2,0,0,120.83,1,0,0,0
9,13.0,3,Mobile Phone,3,Single,5,0,9,125.19,0,1,0,0
0,13.0,4,Fashion,2,Married,10,0,3,215.57,0,0,1,0
4,12.0,2,Laptop & Accessory,2,Married,5,0,7,154.6,0,0,0,0
31,7.0,5,Laptop & Accessory,3,Single,9,0,4,179.73,0,0,0,0
25,25.0,3,Mobile Phone,1,Married,1,0,2,142.58,0,0,0,0
8,13.0,3,Fashion,3,Single,4,0,6,202.21,0,0,0,0
0,24.0,1,Mobile Phone,5,Married,1,0,0,129.56,0,0,0,1
0,15.0,4,Mobile Phone,3,Divorced,1,1,0,133.88,0,0,0,1
9,25.0,4,Laptop & Accessory,5,Married,2,0,5,25.0,0,0,0,0
11,14.0,4,Fashion,3,Single,6,0,3,261.64,0,0,0,0
0,26.0,3,Laptop & Accessory,3,Single,1,0,2,122.72,1,0,0,0
1,17.0,4,Laptop & Accessory,5,Single,3,0,9,167.13,0,0,0,1
0,13.0,3,Mobile Phone,3,Single,2,1,7,123.94,0,1,0,1
2,8.0,4,Laptop & Accessory,4,Married,3,0,0,166.44,0,0,0,0
5,8.0,3,Laptop & Accessory,3,Single,5,1,7,149.98,0,0,0,0
9,6.0,5,Fashion,5,Married,3,1,7,202.52,0,0,0,0
2,11.0,4,Laptop & Accessory,4,Married,2,1,9,141.87,0,0,0,0
14,12.0,3,Fashion,2,Single,4,1,0,235.91,0,0,0,0
1,14.0,4,Mobile Phone,3,Married,5,1,8,158.39,0,0,0,1
16,35.0,5,Laptop & Accessory,2,Divorced,2,0,5,170.23,0,0,0,0
11,7.0,4,Fashion,1,Single,6,0,3,199.91,0,0,0,0
1,13.0,2,Mobile Phone,5,Divorced,3,1,1,141.01,0,0,0,1
12,9.0,5,Mobile Phone,4,Married,6,0,6,149.68,0,0,0,0
1,12.0,4,Mobile Phone,4,Single,3,1,1,143.78,0,0,0,1
1,29.0,4,Mobile Phone,3,Single,3,0,3,159.47,0,0,0,0
26,19.0,2,Laptop & Accessory,5,Married,2,0,3,144.5,0,0,0,0
16,7.0,5,Laptop & Accessory,1,Married,11,1,3,185.62,0,0,0,0
0,14.0,4,Laptop & Accessory,5,Single,7,0,2,153.26,0,0,0,1
17,14.0,1,Mobile Phone,1,Married,3,1,2,128.18,0,0,0,0
31,8.0,6,Fashion,1,Married,5,0,1,233.83,0,0,0,0
5,14.0,4,Laptop & Accessory,2,Married,6,0,8,200.47,0,0,0,0
19,9.0,5,Mobile Phone,3,Single,3,0,1,147.74,0,0,0,0
8,9.0,5,Mobile Phone,3,Married,5,0,8,152.68,0,0,0,0
31,7.0,4,Fashion,1,Married,5,1,5,244.04,0,0,0,0
0,13.0,3,Mobile Phone,5,Single,4,0,2,120.62,1,0,0,0
6,16.0,4,Laptop & Accessory,1,Single,4,0,1,146.82,0,0,0,0
10,9.0,4,Mobile Phone,1,Single,5,1,3,151.44,0,0,0,0
1,15.0,4,Laptop & Accessory,3,Married,2,1,5,174.07,0,0,0,0
18,8.0,5,Laptop & Accessory,3,Single,1,0,1,166.32,0,0,0,0
5,10.0,4,Fashion,3,Married,11,0,3,261.75,0,0,0,0
3,8.0,4,Laptop & Accessory,2,Single,6,1,0,168.77,0,0,0,0
3,13.0,4,Mobile Phone,1,Married,3,0,9,156.31,0,0,0,0
27,31.0,2,Fashion,1,Married,5,0,3,195.05,0,0,0,0
13,13.0,3,Others,4,Single,2,0,8,298.33,0,0,0,0
0,6.0,4,Mobile Phone,3,Divorced,7,0,7,122.58,1,0,0,0
8,31.0,3,Fashion,3,Married,2,1,1,203.88,0,0,0,0
23,6.0,4,Mobile Phone,3,Married,3,0,2,136.9,0,0,0,0
12,21.0,4,Laptop & Accessory,4,Married,2,0,3,224.24,0,0,1,0
0,13.0,4,Mobile Phone,5,Single,1,1,2,123.21,0,1,0,1
19,7.0,2,Others,1,Married,2,0,8,317.02,0,0,0,0
15,14.0,3,Laptop & Accessory,4,Married,1,0,2,168.25,0,0,0,0
15,8.0,4,Laptop & Accessory,5,Married,2,0,8,166.03,0,0,0,0
16,33.0,4,Grocery,4,Married,7,0,9,260.25,0,0,0,0
0,8.0,3,Mobile Phone,4,Married,5,0,2,121.87,1,0,0,0
14,9.0,4,Mobile Phone,5,Married,6,0,3,158.77,0,0,0,0
1,9.0,5,Laptop & Accessory,4,Single,9,1,3,224.07,0,0,1,1
0,10.0,2,Mobile Phone,5,Divorced,3,0,2,128.19,0,0,0,0
26,18.0,4,Laptop & Accessory,3,Divorced,10,0,5,156.49,0,0,0,0
7,17.0,4,Laptop & Accessory,4,Married,5,0,8,144.9,0,0,0,0
3,17.0,5,Laptop & Accessory,4,Married,3,1,8,207.68,0,0,0,0
7,11.0,5,Mobile Phone,4,Divorced,8,0,2,151.22,0,0,0,0
6,16.0,3,Laptop & Accessory,3,Single,2,0,9,154.87,0,0,0,0
5,7.0,5,Mobile Phone,5,Divorced,3,0,3,147.18,0,0,0,0
23,6.0,4,Mobile Phone,3,Divorced,3,0,2,136.9,0,0,0,0
0,9.0,4,Fashion,2,Divorced,2,1,7,203.25,0,0,0,1
20,15.0,5,Laptop & Accessory,5,Married,10,1,8,171.15,0,0,0,0
9,23.0,4,Fashion,4,Married,2,0,10,205.2,0,0,0,0
27,16.0,3,Laptop & Accessory,5,Single,7,1,4,144.4,0,0,0,0
8,6.0,3,Fashion,4,Divorced,2,0,6,172.95,0,0,0,0
29,15.0,5,Grocery,4,Married,3,1,1,260.77,0,0,0,0
2,13.0,1,Mobile Phone,3,Married,7,0,0,124.51,0,1,0,0
29,15.0,3,Grocery,1,Married,8,0,3,211.03,0,0,1,0
22,17.0,5,Others,4,Married,6,0,10,321.65,0,0,0,0
11,12.0,4,Laptop & Accessory,3,Married,3,0,7,153.21,0,0,0,0
1,14.0,5,Laptop & Accessory,5,Single,10,0,8,193.11,0,0,0,0
9,27.0,3,Laptop & Accessory,4,Married,5,0,7,189.26,0,0,0,1
17,13.0,5,Grocery,2,Married,6,1,1,291.27,0,0,0,0
11,24.0,5,Laptop & Accessory,1,Married,4,1,0,158.11,0,0,0,0
15,6.0,3,Laptop & Accessory,3,Married,2,0,6,149.07,0,0,0,0
0,13.0,3,Mobile Phone,2,Divorced,2,1,0,125.15,0,1,0,1
14,6.0,1,Fashion,5,Married,2,0,7,183.92,0,0,0,0
8,24.0,1,Laptop & Accessory,5,Married,2,0,10,152.08,0,0,0,0
0,13.0,3,Mobile Phone,3,Married,1,1,7,123.08,1,0,0,0
1,11.0,4,Mobile Phone,2,Single,3,1,3,153.75,0,0,0,0
0,6.0,3,Mobile Phone,2,Married,4,0,2,122.7,1,0,0,0
6,12.0,3,Laptop & Accessory,1,Married,4,0,7,177.25,0,0,0,0
0,26.0,5,Laptop & Accessory,3,Married,4,1,2,145.59,0,0,0,1
23,9.0,4,Others,1,Married,5,0,4,316.61,0,0,0,0
19,8.0,4,Laptop & Accessory,3,Single,6,0,4,178.99,0,0,0,0
19,12.0,6,Laptop & Accessory,5,Single,3,1,5,182.69,0,0,0,0
10,7.0,5,Laptop & Accessory,1,Married,2,0,3,195.25,0,0,0,0
0,8.0,4,Mobile Phone,2,Single,8,0,0,127.85,0,0,0,1
2,14.0,4,Laptop & Accessory,5,Single,2,0,4,173.98,0,0,0,0
2,16.0,3,Mobile Phone,4,Married,1,0,1,132.91,0,0,0,0
27,11.0,3,Others,5,Married,5,0,2,294.06,0,0,0,0
22,10.0,4,Others,3,Divorced,3,0,0,287.11,0,0,0,0
1,32.0,4,Laptop & Accessory,5,Divorced,2,0,4,147.24,0,0,0,0
0,29.0,3,Fashion,5,Married,10,1,2,199.5,0,0,0,1
12,36.0,4,Laptop & Accessory,1,Single,3,0,10,149.06,0,0,0,0
1,7.0,4,Mobile Phone,4,Single,3,1,5,157.02,0,0,0,1
1,6.0,5,Laptop & Accessory,2,Divorced,1,0,5,166.74,0,0,0,0
17,14.0,4,Fashion,5,Divorced,10,0,3,224.85,0,0,1,0
20,21.0,4,Mobile Phone,4,Married,11,1,4,174.63,0,0,0,1
9,30.0,3,Laptop & Accessory,4,Married,8,0,8,156.74,0,0,0,0
8,13.0,3,Mobile Phone,2,Divorced,2,0,2,125.72,0,1,0,0
0,8.0,4,Mobile Phone,2,Single,2,0,0,111.02,0,0,0,1
0,12.0,5,Laptop & Accessory,3,Divorced,5,1,7,161.72,0,0,0,1
1,29.0,4,Laptop & Accessory,3,Married,3,1,8,186.79,0,0,0,1
7,11.0,5,Mobile Phone,4,Divorced,10,0,3,163.38,0,0,0,0
5,14.0,4,Laptop & Accessory,4,Divorced,2,1,9,152.28,0,0,0,0
0,15.0,3,Mobile Phone,1,Single,2,0,0,110.81,0,0,0,1
10,6.0,5,Laptop & Accessory,1,Married,2,0,3,195.25,0,0,0,0
22,14.0,4,Laptop & Accessory,4,Married,2,0,7,151.3,0,0,0,0
7,10.0,3,Fashion,1,Married,3,1,0,197.13,0,0,0,0
13,13.0,3,Mobile Phone,4,Married,4,0,3,123.87,0,1,0,0
6,9.0,4,Mobile Phone,4,Married,3,0,8,148.7,0,0,0,0
0,21.0,3,Mobile Phone,1,Single,2,0,0,128.71,0,0,0,0
27,14.0,4,Others,3,Married,5,0,8,311.06,0,0,0,0
4,18.0,3,Mobile Phone,2,Divorced,9,1,2,139.29,0,0,0,0
6,9.0,4,Laptop & Accessory,4,Divorced,2,1,3,165.78,0,0,0,0
14,9.0,4,Laptop & Accessory,4,Married,9,0,4,182.15,0,0,0,0
0,16.0,4,Laptop & Accessory,1,Married,2,1,4,157.69,0,0,0,0
13,6.0,5,Others,2,Divorced,3,0,4,317.72,0,0,0,0
0,15.0,4,Mobile Phone,5,Married,4,0,2,144.0,0,0,0,1
1,18.0,4,Mobile Phone,5,Divorced,2,0,5,145.99,0,0,0,0
1,35.0,5,Laptop & Accessory,3,Married,4,0,3,211.39,0,0,1,0
16,30.0,5,Laptop & Accessory,3,Single,3,0,8,168.32,0,0,0,0
9,25.0,4,Fashion,1,Single,4,0,3,218.62,0,0,1,0
23,6.0,3,Laptop & Accessory,3,Married,1,0,13,163.47,0,0,0,0
30,13.0,3,Others,5,Married,6,0,10,295.66,0,0,0,0
24,16.0,4,Others,3,Married,6,1,1,318.31,0,0,0,0
1,16.0,4,Mobile Phone,4,Married,8,0,3,145.24,0,0,0,0
20,25.0,4,Laptop & Accessory,3,Married,4,0,9,173.1,0,0,0,0
16,18.0,4,Grocery,4,Married,2,0,9,243.36,0,0,0,0
10,6.0,3,Fashion,1,Single,5,0,2,174.91,0,0,0,0
16,10.0,4,Fashion,1,Single,4,0,17,202.31,0,0,0,0
18,15.0,3,Fashion,5,Married,5,1,2,207.61,0,0,0,0
6,23.0,3,Grocery,3,Single,2,0,0,274.44,0,0,0,0
8,26.0,4,Laptop & Accessory,4,Married,6,0,11,169.44,0,0,0,0
10,7.0,4,Laptop & Accessory,4,Divorced,2,0,6,177.28,0,0,0,0
26,7.0,5,Others,3,Married,2,0,10,324.99,0,0,0,0
27,23.0,3,Fashion,3,Divorced,9,0,8,207.39,0,0,0,0
29,21.0,3,Others,4,Single,10,0,16,312.22,0,0,0,0
3,11.0,5,Mobile Phone,5,Married,3,0,1,146.09,0,0,0,0
13,20.0,4,Others,3,Single,2,0,9,296.26,0,0,0,0
6,12.0,2,Mobile Phone,1,Married,5,0,3,158.12,0,0,0,0
2,26.0,3,Laptop & Accessory,1,Married,3,0,2,169.31,0,0,0,0
6,9.0,3,Laptop & Accessory,2,Single,9,0,8,175.55,0,0,0,0
9,6.0,3,Laptop & Accessory,4,Divorced,1,0,5,152.28,0,0,0,0
9,10.0,3,Laptop & Accessory,4,Married,8,0,2,151.31,0,0,0,0
22,11.0,4,Fashion,2,Single,3,0,9,203.98,0,0,0,0
11,21.0,4,Fashion,1,Married,1,1,3,215.1,0,0,1,0
10,10.0,3,Mobile Phone,3,Married,8,1,3,129.96,0,0,0,0
9,8.0,4,Laptop & Accessory,1,Single,2,0,8,138.86,0,0,0,0
1,9.0,5,Mobile Phone,2,Single,3,0,1,150.64,0,0,0,1
4,13.0,4,Mobile Phone,4,Single,1,1,2,126.57,0,1,0,0
1,23.0,4,Mobile Phone,4,Married,11,0,3,153.11,0,0,0,0
9,7.0,5,Mobile Phone,3,Divorced,8,0,8,147.58,0,0,0,0
8,11.0,4,Laptop & Accessory,3,Married,11,0,3,190.38,0,0,0,0
9,16.0,4,Laptop & Accessory,3,Single,3,0,9,175.98,0,0,0,0
24,9.0,4,Grocery,3,Divorced,7,0,4,301.39,0,0,0,0
0,13.0,4,Mobile Phone,4,Married,2,0,0,125.96,0,1,0,1
9,35.0,5,Mobile Phone,3,Married,2,0,3,149.3,0,0,0,0
7,25.0,3,Laptop & Accessory,4,Married,5,0,10,144.44,0,0,0,0
1,26.0,4,Mobile Phone,1,Married,5,0,3,161.69,0,0,0,0
11,15.0,4,Laptop & Accessory,4,Married,4,0,8,165.71,0,0,0,0
7,15.0,4,Laptop & Accessory,3,Married,2,0,3,196.04,0,0,0,0
5,13.0,4,Mobile Phone,4,Divorced,7,0,2,123.32,0,1,0,0
9,25.0,4,Laptop & Accessory,3,Divorced,3,0,1,171.01,0,0,0,0
3,14.0,4,Mobile Phone,5,Single,5,0,3,145.62,0,0,0,0
14,9.0,5,Mobile Phone,2,Single,2,1,4,148.42,0,0,0,0
0,35.0,4,Mobile Phone,4,Single,1,0,4,134.79,0,0,0,1
13,31.0,4,Laptop & Accessory,1,Single,9,0,8,166.08,0,0,0,0
17,6.0,3,Laptop & Accessory,3,Divorced,8,0,0,147.68,0,0,0,0
0,29.0,4,Fashion,5,Married,2,0,10,173.36,0,0,0,1
19,35.0,5,Grocery,4,Single,3,0,7,292.04,0,0,0,0
18,8.0,4,Laptop & Accessory,1,Married,2,0,9,157.7,0,0,0,0
13,18.0,4,Fashion,2,Divorced,3,0,8,201.54,0,0,0,1
0,11.0,3,Mobile Phone,2,Single,2,0,0,110.51,0,0,0,0
13,18.0,4,Fashion,1,Married,3,0,8,201.54,0,0,0,1
8,7.0,2,Laptop & Accessory,2,Married,2,0,3,222.25,0,0,1,0
16,7.0,4,Laptop & Accessory,3,Married,3,0,7,174.07,0,0,0,0
7,8.0,4,Laptop & Accessory,5,Married,7,0,9,159.57,0,0,0,0
0,29.0,4,Laptop & Accessory,3,Divorced,4,1,1,159.16,0,0,0,1
8,8.0,4,Fashion,1,Single,3,0,3,223.88,0,0,1,0
2,8.0,3,Laptop & Accessory,2,Single,2,0,9,145.54,0,0,0,0
20,13.0,4,Mobile Phone,1,Married,10,1,0,123.8,0,1,0,1
2,24.0,4,Laptop & Accessory,5,Married,3,0,9,170.58,0,0,0,0
0,13.0,4,Mobile Phone,3,Married,2,1,7,123.66,0,1,0,1
8,15.0,4,Fashion,3,Married,2,1,15,206.85,0,0,0,0
4,32.0,4,Laptop & Accessory,3,Divorced,9,1,3,172.36,0,0,0,0
15,8.0,4,Mobile Phone,1,Married,5,0,1,152.82,0,0,0,0
13,16.0,4,Laptop & Accessory,4,Single,22,0,4,192.82,0,0,0,0
4,13.0,1,Laptop & Accessory,1,Married,5,0,7,169.29,0,0,0,0
1,9.0,4,Mobile Phone,4,Married,11,0,3,159.68,0,0,0,0
0,17.0,2,Laptop & Accessory,3,Divorced,9,0,2,147.07,0,0,0,1
3,30.0,3,Mobile Phone,3,Married,2,0,0,126.93,0,0,0,0
24,9.0,4,Grocery,3,Married,7,0,4,301.39,0,0,0,0
7,8.0,3,Laptop & Accessory,2,Single,2,0,4,162.74,0,0,0,0
8,7.0,2,Mobile Phone,1,Single,4,0,4,157.8,0,0,0,0
7,7.0,2,Laptop & Accessory,4,Married,3,1,3,179.88,0,0,0,0
0,9.0,4,Mobile Phone,1,Married,1,1,0,128.53,0,0,0,1
16,9.0,4,Mobile Phone,3,Married,2,1,1,151.96,0,0,0,0
9,9.0,3,Laptop & Accessory,4,Single,5,0,7,144.85,0,0,0,0
28,18.0,4,Grocery,1,Married,5,0,13,285.32,0,0,0,0
0,6.0,4,Laptop & Accessory,2,Divorced,7,0,2,147.75,0,0,0,0
1,22.0,4,Fashion,3,Married,9,1,8,261.1,0,0,0,1
9,9.0,3,Mobile Phone,4,Married,2,0,7,136.92,0,0,0,0
29,27.0,4,Laptop & Accessory,1,Married,5,1,9,179.15,0,0,0,0
8,17.0,4,Laptop & Accessory,3,Married,3,1,8,165.01,0,0,0,0
2,13.0,3,Laptop & Accessory,1,Married,2,1,0,166.23,0,0,0,0
29,9.0,5,Grocery,5,Single,9,0,3,292.56,0,0,0,0
7,24.0,4,Grocery,3,Single,3,0,1,299.44,0,0,0,0
20,10.0,4,Grocery,3,Divorced,5,0,10,299.65,0,0,0,0
6,36.0,4,Mobile Phone,3,Single,11,0,8,165.25,0,0,0,0
27,8.0,4,Fashion,3,Divorced,7,0,0,206.86,0,0,0,0
3,7.0,4,Laptop & Accessory,5,Married,2,0,3,178.73,0,0,0,0
31,14.0,2,Laptop & Accessory,2,Married,2,1,10,177.2,0,0,0,0
0,12.0,1,Mobile Phone,5,Married,2,1,0,116.01,1,0,0,1
30,9.0,4,Laptop & Accessory,2,Single,6,0,5,151.71,0,0,0,0
0,9.0,3,Mobile Phone,4,Single,5,0,2,120.88,1,0,0,0
1,23.0,4,Laptop & Accessory,5,Single,7,0,3,178.24,0,0,0,1
15,21.0,4,Mobile Phone,3,Married,6,0,9,149.51,0,0,0,0
18,36.0,4,Laptop & Accessory,1,Single,3,0,18,170.41,0,0,0,0
15,14.0,3,Others,1,Married,2,0,9,284.3,0,0,0,0
4,32.0,4,Laptop & Accessory,3,Married,9,1,3,172.36,0,0,0,0
2,12.0,4,Mobile Phone,4,Married,2,0,0,128.04,0,0,0,0
0,15.0,3,Mobile Phone,5,Single,8,0,4,142.0,0,0,0,1
9,10.0,5,Mobile Phone,3,Married,3,0,1,137.81,0,0,0,0
1,21.0,4,Mobile Phone,5,Married,3,1,9,147.35,0,0,0,0
6,16.0,6,Laptop & Accessory,1,Married,2,0,8,171.68,0,0,0,0
1,31.0,6,Mobile Phone,2,Single,3,1,1,136.18,0,0,0,1
20,8.0,3,Laptop & Accessory,1,Married,6,0,4,150.7,0,0,0,0
31,13.0,4,Mobile Phone,3,Married,10,0,3,147.67,0,0,0,0
1,21.0,4,Mobile Phone,1,Married,7,1,5,149.36,0,0,0,1
1,7.0,4,Laptop & Accessory,3,Divorced,2,0,3,173.98,0,0,0,0
10,31.0,3,Laptop & Accessory,3,Married,4,1,7,144.49,0,0,0,0
3,10.0,5,Fashion,3,Divorced,3,0,8,244.35,0,0,0,0
4,11.0,3,Mobile Phone,4,Married,2,0,2,127.89,0,0,0,0
4,7.0,4,Mobile Phone,4,Divorced,2,1,8,160.79,0,0,0,0
5,9.0,6,Mobile Phone,1,Married,3,1,1,136.29,0,0,0,0
6,17.0,4,Fashion,1,Single,4,0,1,237.44,0,0,0,0
0,13.0,3,Mobile Phone,1,Single,3,0,2,125.8,0,1,0,0
28,8.0,4,Mobile Phone,1,Married,9,0,4,126.62,0,0,0,0
22,8.0,3,Others,1,Married,4,0,3,291.61,0,0,0,0
5,16.0,5,Mobile Phone,4,Single,2,1,3,151.57,0,0,0,0
19,6.0,1,Grocery,5,Single,2,0,12,275.67,0,0,0,0
7,21.0,3,Grocery,5,Married,8,0,9,270.07,0,0,0,0
2,8.0,3,Laptop & Accessory,1,Single,2,0,9,145.54,0,0,0,0
28,32.0,4,Others,1,Married,2,0,13,295.86,0,0,0,0
1,22.0,6,Laptop & Accessory,1,Married,8,1,3,179.4,0,0,0,1
17,17.0,4,Mobile Phone,2,Single,2,0,8,149.55,0,0,0,0
16,12.0,4,Others,3,Married,8,0,14,293.92,0,0,0,0
7,19.0,3,Fashion,3,Married,2,0,1,186.28,0,0,0,0
8,15.0,2,Laptop & Accessory,3,Married,4,0,3,169.04,0,0,0,0
0,7.0,3,Mobile Phone,1,Married,5,0,2,132.29,0,0,0,0
0,6.0,5,Mobile Phone,4,Single,8,1,7,122.16,1,0,0,1
15,23.0,2,Laptop & Accessory,5,Single,4,1,2,165.45,0,0,0,0
7,9.0,3,Laptop & Accessory,4,Married,2,0,9,154.33,0,0,0,0
16,13.0,4,Fashion,5,Married,11,0,8,258.48,0,0,0,0
16,22.0,3,Grocery,2,Divorced,6,1,9,260.64,0,0,0,0
0,35.0,3,Mobile Phone,5,Married,2,0,2,139.07,0,0,0,0
2,36.0,4,Laptop & Accessory,5,Divorced,9,1,1,191.73,0,0,0,1
8,13.0,3,Mobile Phone,1,Married,2,0,2,125.72,0,1,0,0
1,7.0,4,Mobile Phone,2,Single,3,0,1,141.11,0,0,0,0
1,18.0,4,Mobile Phone,4,Married,3,0,3,147.44,0,0,0,0
6,10.0,4,Laptop & Accessory,5,Divorced,3,0,4,192.25,0,0,0,0
11,36.0,4,Fashion,4,Married,3,1,10,243.49,0,0,0,1
19,13.0,3,Mobile Phone,1,Single,2,0,0,125.87,0,1,0,1
6,8.0,4,Fashion,1,Married,3,0,3,229.22,0,0,1,0
19,30.0,4,Laptop & Accessory,5,Divorced,3,1,9,161.33,0,0,0,0
31,31.0,3,Fashion,2,Married,5,1,3,219.39,0,0,1,0
5,15.0,3,Laptop & Accessory,1,Married,2,1,5,163.22,0,0,0,0
1,12.0,2,Mobile Phone,3,Single,5,1,4,149.32,0,0,0,1
8,17.0,2,Laptop & Accessory,1,Married,3,0,3,172.24,0,0,0,0
8,9.0,4,Laptop & Accessory,1,Single,3,0,5,187.74,0,0,0,0
27,10.0,4,Grocery,3,Divorced,5,1,4,300.84,0,0,0,0
21,9.0,5,Mobile Phone,2,Single,3,1,3,157.94,0,0,0,0
4,14.0,4,Laptop & Accessory,5,Married,9,0,3,172.79,0,0,0,0
28,8.0,3,Fashion,4,Married,4,0,3,209.76,0,0,1,0
5,18.0,4,Mobile Phone,2,Divorced,5,1,3,148.56,0,0,0,0
10,11.0,3,Laptop & Accessory,1,Married,8,0,4,163.47,0,0,0,0
0,22.0,3,Laptop & Accessory,5,Single,6,0,2,153.24,0,0,0,1
16,17.0,4,Mobile Phone,3,Married,5,0,4,154.36,0,0,0,0
4,9.0,4,Mobile Phone,1,Single,2,0,8,150.64,0,0,0,0
5,21.0,3,Laptop & Accessory,1,Married,6,0,2,166.67,0,0,0,0
1,19.0,4,Laptop & Accessory,1,Single,5,1,8,170.81,0,0,0,1
8,7.0,4,Mobile Phone,5,Married,7,0,4,154.96,0,0,0,0
1,17.0,4,Laptop & Accessory,2,Single,2,0,2,174.5,0,0,0,0
10,15.0,5,Fashion,5,Single,3,0,10,200.87,0,0,0,0
1,19.0,3,Mobile Phone,4,Single,3,0,1,152.16,0,0,0,1
14,10.0,5,Mobile Phone,3,Married,3,1,3,151.83,0,0,0,1
1,9.0,4,Mobile Phone,3,Single,8,0,2,168.82,0,0,0,1
1,12.0,5,Mobile Phone,3,Single,2,0,1,154.66,0,0,0,0
0,16.0,4,Mobile Phone,4,Single,2,1,0,118.59,1,0,0,1
0,14.0,1,Mobile Phone,1,Married,2,0,1,122.69,1,0,0,0
12,9.0,4,Laptop & Accessory,3,Married,1,0,7,130.69,0,0,0,0
7,8.0,3,Laptop & Accessory,1,Single,2,0,11,166.87,0,0,0,0
6,9.0,3,Mobile Phone,3,Married,2,1,0,129.09,0,0,0,0
9,8.0,6,Mobile Phone,1,Married,3,0,2,154.77,0,0,0,0
21,7.0,4,Others,1,Single,7,0,0,282.65,0,0,0,0
0,9.0,4,Mobile Phone,1,Single,1,0,1,120.45,1,0,0,0
10,9.0,4,Laptop & Accessory,4,Single,11,1,13,179.1,0,0,0,0
8,15.0,4,Laptop & Accessory,3,Single,5,0,4,186.42,0,0,0,0
3,11.0,3,Fashion,1,Married,3,0,4,194.19,0,0,0,0
10,16.0,3,Mobile Phone,5,Married,7,0,3,134.52,0,0,0,0
1,9.0,5,Mobile Phone,3,Single,8,1,1,145.9,0,0,0,1
0,13.0,3,Mobile Phone,3,Divorced,2,1,2,128.86,0,0,0,1
25,21.0,4,Laptop & Accessory,2,Divorced,6,0,8,174.36,0,0,0,0
14,9.0,2,Laptop & Accessory,3,Married,7,0,9,188.77,0,0,0,0
1,25.0,4,Mobile Phone,5,Married,2,0,3,131.96,0,0,0,0
1,16.0,4,Mobile Phone,1,Single,3,0,3,151.1,0,0,0,0
11,8.0,3,Laptop & Accessory,3,Married,10,0,0,165.53,0,0,0,0
10,17.0,3,Mobile Phone,3,Single,5,0,2,136.29,0,0,0,0
0,11.0,4,Mobile Phone,5,Married,7,0,0,121.07,1,0,0,1
0,7.0,3,Mobile Phone,4,Single,2,1,2,123.02,1,0,0,1
3,15.0,6,Laptop & Accessory,5,Married,5,0,3,222.15,0,0,1,0
4,12.0,5,Laptop & Accessory,3,Married,3,0,3,186.18,0,0,0,0
30,6.0,3,Others,5,Divorced,4,1,5,297.01,0,0,0,0
1,17.0,4,Mobile Phone,3,Single,3,1,2,135.09,0,0,0,1
0,9.0,3,Mobile Phone,2,Divorced,2,0,0,117.06,1,0,0,0
10,34.0,4,Laptop & Accessory,3,Married,8,0,8,177.37,0,0,0,0
1,8.0,6,Mobile Phone,3,Single,3,0,1,138.59,0,0,0,1
5,19.0,4,Others,3,Married,3,0,9,320.45,0,0,0,1
10,6.0,3,Fashion,2,Single,5,0,2,174.91,0,0,0,0
15,11.0,3,Fashion,4,Single,10,1,7,184.46,0,0,0,1
6,11.0,4,Fashion,2,Married,5,0,2,171.19,0,0,0,0
1,9.0,4,Mobile Phone,1,Married,8,1,3,162.22,0,0,0,1
28,24.0,3,Laptop & Accessory,4,Married,4,1,7,163.85,0,0,0,0
7,13.0,3,Mobile Phone,1,Single,2,0,0,129.72,0,0,0,0
18,8.0,3,Laptop & Accessory,4,Divorced,1,0,7,148.05,0,0,0,0
19,30.0,4,Laptop & Accessory,5,Married,3,1,9,161.33,0,0,0,0
1,30.0,5,Laptop & Accessory,1,Married,9,1,1,166.57,0,0,0,0
19,8.0,3,Others,1,Married,8,1,2,293.28,0,0,0,0
15,26.0,4,Laptop & Accessory,5,Married,4,0,1,155.72,0,0,0,0
30,30.0,4,Grocery,4,Divorced,6,1,10,259.02,0,0,0,0
22,13.0,4,Fashion,3,Single,9,0,0,145.0,0,0,0,0
1,9.0,4,Mobile Phone,5,Married,5,0,1,148.22,0,0,0,0
3,12.0,4,Laptop & Accessory,2,Divorced,5,0,1,145.86,0,0,0,1
5,15.0,4,Fashion,2,Married,3,0,10,232.93,0,0,0,0
1,10.0,5,Mobile Phone,3,Single,3,0,3,155.33,0,0,0,0
11,18.0,4,Fashion,1,Married,3,1,8,246.85,0,0,0,0
13,13.0,3,Mobile Phone,3,Married,3,0,2,123.45,0,1,0,0
23,7.0,4,Grocery,3,Single,6,0,1,278.79,0,0,0,0
0,7.0,3,Mobile Phone,1,Married,2,0,3,120.44,1,0,0,0
1,29.0,4,Mobile Phone,3,Single,3,1,1,141.75,0,0,0,1
1,11.0,4,Mobile Phone,3,Single,3,0,1,148.18,0,0,0,0
9,9.0,4,Fashion,1,Married,1,0,4,176.44,0,0,0,0
4,8.0,3,Laptop & Accessory,5,Single,8,0,3,153.32,0,0,0,0
1,11.0,3,Laptop & Accessory,5,Single,1,0,3,184.63,0,0,0,0
10,7.0,4,Laptop & Accessory,4,Married,2,0,6,177.28,0,0,0,0
1,17.0,4,Fashion,5,Married,3,0,3,212.93,0,0,1,0
11,6.0,4,Laptop & Accessory,2,Single,5,0,1,186.86,0,0,0,0
3,14.0,4,Laptop & Accessory,1,Married,3,1,1,191.23,0,0,0,0
4,36.0,4,Laptop & Accessory,5,Married,10,0,4,166.15,0,0,0,0
14,13.0,1,Mobile Phone,3,Married,2,0,8,133.76,0,0,0,0
1,21.0,4,Mobile Phone,3,Single,3,0,1,140.14,0,0,0,0
0,27.0,3,Mobile Phone,2,Divorced,8,0,2,122.58,1,0,0,0
2,6.0,3,Laptop & Accessory,3,Married,2,0,9,143.19,0,0,0,0
1,28.0,5,Mobile Phone,5,Married,2,0,1,147.96,0,0,0,0
0,31.0,3,Mobile Phone,4,Married,2,1,8,120.22,1,0,0,1
5,10.0,4,Laptop & Accessory,3,Divorced,2,0,8,161.62,0,0,0,0
2,13.0,4,Mobile Phone,2,Married,7,0,3,125.32,0,1,0,0
1,9.0,4,Laptop & Accessory,1,Married,2,0,3,167.27,0,0,0,0
14,9.0,4,Laptop & Accessory,4,Married,3,0,4,189.38,0,0,0,0
9,10.0,4,Laptop & Accessory,2,Single,2,0,8,158.1,0,0,0,0
9,30.0,4,Mobile Phone,5,Married,5,1,3,165.14,0,0,0,0
27,11.0,3,Others,5,Divorced,5,0,2,294.06,0,0,0,0
9,6.0,3,Laptop & Accessory,2,Single,5,0,0,166.53,0,0,0,0
0,28.0,3,Laptop & Accessory,3,Married,2,1,7,161.79,0,0,0,1
1,13.0,2,Mobile Phone,1,Married,2,0,8,150.44,0,0,0,0
20,10.0,3,Laptop & Accessory,1,Single,2,1,7,141.63,0,0,0,0
31,7.0,4,Laptop & Accessory,3,Married,4,0,3,192.55,0,0,0,0
13,15.0,4,Mobile Phone,3,Divorced,3,0,8,162.55,0,0,0,0
6,14.0,3,Mobile Phone,4,Divorced,3,0,4,152.94,0,0,0,0
5,6.0,3,Mobile Phone,2,Married,1,0,2,123.14,0,0,0,0
13,17.0,4,Laptop & Accessory,5,Married,4,0,8,178.77,0,0,0,0
5,14.0,1,Laptop & Accessory,2,Divorced,2,0,8,162.09,0,0,0,0
8,8.0,5,Mobile Phone,4,Married,7,0,3,157.94,0,0,0,0
3,10.0,4,Laptop & Accessory,3,Married,6,1,1,177.38,0,0,0,1
0,10.0,4,Mobile Phone,1,Married,1,0,4,131.62,0,0,0,0
18,14.0,3,Laptop & Accessory,1,Married,10,0,8,136.97,0,0,0,0
2,29.0,3,Mobile Phone,5,Single,1,0,3,139.04,0,0,0,1
7,13.0,3,Mobile Phone,5,Divorced,5,0,2,123.62,0,1,0,1
7,7.0,2,Laptop & Accessory,5,Married,3,0,9,165.37,0,0,0,0
6,15.0,2,Laptop & Accessory,2,Divorced,3,0,9,187.09,0,0,0,0
2,23.0,2,Laptop & Accessory,5,Single,2,0,8,181.61,0,0,0,0
1,23.0,3,Laptop & Accessory,5,Married,2,0,8,145.58,0,0,0,0
6,14.0,3,Laptop & Accessory,3,Married,1,0,2,171.04,0,0,0,0
25,16.0,4,Mobile Phone,1,Married,5,0,4,145.75,0,0,0,0
9,16.0,5,Fashion,3,Divorced,3,1,16,231.85,0,0,0,0
7,13.0,3,Mobile Phone,5,Married,5,0,2,123.62,0,1,0,1
13,10.0,3,Laptop & Accessory,4,Divorced,11,0,7,188.89,0,0,0,0
0,30.0,4,Laptop & Accessory,4,Single,1,1,10,145.99,0,0,0,1
25,14.0,3,Mobile Phone,5,Divorced,10,0,4,129.5,0,0,0,0
6,14.0,3,Laptop & Accessory,3,Single,3,1,0,163.88,0,0,0,0
5,15.0,4,Laptop & Accessory,1,Single,3,0,9,169.24,0,0,0,0
11,7.0,6,Laptop & Accessory,1,Married,3,0,3,220.25,0,0,1,0
15,7.0,3,Fashion,5,Divorced,3,0,8,208.92,0,0,0,0
14,6.0,4,Others,3,Married,2,0,10,291.89,0,0,0,0
1,11.0,4,Fashion,5,Single,2,1,3,220.82,0,0,1,1
1,33.0,5,Mobile Phone,3,Married,3,1,4,153.14,0,0,0,0
0,13.0,5,Mobile Phone,5,Married,2,0,1,124.51,0,1,0,0
11,18.0,4,Fashion,2,Married,3,1,8,246.85,0,0,0,0
23,25.0,4,Laptop & Accessory,2,Married,3,1,8,193.04,0,0,0,0
5,12.0,4,Laptop & Accessory,5,Single,2,0,3,224.36,0,0,1,0
17,7.0,1,Laptop & Accessory,5,Married,3,0,2,150.33,0,0,0,0
16,15.0,4,Others,2,Married,3,0,10,309.3,0,0,0,0
1,7.0,5,Laptop & Accessory,5,Divorced,7,0,1,167.98,0,0,0,0
8,17.0,4,Mobile Phone,3,Married,3,1,1,147.2,0,0,0,0
16,9.0,6,Others,1,Married,3,0,10,323.45,0,0,0,1
0,9.0,3,Mobile Phone,3,Single,2,0,0,114.2,1,0,0,1
7,15.0,5,Mobile Phone,1,Single,2,0,3,148.42,0,0,0,0
23,13.0,5,Grocery,3,Married,4,1,13,264.66,0,0,0,0
4,23.0,2,Laptop & Accessory,3,Married,5,0,8,177.94,0,0,0,0
23,6.0,3,Others,1,Married,4,0,6,295.17,0,0,0,0
23,14.0,4,Fashion,4,Married,5,0,3,229.66,0,0,1,0
1,17.0,2,Mobile Phone,3,Married,4,0,3,145.73,0,0,0,0
23,29.0,4,Grocery,4,Married,5,0,3,289.13,0,0,0,0
4,15.0,3,Fashion,4,Married,2,0,8,206.48,0,0,0,0
6,9.0,4,Mobile Phone,5,Married,3,0,1,153.27,0,0,0,0
21,22.0,3,Laptop & Accessory,3,Married,9,0,7,164.39,0,0,0,0
6,7.0,5,Mobile Phone,4,Married,8,0,3,148.32,0,0,0,0
19,6.0,3,Mobile Phone,5,Single,7,0,7,134.23,0,0,0,0
20,9.0,4,Others,5,Single,5,0,2,314.47,0,0,0,0
1,12.0,3,Mobile Phone,4,Married,3,1,3,148.28,0,0,0,0
7,22.0,4,Laptop & Accessory,1,Married,2,1,2,37.0,0,0,0,0
0,8.0,3,Mobile Phone,5,Divorced,8,0,7,127.07,0,0,0,1
18,8.0,4,Grocery,1,Married,10,0,8,267.92,0,0,0,0
15,34.0,4,Laptop & Accessory,1,Married,1,0,4,145.23,0,0,0,0
26,9.0,5,Mobile Phone,1,Single,9,0,3,157.12,0,0,0,0
5,14.0,5,Fashion,3,Divorced,3,0,3,214.43,0,0,1,0
14,26.0,4,Laptop & Accessory,1,Married,10,1,8,152.41,0,0,0,0
0,13.0,1,Mobile Phone,1,Married,5,0,2,120.89,1,0,0,0
0,13.0,4,Mobile Phone,5,Married,5,1,0,123.35,0,1,0,1
1,30.0,2,Mobile Phone,1,Married,3,1,5,152.25,0,0,0,0
13,12.0,3,Grocery,1,Single,2,1,7,264.37,0,0,0,0
14,21.0,5,Others,3,Single,3,0,10,321.26,0,0,0,0
0,8.0,5,Mobile Phone,2,Divorced,6,1,2,134.64,0,0,0,1
19,7.0,3,Mobile Phone,5,Single,7,0,7,134.23,0,0,0,0
8,8.0,4,Fashion,4,Married,3,0,4,202.74,0,0,0,0
17,35.0,3,Laptop & Accessory,1,Single,2,0,17,145.41,0,0,0,0
4,23.0,4,Mobile Phone,1,Married,3,0,9,153.62,0,0,0,0
8,9.0,4,Laptop & Accessory,5,Single,2,1,3,170.38,0,0,0,0
1,16.0,5,Mobile Phone,4,Married,3,0,1,151.94,0,0,0,0
14,23.0,4,Fashion,1,Single,8,1,4,204.45,0,0,0,0
23,23.0,4,Mobile Phone,5,Married,6,1,3,150.87,0,0,0,0
6,6.0,4,Mobile Phone,5,Single,4,1,2,127.99,0,0,0,0
1,29.0,4,Mobile Phone,3,Married,6,1,2,146.32,0,0,0,1
26,13.0,3,Laptop & Accessory,2,Single,3,0,2,124.5,0,1,0,0
5,14.0,4,Laptop & Accessory,5,Divorced,3,0,13,168.06,0,0,0,0
19,9.0,4,Others,5,Divorced,7,1,5,323.59,0,0,0,1
0,15.0,3,Mobile Phone,1,Married,2,0,4,120.7,1,0,0,0
15,10.0,3,Others,2,Divorced,2,0,15,292.32,0,0,0,0
4,16.0,4,Laptop & Accessory,1,Married,2,1,8,188.47,0,0,0,0
7,14.0,4,Laptop & Accessory,4,Married,2,0,3,168.02,0,0,0,0
14,17.0,5,Laptop & Accessory,4,Married,9,0,4,193.52,0,0,0,0
0,10.0,4,Laptop & Accessory,5,Divorced,2,0,3,142.56,0,0,0,0
0,16.0,3,Laptop & Accessory,3,Married,2,1,3,142.6,0,0,0,0
1,10.0,5,Mobile Phone,1,Single,2,0,2,145.45,0,0,0,0
23,9.0,3,Others,4,Married,2,0,7,282.0,0,0,0,0
1,14.0,4,Mobile Phone,1,Single,3,0,8,150.7,0,0,0,0
0,13.0,4,Mobile Phone,1,Single,2,1,0,124.39,0,1,0,1
6,20.0,4,Laptop & Accessory,1,Married,4,0,4,169.03,0,0,0,0
6,6.0,1,Laptop & Accessory,5,Married,2,0,8,140.37,0,0,0,0
0,11.0,4,Mobile Phone,3,Single,1,0,0,129.66,0,0,0,0
4,23.0,4,Laptop & Accessory,3,Married,10,0,3,178.01,0,0,0,0
3,13.0,3,Mobile Phone,2,Single,1,0,7,125.64,0,1,0,0
14,27.0,4,Fashion,1,Married,6,0,3,228.22,0,0,1,0
0,26.0,3,Mobile Phone,4,Married,1,1,4,121.48,1,0,0,1
0,21.0,3,Fashion,3,Divorced,8,1,7,236.1,0,0,0,1
9,21.0,5,Laptop & Accessory,1,Married,2,0,11,154.06,0,0,0,0
10,11.0,5,Laptop & Accessory,2,Single,3,0,9,183.1,0,0,0,0
20,14.0,4,Mobile Phone,3,Married,10,0,9,148.39,0,0,0,1
25,18.0,5,Grocery,4,Single,5,0,4,256.42,0,0,0,0
21,21.0,4,Laptop & Accessory,4,Married,10,0,8,179.67,0,0,0,0
12,7.0,2,Mobile Phone,3,Married,3,0,1,153.44,0,0,0,0
13,30.0,3,Laptop & Accessory,1,Married,2,0,7,133.19,0,0,0,0
9,8.0,5,Laptop & Accessory,1,Married,2,0,1,178.63,0,0,0,0
16,9.0,4,Grocery,3,Divorced,2,1,11,303.61,0,0,0,0
13,10.0,2,Laptop & Accessory,4,Married,11,0,7,188.89,0,0,0,0
22,9.0,2,Mobile Phone,4,Single,7,0,1,150.59,0,0,0,0
0,9.0,3,Mobile Phone,3,Single,2,0,7,140.84,0,0,0,1
13,7.0,5,Grocery,1,Married,3,0,9,252.42,0,0,0,0
13,14.0,4,Fashion,4,Married,3,0,8,237.57,0,0,0,0
3,12.0,5,Laptop & Accessory,4,Married,3,1,10,166.87,0,0,0,0
1,12.0,4,Others,3,Married,8,0,1,308.03,0,0,0,0
12,7.0,4,Mobile Phone,4,Married,2,1,3,154.91,0,0,0,0
4,8.0,4,Mobile Phone,4,Married,3,0,8,162.48,0,0,0,0
9,6.0,3,Laptop & Accessory,1,Married,2,1,11,162.01,0,0,0,0
0,6.0,4,Laptop & Accessory,5,Divorced,6,0,0,142.98,0,0,0,0
8,5.0,3,Fashion,5,Married,2,0,8,190.69,0,0,0,0
1,15.0,4,Mobile Phone,5,Married,3,1,1,148.98,0,0,0,1
10,15.0,4,Fashion,3,Married,3,0,3,225.96,0,0,1,0
22,9.0,4,Laptop & Accessory,5,Married,5,0,2,147.89,0,0,0,0
8,24.0,3,Laptop & Accessory,3,Married,2,1,2,156.89,0,0,0,0
1,19.0,4,Mobile Phone,2,Divorced,3,1,1,150.15,0,0,0,1
1,16.0,5,Mobile Phone,5,Single,9,0,4,159.07,0,0,0,1
18,7.0,2,Laptop & Accessory,5,Married,4,0,3,175.33,0,0,0,0
4,7.0,4,Laptop & Accessory,1,Single,3,0,8,165.11,0,0,0,0
12,9.0,4,Mobile Phone,3,Divorced,8,1,2,155.57,0,0,0,0
22,9.0,4,Laptop & Accessory,1,Married,4,0,8,165.51,0,0,0,0
2,25.0,4,Laptop & Accessory,3,Married,2,0,4,186.2,0,0,0,0
1,10.0,3,Laptop & Accessory,2,Married,3,1,5,171.47,0,0,0,0
1,7.0,3,Mobile Phone,1,Married,2,0,2,127.06,0,0,0,0
3,34.0,4,Laptop & Accessory,3,Married,6,0,2,168.35,0,0,0,0
16,8.0,4,Fashion,1,Married,1,0,9,201.69,0,0,0,1
14,13.0,3,Laptop & Accessory,3,Single,7,0,1,150.03,0,0,0,0
10,10.0,3,Mobile Phone,2,Married,5,0,8,0.0,0,0,0,0
18,35.0,3,Mobile Phone,1,Single,6,0,3,134.52,0,0,0,0
20,10.0,3,Laptop & Accessory,2,Single,2,1,7,141.63,0,0,0,0
1,25.0,4,Laptop & Accessory,3,Married,2,1,3,171.14,0,0,0,1
26,13.0,3,Laptop & Accessory,1,Single,3,0,2,124.5,0,1,0,0
21,6.0,1,Grocery,2,Single,3,0,1,268.85,0,0,0,0
2,8.0,3,Grocery,1,Married,8,0,3,221.69,0,0,1,1
1,16.0,3,Mobile Phone,4,Married,2,0,0,110.52,0,0,0,0
30,7.0,4,Laptop & Accessory,3,Married,3,0,10,188.06,0,0,0,0
16,33.0,4,Fashion,5,Married,5,1,1,256.91,0,0,0,0
1,8.0,4,Mobile Phone,5,Single,2,0,7,153.67,0,0,0,0
1,35.0,5,Laptop & Accessory,4,Divorced,2,0,7,165.49,0,0,0,0
27,23.0,3,Fashion,3,Married,9,0,8,207.39,0,0,0,0
30,16.0,4,Grocery,1,Married,9,0,2,236.03,0,0,0,0
3,10.0,5,Fashion,3,Married,3,0,8,244.35,0,0,0,0
12,15.0,3,Others,1,Single,3,0,3,294.31,0,0,0,0
3,13.0,3,Mobile Phone,4,Single,1,0,2,129.83,0,0,0,0
27,30.0,4,Grocery,2,Single,8,0,9,267.75,0,0,0,0
24,7.0,4,Grocery,1,Married,11,0,4,298.99,0,0,0,0
28,10.0,3,Laptop & Accessory,3,Married,1,1,2,140.35,0,0,0,0
1,17.0,4,Laptop & Accessory,3,Married,3,1,4,167.6,0,0,0,0
9,11.0,3,Laptop & Accessory,4,Single,9,0,7,159.14,0,0,0,0
14,15.0,4,Laptop & Accessory,3,Divorced,5,1,4,192.96,0,0,0,1
21,11.0,4,Laptop & Accessory,2,Single,3,1,8,166.63,0,0,0,0
4,29.0,4,Laptop & Accessory,1,Married,1,0,8,155.82,0,0,0,0
13,9.0,4,Mobile Phone,3,Married,2,1,2,126.83,0,0,0,1
14,35.0,5,Fashion,5,Married,6,1,1,233.54,0,0,0,1
27,26.0,3,Laptop & Accessory,3,Single,4,0,3,148.69,0,0,0,0
14,16.0,4,Fashion,3,Single,11,0,14,259.99,0,0,0,0
2,34.0,4,Mobile Phone,5,Single,2,0,4,137.85,0,0,0,0
1,25.0,5,Mobile Phone,2,Single,3,1,2,148.89,0,0,0,1
1,17.0,2,Mobile Phone,3,Single,3,0,3,160.05,0,0,0,0
4,13.0,4,Fashion,1,Married,10,0,3,215.57,0,0,1,0
8,28.0,2,Laptop & Accessory,1,Single,3,0,8,178.37,0,0,0,0
14,12.0,5,Fashion,5,Married,7,1,3,229.75,0,0,1,0
0,35.0,3,Laptop & Accessory,3,Married,6,0,0,143.06,0,0,0,0
8,27.0,3,Laptop & Accessory,2,Divorced,2,1,7,140.14,0,0,0,0
16,10.0,2,Laptop & Accessory,2,Divorced,4,1,4,177.31,0,0,0,0
19,7.0,5,Fashion,3,Married,5,0,5,232.48,0,0,0,0
0,29.0,3,Mobile Phone,1,Single,10,0,2,122.01,1,0,0,0
1,24.0,4,Mobile Phone,4,Married,2,1,2,155.58,0,0,0,0
4,9.0,6,Laptop & Accessory,1,Single,4,0,3,185.91,0,0,0,0
31,7.0,6,Fashion,1,Married,5,0,1,233.83,0,0,0,0
30,27.0,3,Grocery,1,Married,5,1,0,278.75,0,0,0,0
11,13.0,4,Laptop & Accessory,1,Married,6,0,2,190.02,0,0,0,0
9,7.0,5,Laptop & Accessory,5,Single,2,0,9,168.12,0,0,0,0
14,16.0,4,Others,1,Married,4,0,6,291.41,0,0,0,0
0,28.0,3,Mobile Phone,3,Single,2,0,2,134.47,0,0,0,0
0,32.0,4,Laptop & Accessory,5,Single,6,0,1,166.96,0,0,0,1
2,8.0,4,Mobile Phone,5,Single,3,1,0,136.46,0,0,0,1
2,36.0,4,Laptop & Accessory,5,Married,9,1,1,191.73,0,0,0,1
28,26.0,3,Laptop & Accessory,1,Married,4,1,8,154.15,0,0,0,0
2,6.0,3,Fashion,2,Divorced,2,0,1,179.18,0,0,0,0
0,9.0,1,Laptop & Accessory,1,Married,2,1,4,146.47,0,0,0,0
23,14.0,3,Mobile Phone,4,Married,8,0,2,138.75,0,0,0,0
2,8.0,3,Mobile Phone,4,Married,1,0,4,127.03,0,0,0,0
0,24.0,3,Laptop & Accessory,3,Married,1,1,2,146.14,0,0,0,1
15,8.0,3,Grocery,5,Married,1,0,7,276.65,0,0,0,0
8,14.0,4,Fashion,1,Married,5,1,12,203.77,0,0,0,0
7,9.0,4,Laptop & Accessory,1,Married,4,1,1,181.03,0,0,0,0
16,13.0,3,Fashion,5,Divorced,9,0,0,199.85,0,0,0,0
13,20.0,5,Grocery,4,Married,8,1,3,296.23,0,0,0,0
13,20.0,3,Laptop & Accessory,5,Married,2,0,2,146.39,0,0,0,0
19,20.0,3,Mobile Phone,4,Divorced,10,1,3,149.63,0,0,0,1
9,13.0,6,Laptop & Accessory,2,Single,3,0,9,191.46,0,0,0,0
29,6.0,3,Laptop & Accessory,3,Married,2,0,9,163.06,0,0,0,0
0,15.0,3,Mobile Phone,2,Single,2,0,1,122.88,1,0,0,0
16,33.0,4,Fashion,5,Divorced,5,1,1,256.91,0,0,0,0
4,8.0,3,Fashion,3,Married,2,1,6,198.52,0,0,0,0
10,15.0,4,Laptop & Accessory,1,Married,6,0,8,175.79,0,0,0,0
1,12.0,4,Mobile Phone,3,Single,3,1,3,159.41,0,0,0,1
9,13.0,1,Laptop & Accessory,5,Married,3,0,13,146.39,0,0,0,0
0,29.0,4,Laptop & Accessory,3,Married,4,1,1,159.16,0,0,0,1
26,9.0,3,Grocery,3,Divorced,4,1,3,275.84,0,0,0,0
17,35.0,3,Laptop & Accessory,2,Single,2,0,17,145.41,0,0,0,0
1,30.0,5,Laptop & Accessory,3,Married,5,1,2,184.16,0,0,0,1
13,26.0,3,Fashion,1,Married,5,0,1,203.22,0,0,0,0
2,14.0,4,Laptop & Accessory,1,Married,2,1,2,150.56,0,0,0,0
1,15.0,4,Mobile Phone,1,Single,3,0,5,159.45,0,0,0,0
16,20.0,3,Grocery,5,Divorced,7,0,0,271.59,0,0,0,0
5,9.0,3,Laptop & Accessory,5,Married,2,0,3,167.25,0,0,0,0
0,13.0,3,Mobile Phone,1,Single,1,1,2,123.79,0,1,0,0
5,8.0,3,Mobile Phone,1,Single,1,0,6,130.68,0,0,0,0
0,32.0,4,Mobile Phone,3,Married,2,1,3,128.14,0,0,0,0
16,28.0,4,Laptop & Accessory,3,Married,4,0,3,177.65,0,0,0,0
4,6.0,3,Laptop & Accessory,1,Single,9,1,5,159.93,0,0,0,1
8,13.0,3,Laptop & Accessory,1,Married,2,1,9,152.04,0,0,0,0
0,13.0,3,Mobile Phone,4,Single,2,0,0,126.79,0,0,0,1
11,7.0,4,Mobile Phone,1,Single,3,0,8,146.15,0,0,0,0
11,9.0,3,Mobile Phone,3,Divorced,4,0,2,128.21,0,0,0,0
0,22.0,5,Mobile Phone,5,Married,2,1,0,123.07,1,0,0,1
0,14.0,4,Mobile Phone,3,Single,2,1,2,139.89,0,0,0,1
8,10.0,4,Laptop & Accessory,4,Married,3,0,10,179.33,0,0,0,0
5,7.0,6,Laptop & Accessory,5,Married,3,0,8,175.03,0,0,0,0
6,9.0,4,Laptop & Accessory,4,Married,2,0,7,179.7,0,0,0,0
9,10.0,4,Laptop & Accessory,1,Single,2,0,8,158.1,0,0,0,0
12,13.0,5,Mobile Phone,3,Married,3,0,5,162.02,0,0,0,0
0,29.0,3,Mobile Phone,2,Married,2,0,2,128.86,0,0,0,0
0,6.0,3,Laptop & Accessory,4,Married,1,1,4,163.49,0,0,0,0
14,7.0,3,Mobile Phone,1,Married,4,0,0,127.82,0,0,0,0
2,7.0,3,Mobile Phone,1,Married,2,0,2,137.6,0,0,0,0
4,11.0,3,Mobile Phone,2,Divorced,1,1,3,148.21,0,0,0,0
1,9.0,2,Laptop & Accessory,2,Divorced,3,0,4,179.72,0,0,0,0
5,14.0,4,Laptop & Accessory,4,Married,2,1,9,152.28,0,0,0,0
1,7.0,5,Mobile Phone,5,Single,8,0,8,148.62,0,0,0,1
6,20.0,5,Mobile Phone,4,Married,3,0,3,159.0,0,0,0,0
0,7.0,5,Laptop & Accessory,4,Single,7,0,0,167.35,0,0,0,1
17,6.0,1,Laptop & Accessory,5,Married,3,0,2,150.33,0,0,0,0
18,6.0,3,Fashion,4,Married,2,0,7,174.41,0,0,0,0
17,10.0,6,Others,2,Divorced,5,0,8,322.4,0,0,0,0
15,16.0,4,Others,3,Married,4,0,12,319.19,0,0,0,0
25,21.0,4,Laptop & Accessory,1,Married,6,0,8,174.36,0,0,0,0
13,27.0,4,Laptop & Accessory,1,Married,4,0,3,166.27,0,0,0,0
1,9.0,4,Mobile Phone,5,Married,3,1,1,145.74,0,0,0,1
3,11.0,4,Mobile Phone,1,Married,10,0,3,137.61,0,0,0,0
11,8.0,3,Mobile Phone,3,Divorced,7,1,1,130.57,0,0,0,0
1,9.0,5,Mobile Phone,1,Single,3,0,1,150.64,0,0,0,1
0,10.0,3,Fashion,5,Single,1,1,7,195.82,0,0,0,1
13,32.0,3,Laptop & Accessory,5,Married,2,0,5,183.96,0,0,0,0
2,23.0,4,Mobile Phone,3,Single,3,0,5,146.44,0,0,0,0
5,7.0,6,Laptop & Accessory,3,Divorced,2,0,5,168.45,0,0,0,0
24,17.0,4,Grocery,4,Single,4,0,3,231.42,0,0,0,0
6,13.0,4,Mobile Phone,1,Single,1,0,2,123.42,0,1,0,0
16,16.0,4,Laptop & Accessory,3,Married,2,0,0,152.57,0,0,0,0
2,15.0,4,Mobile Phone,1,Single,1,0,2,139.83,0,0,0,0
1,32.0,2,Mobile Phone,1,Single,3,1,2,154.94,0,0,0,0
9,32.0,5,Laptop & Accessory,1,Single,6,0,3,161.81,0,0,0,0
0,20.0,3,Mobile Phone,3,Single,2,0,0,115.14,1,0,0,0
8,7.0,4,Mobile Phone,2,Divorced,3,0,9,151.91,0,0,0,0
1,11.0,4,Mobile Phone,4,Single,3,0,3,157.95,0,0,0,0
3,31.0,4,Fashion,4,Single,3,1,0,190.94,0,0,0,1
0,13.0,3,Mobile Phone,5,Single,6,1,4,126.57,0,1,0,1
5,19.0,4,Mobile Phone,4,Married,2,0,2,134.0,0,0,0,0
3,23.0,3,Fashion,5,Divorced,2,1,3,219.16,0,0,1,0
10,31.0,4,Laptop & Accessory,2,Married,8,0,3,157.31,0,0,0,0
20,12.0,4,Laptop & Accessory,4,Married,3,1,3,175.21,0,0,0,0
0,6.0,3,Mobile Phone,3,Divorced,2,0,1,112.23,1,0,0,0
12,8.0,1,Fashion,3,Single,1,0,7,178.8,0,0,0,0
8,16.0,4,Laptop & Accessory,3,Married,3,0,4,182.14,0,0,0,0
10,10.0,4,Mobile Phone,4,Single,6,0,3,145.88,0,0,0,0
4,13.0,2,Laptop & Accessory,2,Divorced,5,0,7,169.29,0,0,0,0
1,12.0,5,Laptop & Accessory,3,Single,3,1,4,182.44,0,0,0,1
0,16.0,3,Fashion,5,Married,2,0,7,187.93,0,0,0,0
10,12.0,4,Laptop & Accessory,4,Single,10,0,8,184.14,0,0,0,0
9,14.0,2,Fashion,5,Divorced,10,0,3,217.13,0,0,1,0
6,31.0,4,Laptop & Accessory,2,Divorced,3,0,8,178.09,0,0,0,0
30,7.0,1,Laptop & Accessory,3,Married,1,0,8,149.0,0,0,0,0
11,8.0,3,Laptop & Accessory,3,Divorced,10,0,0,165.53,0,0,0,0
1,17.0,4,Laptop & Accessory,1,Single,2,0,2,174.5,0,0,0,0
6,8.0,3,Mobile Phone,3,Married,2,0,4,136.0,0,0,0,0
7,7.0,3,Mobile Phone,5,Married,6,0,3,129.96,0,0,0,0
15,9.0,1,Laptop & Accessory,1,Married,3,1,3,152.31,0,0,0,0
18,7.0,5,Laptop & Accessory,3,Single,6,0,3,184.85,0,0,0,0
8,7.0,2,Laptop & Accessory,1,Married,2,0,3,222.25,0,0,1,0
14,16.0,4,Grocery,5,Married,5,0,7,271.81,0,0,0,0
7,16.0,3,Mobile Phone,3,Single,2,1,2,129.36,0,0,0,1
20,22.0,4,Others,4,Married,7,0,4,315.81,0,0,0,0
13,9.0,2,Fashion,3,Single,2,0,8,203.8,0,0,0,0
1,18.0,3,Laptop & Accessory,3,Divorced,10,0,3,172.07,0,0,0,1
10,10.0,5,Fashion,2,Divorced,6,0,3,221.99,0,0,1,0
12,9.0,6,Laptop & Accessory,1,Married,4,1,4,179.05,0,0,0,0
0,8.0,3,Mobile Phone,4,Single,2,0,0,113.93,1,0,0,1
4,18.0,3,Laptop & Accessory,1,Married,1,1,5,158.55,0,0,0,0
1,9.0,5,Mobile Phone,1,Single,2,0,2,164.04,0,0,0,0
7,12.0,4,Fashion,4,Divorced,8,0,9,243.78,0,0,0,0
1,9.0,5,Mobile Phone,2,Single,9,0,1,152.85,0,0,0,1
8,13.0,5,Laptop & Accessory,4,Married,8,0,1,170.05,0,0,0,0
10,17.0,4,Fashion,4,Married,7,0,8,198.14,0,0,0,1
26,127.0,4,Mobile Phone,1,Married,4,0,1,159.82,0,0,0,0
21,13.0,1,Mobile Phone,4,Single,6,0,0,125.59,0,1,0,0
8,18.0,5,Laptop & Accessory,4,Divorced,6,0,9,169.9,0,0,0,0
0,13.0,2,Mobile Phone,4,Married,2,1,2,123.28,0,1,0,0
10,18.0,4,Fashion,1,Married,2,0,3,222.38,0,0,1,0
8,24.0,3,Fashion,2,Single,3,0,2,193.62,0,0,0,0
21,8.0,4,Fashion,4,Married,2,0,13,244.57,0,0,0,0
3,27.0,4,Mobile Phone,2,Divorced,3,0,3,146.57,0,0,0,0
13,16.0,4,Laptop & Accessory,4,Married,8,0,3,168.52,0,0,0,0
2,21.0,4,Laptop & Accessory,3,Single,1,1,8,141.93,0,0,0,0
15,23.0,1,Laptop & Accessory,5,Single,4,1,2,165.45,0,0,0,0
0,35.0,5,Laptop & Accessory,5,Single,9,0,2,149.69,0,0,0,1
16,9.0,4,Laptop & Accessory,2,Divorced,3,0,3,165.89,0,0,0,0
6,28.0,3,Laptop & Accessory,4,Married,1,0,7,161.46,0,0,0,0
21,8.0,3,Laptop & Accessory,2,Divorced,3,0,7,140.51,0,0,0,0
4,30.0,6,Mobile Phone,3,Married,3,0,10,151.13,0,0,0,0
13,9.0,5,Laptop & Accessory,3,Single,3,0,11,170.53,0,0,0,0
10,13.0,2,Laptop & Accessory,5,Married,5,1,3,180.62,0,0,0,0
12,9.0,4,Mobile Phone,1,Married,3,1,1,142.02,0,0,0,0
21,9.0,4,Others,4,Single,9,1,9,317.46,0,0,0,1
0,13.0,4,Mobile Phone,4,Married,2,1,0,124.13,0,1,0,1
17,16.0,4,Mobile Phone,3,Single,6,0,3,149.38,0,0,0,0
16,10.0,4,Fashion,2,Single,4,0,17,202.31,0,0,0,0
4,9.0,5,Mobile Phone,1,Single,2,0,3,152.2,0,0,0,0
0,21.0,5,Laptop & Accessory,1,Married,7,1,2,154.4,0,0,0,1
23,15.0,5,Laptop & Accessory,4,Married,3,0,8,176.3,0,0,0,0
26,13.0,4,Laptop & Accessory,5,Married,5,1,10,180.77,0,0,0,0
12,8.0,4,Mobile Phone,4,Married,2,1,3,154.91,0,0,0,0
1,33.0,5,Laptop & Accessory,5,Married,1,0,0,0.0,0,0,0,0
12,14.0,2,Laptop & Accessory,5,Married,3,1,8,181.05,0,0,0,0
0,15.0,3,Mobile Phone,4,Married,7,0,2,120.24,1,0,0,0
1,20.0,4,Mobile Phone,3,Divorced,3,0,7,145.96,0,0,0,0
17,9.0,3,Others,2,Divorced,5,1,1,295.13,0,0,0,0
20,12.0,4,Laptop & Accessory,1,Single,6,1,9,182.72,0,0,0,0
31,36.0,5,Grocery,1,Married,5,0,1,266.18,0,0,0,0
0,13.0,3,Mobile Phone,1,Married,6,1,4,124.36,0,1,0,1
4,16.0,5,Mobile Phone,3,Single,3,0,9,147.06,0,0,0,0
12,14.0,5,Laptop & Accessory,1,Single,2,0,6,165.28,0,0,0,0
8,15.0,4,Laptop & Accessory,5,Married,5,0,1,176.21,0,0,0,0
12,26.0,3,Laptop & Accessory,1,Married,3,0,2,141.27,0,0,0,0
5,14.0,5,Fashion,1,Married,11,0,2,240.57,0,0,0,0
7,14.0,4,Laptop & Accessory,5,Divorced,2,0,4,168.73,0,0,0,0
10,13.0,4,Laptop & Accessory,4,Married,8,0,2,174.41,0,0,0,0
2,26.0,3,Laptop & Accessory,2,Married,3,0,2,169.31,0,0,0,0
16,8.0,3,Laptop & Accessory,1,Married,2,1,8,178.47,0,0,0,0
28,8.0,4,Grocery,5,Single,8,0,2,267.56,0,0,0,0
22,16.0,3,Others,5,Single,10,1,2,286.65,0,0,0,0
0,8.0,3,Mobile Phone,5,Married,1,0,2,130.41,0,0,0,1
12,10.0,3,Laptop & Accessory,3,Single,1,0,8,150.42,0,0,0,0
27,8.0,4,Fashion,3,Married,7,0,0,206.86,0,0,0,0
1,12.0,5,Mobile Phone,3,Married,3,1,8,148.66,0,0,0,1
0,34.0,3,Laptop & Accessory,4,Married,2,0,4,162.72,0,0,0,0
0,34.0,4,Laptop & Accessory,5,Single,4,0,3,142.84,0,0,0,1
4,12.0,4,Fashion,1,Married,4,0,3,219.19,0,0,1,0
26,6.0,3,Laptop & Accessory,5,Single,8,0,10,183.81,0,0,0,0
0,8.0,4,Mobile Phone,3,Single,2,0,2,120.44,1,0,0,1
8,8.0,3,Laptop & Accessory,5,Married,3,0,0,150.93,0,0,0,0
24,16.0,4,Mobile Phone,1,Married,6,0,1,148.8,0,0,0,0
2,22.0,4,Mobile Phone,3,Married,3,0,3,147.07,0,0,0,0
6,11.0,4,Mobile Phone,1,Married,2,0,2,129.11,0,0,0,0
1,14.0,5,Mobile Phone,1,Married,3,0,2,153.89,0,0,0,0
19,36.0,4,Fashion,1,Divorced,6,1,3,218.8,0,0,1,0
10,12.0,4,Fashion,5,Married,6,0,3,205.08,0,0,0,0
5,9.0,3,Fashion,1,Single,4,0,3,211.59,0,0,1,0
0,13.0,3,Laptop & Accessory,3,Divorced,2,0,1,148.83,0,0,0,1
0,30.0,5,Mobile Phone,1,Single,2,1,0,111.18,0,0,0,1
9,18.0,4,Mobile Phone,3,Married,9,1,3,151.6,0,0,0,0
4,13.0,4,Mobile Phone,3,Married,4,0,2,123.29,0,1,0,0
5,12.0,5,Mobile Phone,5,Married,8,0,1,146.07,0,0,0,1
21,6.0,4,Grocery,5,Divorced,8,0,2,254.02,0,0,0,0
1,10.0,4,Laptop & Accessory,3,Married,2,0,3,174.99,0,0,0,0
26,11.0,4,Grocery,1,Married,4,0,5,290.55,0,0,0,0
1,17.0,5,Mobile Phone,4,Single,3,1,1,143.59,0,0,0,1
1,9.0,4,Mobile Phone,5,Married,8,1,3,145.42,0,0,0,1
10,16.0,3,Mobile Phone,5,Divorced,7,0,3,134.52,0,0,0,0
16,9.0,5,Mobile Phone,4,Married,6,0,1,173.41,0,0,0,0
4,8.0,5,Mobile Phone,2,Married,5,1,0,127.78,0,0,0,1
8,24.0,3,Laptop & Accessory,5,Married,1,0,4,155.61,0,0,0,0
7,35.0,3,Fashion,4,Married,4,0,3,192.5,0,0,0,0
7,12.0,4,Laptop & Accessory,4,Married,7,0,0,145.05,0,0,0,0
24,24.0,5,Fashion,5,Married,7,0,12,257.69,0,0,0,0
5,30.0,3,Laptop & Accessory,1,Married,2,0,7,153.09,0,0,0,0
0,11.0,3,Others,3,Married,7,0,0,283.03,0,0,0,0
10,25.0,3,Mobile Phone,2,Divorced,6,0,1,161.88,0,0,0,0
1,23.0,2,Mobile Phone,1,Married,3,1,1,154.35,0,0,0,0
0,10.0,3,Mobile Phone,1,Single,10,1,0,122.85,1,0,0,1
3,14.0,5,Mobile Phone,2,Married,8,0,4,150.32,0,0,0,0
12,6.0,4,Grocery,1,Married,2,0,3,227.42,0,0,1,0
3,7.0,4,Laptop & Accessory,3,Divorced,3,0,10,168.19,0,0,0,0
4,29.0,4,Fashion,5,Married,2,0,9,209.12,0,0,0,0
13,17.0,4,Grocery,5,Divorced,3,1,11,295.68,0,0,0,0
1,32.0,2,Mobile Phone,2,Single,3,1,2,154.94,0,0,0,0
2,8.0,4,Mobile Phone,3,Single,2,1,3,146.54,0,0,0,0
8,6.0,5,Mobile Phone,1,Married,2,0,1,129.77,0,0,0,0
16,9.0,5,Laptop & Accessory,1,Single,5,0,1,192.81,0,0,0,0
28,32.0,1,Others,4,Married,5,1,4,296.36,0,0,0,0
24,9.0,3,Grocery,4,Single,4,0,0,237.34,0,0,0,0
7,14.0,4,Laptop & Accessory,4,Divorced,2,0,3,168.02,0,0,0,0
14,7.0,3,Laptop & Accessory,5,Married,1,0,7,141.03,0,0,0,0
4,12.0,5,Mobile Phone,2,Married,11,0,4,162.61,0,0,0,0
11,13.0,3,Mobile Phone,4,Married,6,0,8,125.92,0,1,0,0
12,32.0,5,Fashion,4,Married,5,0,2,245.61,0,0,0,0
5,6.0,3,Fashion,1,Married,2,0,7,204.22,0,0,0,0
5,14.0,3,Laptop & Accessory,2,Divorced,6,0,8,194.29,0,0,0,0
25,8.0,4,Mobile Phone,1,Single,8,0,2,132.12,0,0,0,0
4,14.0,4,Mobile Phone,3,Married,3,0,1,137.74,0,0,0,0
5,9.0,4,Laptop & Accessory,5,Single,9,0,4,178.32,0,0,0,0
0,16.0,3,Mobile Phone,3,Single,2,1,1,110.09,0,0,0,1
19,9.0,5,Grocery,1,Married,11,0,9,292.92,0,0,0,0
27,9.0,3,Grocery,2,Divorced,4,0,9,277.79,0,0,0,0
14,15.0,3,Others,3,Married,3,0,11,294.19,0,0,0,0
3,7.0,2,Laptop & Accessory,3,Single,10,1,3,187.94,0,0,0,0
13,9.0,5,Laptop & Accessory,2,Divorced,10,0,5,177.04,0,0,0,0
18,13.0,1,Laptop & Accessory,3,Married,5,0,2,164.34,0,0,0,0
29,27.0,4,Laptop & Accessory,2,Divorced,5,1,9,179.15,0,0,0,0
1,7.0,5,Laptop & Accessory,1,Married,1,0,5,166.74,0,0,0,0
10,14.0,4,Mobile Phone,1,Single,4,0,2,171.78,0,0,0,0
0,33.0,3,Mobile Phone,4,Single,3,0,2,123.11,1,0,0,0
1,12.0,5,Fashion,2,Married,3,1,9,253.08,0,0,0,0
13,6.0,4,Grocery,4,Married,2,0,11,235.03,0,0,0,0
7,32.0,4,Laptop & Accessory,3,Married,3,0,2,170.39,0,0,0,0
3,30.0,4,Mobile Phone,1,Single,11,0,3,147.01,0,0,0,0
9,6.0,4,Laptop & Accessory,3,Married,1,0,2,143.74,0,0,0,0
25,28.0,4,Laptop & Accessory,1,Single,2,1,1,179.41,0,0,0,0
13,28.0,5,Laptop & Accessory,1,Married,5,1,5,186.2,0,0,0,0
6,20.0,3,Mobile Phone,4,Divorced,2,0,6,127.56,0,0,0,0
0,13.0,3,Mobile Phone,2,Divorced,2,0,2,123.23,0,1,0,0
8,8.0,4,Mobile Phone,5,Married,7,0,4,154.96,0,0,0,0
22,7.0,2,Grocery,2,Single,4,0,2,293.85,0,0,0,0
11,16.0,4,Mobile Phone,1,Married,3,1,3,148.26,0,0,0,0
3,8.0,2,Laptop & Accessory,3,Single,10,1,3,187.94,0,0,0,0
19,35.0,4,Mobile Phone,1,Married,6,0,4,146.32,0,0,0,0
15,14.0,3,Mobile Phone,3,Single,5,0,0,139.68,0,0,0,0
23,25.0,4,Laptop & Accessory,1,Married,3,1,8,193.04,0,0,0,0
8,9.0,4,Laptop & Accessory,2,Single,3,0,5,187.74,0,0,0,0
11,9.0,4,Laptop & Accessory,3,Married,6,1,3,221.02,0,0,1,0
0,21.0,5,Mobile Phone,2,Divorced,1,1,3,121.68,1,0,0,0
12,9.0,2,Laptop & Accessory,5,Single,8,1,13,184.8,0,0,0,0
2,16.0,4,Mobile Phone,1,Married,3,0,5,145.7,0,0,0,0
1,29.0,5,Mobile Phone,4,Married,3,0,1,153.63,0,0,0,1
0,6.0,5,Mobile Phone,3,Single,2,0,0,113.59,1,0,0,1
7,7.0,2,Laptop & Accessory,5,Married,4,0,4,178.76,0,0,0,0
0,10.0,4,Mobile Phone,5,Married,2,0,0,121.09,1,0,0,0
2,15.0,4,Mobile Phone,2,Single,1,0,2,139.83,0,0,0,0
3,22.0,5,Laptop & Accessory,3,Single,2,1,9,166.93,0,0,0,0
1,7.0,5,Laptop & Accessory,5,Married,3,0,3,222.14,0,0,1,1
3,26.0,5,Laptop & Accessory,3,Married,3,0,3,211.2,0,0,1,0
15,15.0,4,Others,1,Single,9,0,1,296.13,0,0,0,0
24,7.0,5,Mobile Phone,3,Married,4,0,3,161.9,0,0,0,0
12,9.0,5,Fashion,3,Married,5,1,3,202.56,0,0,0,0
8,10.0,5,Laptop & Accessory,1,Married,5,1,2,206.03,0,0,0,0
11,16.0,5,Laptop & Accessory,4,Married,3,0,4,166.89,0,0,0,0
0,13.0,3,Mobile Phone,3,Single,2,0,0,123.18,0,1,0,0
7,7.0,5,Laptop & Accessory,2,Single,2,0,5,194.49,0,0,0,0
0,13.0,4,Mobile Phone,5,Single,7,1,0,124.04,0,1,0,1
7,30.0,3,Mobile Phone,3,Married,4,1,0,131.61,0,0,0,1
10,16.0,1,Fashion,1,Married,2,1,8,237.44,0,0,0,0
0,16.0,5,Mobile Phone,1,Married,8,0,3,134.08,0,0,0,1
0,13.0,4,Mobile Phone,5,Single,7,0,7,123.62,0,1,0,1
4,8.0,4,Laptop & Accessory,5,Married,4,0,0,164.1,0,0,0,0
1,31.0,6,Mobile Phone,2,Single,3,1,1,148.4,0,0,0,1
1,16.0,4,Mobile Phone,5,Married,3,0,1,142.9,0,0,0,1
0,15.0,5,Mobile Phone,4,Single,2,0,2,127.6,0,0,0,1
25,25.0,3,Mobile Phone,2,Divorced,1,0,2,142.58,0,0,0,0
6,14.0,4,Laptop & Accessory,2,Divorced,6,0,3,217.04,0,0,1,0
29,11.0,4,Laptop & Accessory,3,Married,2,1,3,165.35,0,0,0,0
10,25.0,3,Laptop & Accessory,3,Married,4,0,2,157.68,0,0,0,0
16,9.0,4,Others,3,Married,7,0,15,313.8,0,0,0,0
1,7.0,5,Mobile Phone,4,Single,3,1,3,146.74,0,0,0,1
0,14.0,5,Mobile Phone,5,Married,2,1,7,121.19,1,0,0,1
13,8.0,4,Mobile Phone,3,Single,3,0,2,128.09,0,0,0,0
1,10.0,4,Laptop & Accessory,3,Single,11,0,1,170.77,0,0,0,1
0,19.0,4,Laptop & Accessory,5,Married,6,1,2,161.34,0,0,0,1
3,28.0,4,Laptop & Accessory,3,Divorced,3,1,0,163.8,0,0,0,1
3,16.0,5,Mobile Phone,1,Single,2,0,3,164.83,0,0,0,0
1,24.0,4,Mobile Phone,4,Married,3,0,1,147.1,0,0,0,1
3,22.0,6,Mobile Phone,2,Divorced,2,1,4,146.68,0,0,0,0
0,16.0,3,Grocery,5,Married,2,1,10,270.68,0,0,0,0
14,28.0,3,Laptop & Accessory,1,Married,4,1,3,154.67,0,0,0,0
19,17.0,4,Mobile Phone,1,Married,5,0,3,151.54,0,0,0,0
8,17.0,3,Mobile Phone,3,Married,8,1,2,126.6,0,0,0,0
20,11.0,3,Others,3,Married,5,0,1,283.0,0,0,0,0
0,20.0,3,Fashion,1,Single,1,1,7,175.53,0,0,0,1
21,10.0,4,Fashion,3,Single,8,0,3,209.99,0,0,1,0
23,13.0,4,Others,3,Married,6,1,8,287.4,0,0,0,0
12,7.0,4,Fashion,3,Single,6,1,1,203.61,0,0,0,0
0,12.0,3,Mobile Phone,3,Divorced,1,0,2,127.73,0,0,0,0
9,16.0,5,Laptop & Accessory,4,Single,11,0,1,190.4,0,0,0,0
18,9.0,4,Fashion,3,Single,7,1,3,227.09,0,0,1,0
9,32.0,4,Fashion,3,Married,3,1,3,228.88,0,0,1,0
0,16.0,2,Mobile Phone,3,Divorced,4,1,7,122.13,1,0,0,0
29,29.0,3,Grocery,4,Married,5,1,9,234.02,0,0,0,0
27,5.0,3,Laptop & Accessory,3,Single,8,0,0,137.8,0,0,0,0
18,13.0,3,Laptop & Accessory,4,Married,9,0,15,123.48,0,1,0,0
1,8.0,5,Laptop & Accessory,5,Married,3,0,3,222.14,0,0,1,1
0,22.0,1,Mobile Phone,5,Single,2,0,14,127.43,0,0,0,1
1,24.0,5,Mobile Phone,4,Married,3,0,1,146.27,0,0,0,0
8,30.0,4,Laptop & Accessory,3,Single,2,0,8,170.68,0,0,0,0
8,15.0,4,Fashion,3,Divorced,2,1,15,206.85,0,0,0,0
18,26.0,3,Grocery,1,Married,1,1,10,234.96,0,0,0,0
0,6.0,3,Laptop & Accessory,4,Married,2,0,4,163.97,0,0,0,0
20,13.0,3,Mobile Phone,3,Single,5,0,0,124.79,0,1,0,1
23,25.0,5,Others,3,Married,3,1,10,320.02,0,0,0,0
6,7.0,5,Mobile Phone,4,Divorced,8,0,3,148.32,0,0,0,0
13,25.0,3,Laptop & Accessory,2,Divorced,9,1,7,127.41,0,0,0,0
0,7.0,3,Mobile Phone,1,Single,2,0,0,116.11,1,0,0,0
23,15.0,4,Fashion,4,Married,6,0,8,199.03,0,0,0,0
27,20.0,3,Laptop & Accessory,5,Married,3,0,4,169.5,0,0,0,0
19,14.0,2,Laptop & Accessory,3,Married,6,0,3,189.34,0,0,0,0
1,16.0,5,Mobile Phone,5,Single,2,1,3,148.21,0,0,0,1
23,8.0,4,Grocery,3,Single,6,0,1,278.79,0,0,0,0
0,8.0,3,Mobile Phone,1,Divorced,7,1,2,137.22,0,0,0,1
2,17.0,4,Laptop & Accessory,3,Single,5,0,8,161.6,0,0,0,0
7,8.0,3,Laptop & Accessory,3,Single,3,0,2,140.33,0,0,0,0
4,19.0,4,Laptop & Accessory,3,Single,2,0,5,190.77,0,0,0,0
15,8.0,3,Laptop & Accessory,2,Divorced,2,0,2,140.89,0,0,0,0
17,9.0,3,Others,1,Married,5,1,1,295.13,0,0,0,0
9,16.0,3,Fashion,5,Married,8,1,7,183.21,0,0,0,0
2,27.0,1,Fashion,5,Married,2,0,8,199.8,0,0,0,0
1,16.0,4,Mobile Phone,3,Married,3,0,3,152.42,0,0,0,1
29,33.0,5,Others,1,Married,3,0,14,320.86,0,0,0,0
19,9.0,4,Laptop & Accessory,4,Divorced,2,0,8,173.05,0,0,0,0
12,9.0,4,Laptop & Accessory,5,Married,5,0,8,193.93,0,0,0,0
1,26.0,5,Mobile Phone,5,Married,3,0,8,165.66,0,0,0,0
13,15.0,4,Laptop & Accessory,2,Divorced,10,0,2,148.76,0,0,0,0
1,35.0,3,Laptop & Accessory,5,Divorced,8,1,0,166.73,0,0,0,1
28,8.0,3,Fashion,4,Divorced,4,0,3,209.76,0,0,1,0
12,14.0,3,Mobile Phone,3,Divorced,2,0,7,137.55,0,0,0,0
27,8.0,3,Fashion,3,Married,10,0,3,235.49,0,0,0,0
9,15.0,3,Fashion,1,Married,5,0,3,200.96,0,0,0,1
0,6.0,3,Mobile Phone,5,Single,3,0,2,120.8,1,0,0,0
0,14.0,3,Mobile Phone,1,Single,2,0,4,134.45,0,0,0,0
23,7.0,4,Mobile Phone,5,Divorced,4,0,3,160.8,0,0,0,0
0,6.0,4,Mobile Phone,5,Divorced,2,0,3,139.55,0,0,0,0
7,8.0,3,Laptop & Accessory,2,Single,2,0,11,166.87,0,0,0,0
9,11.0,4,Mobile Phone,5,Married,10,1,0,134.19,0,0,0,0
8,22.0,4,Fashion,1,Married,3,0,6,204.78,0,0,0,1
6,15.0,2,Laptop & Accessory,3,Married,7,0,4,176.75,0,0,0,0
7,15.0,3,Fashion,2,Married,1,0,6,185.0,0,0,0,0
9,12.0,3,Mobile Phone,1,Married,1,0,11,132.1,0,0,0,0
1,10.0,4,Laptop & Accessory,3,Divorced,2,1,3,166.71,0,0,0,1
3,11.0,4,Laptop & Accessory,3,Married,2,0,2,161.18,0,0,0,0
12,18.0,3,Laptop & Accessory,4,Married,5,0,0,152.95,0,0,0,0
15,13.0,4,Mobile Phone,5,Married,1,1,8,125.93,0,1,0,0
1,11.0,5,Laptop & Accessory,2,Single,3,1,4,169.87,0,0,0,0
23,14.0,5,Fashion,3,Single,10,0,1,234.65,0,0,0,0
9,25.0,4,Laptop & Accessory,3,Married,3,1,3,181.89,0,0,0,0
1,17.0,5,Mobile Phone,5,Single,3,0,1,139.16,0,0,0,1
15,35.0,5,Laptop & Accessory,2,Single,5,0,0,142.72,0,0,0,0
8,6.0,3,Fashion,3,Single,2,0,8,187.89,0,0,0,0
10,23.0,5,Laptop & Accessory,5,Married,6,0,3,181.47,0,0,0,0
10,27.0,3,Mobile Phone,2,Divorced,6,0,0,129.73,0,0,0,0
3,10.0,4,Laptop & Accessory,3,Divorced,6,1,1,177.38,0,0,0,1
0,23.0,4,Mobile Phone,4,Married,2,0,0,121.27,1,0,0,0
30,6.0,4,Laptop & Accessory,3,Single,8,0,3,154.73,0,0,0,0
8,22.0,4,Grocery,5,Married,9,0,10,295.07,0,0,0,0
1,9.0,2,Mobile Phone,5,Single,9,0,2,159.24,0,0,0,0
1,10.0,4,Mobile Phone,1,Married,3,0,1,142.06,0,0,0,0
19,11.0,4,Laptop & Accessory,4,Married,3,0,9,169.47,0,0,0,0
0,27.0,1,Mobile Phone,4,Married,2,0,13,120.28,1,0,0,0
1,10.0,5,Fashion,2,Divorced,3,1,3,228.25,0,0,1,1
21,8.0,2,Laptop & Accessory,4,Divorced,4,0,2,181.2,0,0,0,0
17,34.0,1,Grocery,2,Divorced,4,1,11,233.2,0,0,0,0
2,7.0,4,Mobile Phone,5,Married,3,0,3,160.91,0,0,0,0
2,8.0,3,Mobile Phone,4,Divorced,1,0,2,131.8,0,0,0,0
3,6.0,3,Mobile Phone,4,Divorced,1,1,7,135.79,0,0,0,0
9,17.0,4,Mobile Phone,2,Married,3,0,3,164.17,0,0,0,0
30,16.0,3,Grocery,3,Single,1,0,8,238.72,0,0,0,0
1,7.0,5,Mobile Phone,3,Married,3,1,1,154.33,0,0,0,0
19,6.0,3,Others,2,Married,10,0,2,296.27,0,0,0,0
2,9.0,4,Laptop & Accessory,4,Married,6,0,5,173.55,0,0,0,1
14,29.0,3,Fashion,3,Single,4,1,2,170.82,0,0,0,0
1,8.0,4,Mobile Phone,4,Single,3,1,3,148.02,0,0,0,1
1,7.0,4,Mobile Phone,2,Divorced,4,1,1,147.93,0,0,0,1
2,9.0,5,Mobile Phone,4,Married,2,0,5,157.01,0,0,0,0
3,12.0,4,Laptop & Accessory,1,Married,1,0,7,146.27,0,0,0,0
12,16.0,4,Mobile Phone,1,Married,4,0,4,172.71,0,0,0,0
11,26.0,4,Mobile Phone,4,Married,6,0,1,155.22,0,0,0,0
30,6.0,5,Laptop & Accessory,3,Married,3,1,2,156.6,0,0,0,0
6,15.0,2,Laptop & Accessory,3,Divorced,7,0,4,176.75,0,0,0,0
1,9.0,4,Mobile Phone,4,Married,3,0,3,147.26,0,0,0,0
14,11.0,1,Laptop & Accessory,4,Single,4,0,2,168.7,0,0,0,0
2,36.0,6,Laptop & Accessory,4,Married,3,0,8,190.49,0,0,0,0
4,10.0,3,Laptop & Accessory,4,Single,2,0,7,193.55,0,0,0,1
3,9.0,4,Grocery,1,Married,9,0,6,246.69,0,0,0,1
11,23.0,4,Fashion,3,Married,1,0,9,188.23,0,0,0,0
11,7.0,3,Laptop & Accessory,1,Married,8,0,9,147.35,0,0,0,0
10,16.0,2,Mobile Phone,2,Single,4,0,0,146.8,0,0,0,0
11,6.0,3,Laptop & Accessory,4,Married,1,0,8,144.4,0,0,0,0
1,34.0,4,Laptop & Accessory,1,Single,3,1,8,183.13,0,0,0,1
14,33.0,4,Laptop & Accessory,5,Divorced,3,0,6,208.96,0,0,0,0
0,6.0,3,Mobile Phone,1,Single,2,0,7,121.15,1,0,0,0
26,10.0,5,Fashion,3,Divorced,4,1,5,204.69,0,0,0,0
28,16.0,4,Laptop & Accessory,3,Married,5,0,4,153.97,0,0,0,0
1,20.0,4,Laptop & Accessory,4,Single,7,0,1,182.65,0,0,0,1
1,7.0,5,Mobile Phone,4,Single,3,1,3,145.7,0,0,0,0
5,13.0,3,Laptop & Accessory,2,Divorced,5,0,3,192.04,0,0,0,0
1,31.0,5,Laptop & Accessory,4,Single,2,1,11,170.99,0,0,0,1
18,10.0,3,Laptop & Accessory,4,Divorced,2,0,8,144.47,0,0,0,0
1,11.0,4,Mobile Phone,1,Single,11,1,1,147.85,0,0,0,1
1,31.0,4,Mobile Phone,4,Single,10,0,3,160.97,0,0,0,0
9,28.0,4,Laptop & Accessory,2,Divorced,3,1,8,165.14,0,0,0,0
18,8.0,4,Mobile Phone,1,Married,6,1,3,156.95,0,0,0,0
11,6.0,1,Laptop & Accessory,1,Single,1,0,8,176.25,0,0,0,0
27,15.0,3,Laptop & Accessory,3,Married,4,0,3,128.97,0,0,0,0
4,7.0,6,Mobile Phone,3,Divorced,5,0,3,163.33,0,0,0,0
8,20.0,4,Fashion,3,Married,3,0,3,211.28,0,0,1,0
1,18.0,4,Mobile Phone,5,Married,2,0,5,145.99,0,0,0,0
12,10.0,4,Laptop & Accessory,2,Single,10,1,1,193.61,0,0,0,0
17,34.0,4,Fashion,5,Married,10,0,2,233.2,0,0,0,0
5,9.0,5,Laptop & Accessory,5,Married,5,0,1,189.1,0,0,0,0
1,12.0,4,Mobile Phone,1,Single,2,1,3,148.79,0,0,0,0
24,36.0,5,Grocery,3,Divorced,2,0,8,295.46,0,0,0,0
20,8.0,3,Grocery,1,Married,2,1,0,267.52,0,0,0,0
2,6.0,1,Laptop & Accessory,3,Single,9,1,2,162.94,0,0,0,0
4,26.0,3,Mobile Phone,4,Single,2,1,2,131.4,0,0,0,1
21,9.0,5,Mobile Phone,1,Single,3,1,3,157.94,0,0,0,0
5,7.0,3,Laptop & Accessory,5,Married,5,0,2,140.87,0,0,0,0
12,7.0,4,Laptop & Accessory,1,Married,9,0,10,172.35,0,0,0,0
30,31.0,3,Fashion,5,Single,8,0,9,176.37,0,0,0,0
14,9.0,2,Laptop & Accessory,4,Divorced,3,0,8,167.44,0,0,0,0
9,7.0,4,Laptop & Accessory,3,Divorced,11,0,10,172.17,0,0,0,0
5,9.0,4,Mobile Phone,3,Married,3,0,4,159.77,0,0,0,0
30,24.0,3,Fashion,1,Single,7,0,4,205.12,0,0,0,0
9,14.0,4,Mobile Phone,3,Divorced,3,0,1,149.04,0,0,0,0
3,8.0,4,Mobile Phone,5,Single,1,0,7,149.68,0,0,0,0
30,15.0,4,Mobile Phone,4,Married,5,1,0,133.46,0,0,0,0
14,34.0,4,Grocery,4,Married,1,0,10,235.7,0,0,0,0
26,32.0,5,Grocery,1,Married,5,0,1,263.26,0,0,0,0
0,8.0,1,Mobile Phone,1,Married,2,0,7,120.11,1,0,0,0
18,11.0,4,Laptop & Accessory,4,Single,11,0,4,184.33,0,0,0,0
0,17.0,3,Laptop & Accessory,5,Married,2,1,3,147.41,0,0,0,0
10,6.0,4,Mobile Phone,5,Divorced,3,0,2,139.2,0,0,0,0
9,7.0,2,Mobile Phone,3,Single,5,0,3,150.06,0,0,0,0
15,30.0,3,Fashion,5,Married,2,1,8,174.06,0,0,0,0
27,6.0,3,Fashion,3,Married,8,0,4,205.02,0,0,0,0
9,14.0,3,Fashion,3,Married,2,0,8,200.96,0,0,0,0
6,15.0,2,Laptop & Accessory,1,Married,3,0,9,187.09,0,0,0,0
12,6.0,3,Others,3,Married,2,1,6,291.97,0,0,0,0
27,15.0,4,Grocery,2,Divorced,7,0,3,243.36,0,0,0,0
13,14.0,3,Laptop & Accessory,3,Married,4,1,3,167.96,0,0,0,1
0,21.0,3,Mobile Phone,3,Married,2,0,2,122.07,1,0,0,0
7,17.0,4,Laptop & Accessory,4,Divorced,5,0,8,144.9,0,0,0,0
1,9.0,4,Mobile Phone,3,Married,8,1,3,164.77,0,0,0,0
23,6.0,3,Laptop & Accessory,3,Divorced,1,0,13,163.47,0,0,0,0
28,6.0,4,Laptop & Accessory,3,Single,9,0,1,162.8,0,0,0,0
10,35.0,3,Fashion,4,Married,2,1,3,218.49,0,0,1,1
19,8.0,3,Grocery,5,Married,9,0,9,270.48,0,0,0,0
3,33.0,3,Laptop & Accessory,1,Married,8,0,7,153.04,0,0,0,0
0,13.0,4,Mobile Phone,3,Single,2,0,2,126.25,0,1,0,1
0,6.0,3,Mobile Phone,2,Divorced,3,1,0,122.93,1,0,0,1
0,7.0,4,Mobile Phone,3,Married,2,0,0,115.63,1,0,0,0
31,9.0,4,Grocery,4,Married,6,0,15,287.91,0,0,0,0
3,15.0,3,Laptop & Accessory,3,Single,8,1,7,146.95,0,0,0,0
3,8.0,5,Grocery,1,Married,5,0,8,286.24,0,0,0,0
11,6.0,3,Fashion,3,Single,5,1,0,178.61,0,0,0,0
23,8.0,3,Grocery,5,Divorced,3,0,2,278.56,0,0,0,0
3,26.0,3,Laptop & Accessory,5,Married,1,0,2,199.57,0,0,0,0
21,9.0,4,Laptop & Accessory,1,Married,7,0,5,175.7,0,0,0,0
3,14.0,4,Laptop & Accessory,2,Married,3,1,1,191.23,0,0,0,0
1,9.0,6,Laptop & Accessory,1,Single,5,0,1,175.71,0,0,0,0
5,32.0,3,Laptop & Accessory,2,Divorced,1,0,2,144.65,0,0,0,0
14,14.0,5,Fashion,1,Single,3,0,3,206.5,0,0,0,1
11,8.0,3,Mobile Phone,3,Married,7,1,1,130.57,0,0,0,0
14,8.0,4,Grocery,5,Married,4,0,17,293.23,0,0,0,0
7,13.0,4,Laptop & Accessory,1,Married,5,0,8,202.25,0,0,0,0
10,10.0,4,Mobile Phone,4,Married,3,0,8,161.92,0,0,0,0
4,36.0,4,Fashion,4,Married,5,0,3,217.5,0,0,1,0
0,22.0,3,Mobile Phone,4,Divorced,10,0,2,128.11,0,0,0,0
8,8.0,5,Laptop & Accessory,5,Single,2,0,10,178.43,0,0,0,0
1,23.0,6,Mobile Phone,5,Married,3,1,1,148.07,0,0,0,1
22,14.0,3,Fashion,4,Married,5,0,7,174.03,0,0,0,0
1,16.0,4,Laptop & Accessory,5,Married,6,0,8,178.46,0,0,0,1
20,7.0,2,Grocery,5,Single,3,0,13,300.67,0,0,0,0
18,8.0,3,Laptop & Accessory,4,Married,1,0,7,148.05,0,0,0,0
30,30.0,1,Fashion,1,Married,4,1,4,194.39,0,0,0,0
2,13.0,3,Mobile Phone,2,Single,2,0,5,123.4,0,1,0,0
6,10.0,4,Fashion,1,Single,5,0,8,236.59,0,0,0,0
0,34.0,3,Mobile Phone,1,Married,5,0,3,121.32,1,0,0,0
13,14.0,3,Laptop & Accessory,3,Divorced,4,1,3,167.96,0,0,0,1
10,6.0,3,Fashion,2,Married,3,1,2,236.03,0,0,0,0
18,7.0,3,Fashion,4,Married,2,0,7,174.41,0,0,0,0
28,20.0,2,Others,4,Single,9,0,15,287.22,0,0,0,0
18,17.0,4,Laptop & Accessory,1,Married,4,1,4,189.65,0,0,0,0
4,10.0,4,Mobile Phone,2,Divorced,6,0,5,145.97,0,0,0,0
24,9.0,4,Grocery,5,Divorced,4,0,3,303.56,0,0,0,0
1,16.0,4,Laptop & Accessory,5,Single,5,1,4,207.24,0,0,0,1
15,10.0,3,Others,1,Married,2,0,15,292.32,0,0,0,0
10,17.0,4,Fashion,3,Divorced,5,0,8,195.94,0,0,0,0
17,22.0,5,Laptop & Accessory,1,Married,5,0,3,193.04,0,0,0,0
10,10.0,4,Mobile Phone,4,Divorced,3,0,8,161.92,0,0,0,0
2,13.0,3,Mobile Phone,1,Married,5,0,7,125.14,0,1,0,0
13,28.0,5,Laptop & Accessory,2,Divorced,5,1,5,186.2,0,0,0,0
20,10.0,3,Laptop & Accessory,3,Single,4,0,0,129.76,0,0,0,0
9,30.0,6,Mobile Phone,3,Married,2,0,4,152.05,0,0,0,0
4,9.0,3,Fashion,3,Married,10,0,2,236.75,0,0,0,0
0,14.0,1,Mobile Phone,4,Single,10,0,2,121.09,1,0,0,0
22,9.0,4,Laptop & Accessory,2,Divorced,4,0,8,165.51,0,0,0,0
23,27.0,4,Laptop & Accessory,5,Married,3,0,12,190.67,0,0,0,0
5,13.0,4,Laptop & Accessory,3,Divorced,2,0,8,154.84,0,0,0,0
5,14.0,5,Fashion,3,Married,3,0,3,214.43,0,0,1,0
1,11.0,5,Mobile Phone,2,Divorced,2,0,5,156.62,0,0,0,0
2,17.0,4,Mobile Phone,4,Divorced,3,0,1,135.52,0,0,0,0
0,17.0,1,Laptop & Accessory,3,Married,1,0,3,140.11,0,0,0,0
1,12.0,2,Laptop & Accessory,5,Married,3,0,6,165.0,0,0,0,0
17,9.0,4,Laptop & Accessory,1,Married,3,0,8,181.75,0,0,0,0
0,8.0,3,Laptop & Accessory,2,Divorced,1,0,2,142.27,0,0,0,0
13,8.0,4,Laptop & Accessory,3,Divorced,7,0,0,134.48,0,0,0,0
2,34.0,6,Laptop & Accessory,5,Married,2,0,1,25.0,0,0,0,0
2,7.0,4,Mobile Phone,1,Married,3,0,4,145.44,0,0,0,0
25,17.0,3,Laptop & Accessory,3,Married,9,0,4,131.49,0,0,0,0
18,13.0,3,Mobile Phone,3,Married,5,1,2,144.77,0,0,0,0
6,16.0,4,Laptop & Accessory,2,Divorced,3,1,6,188.22,0,0,0,0
7,27.0,1,Laptop & Accessory,1,Single,2,0,7,153.37,0,0,0,0
1,9.0,4,Mobile Phone,5,Married,3,0,1,148.41,0,0,0,0
6,36.0,5,Mobile Phone,4,Single,3,0,2,153.37,0,0,0,0
11,34.0,2,Laptop & Accessory,3,Single,6,1,4,188.97,0,0,0,1
19,13.0,3,Fashion,3,Married,7,0,7,208.45,0,0,0,0
26,6.0,4,Fashion,4,Single,9,0,3,229.45,0,0,1,0
12,28.0,3,Fashion,5,Single,2,1,8,208.8,0,0,0,0
11,13.0,4,Laptop & Accessory,2,Divorced,6,0,2,190.02,0,0,0,0
14,7.0,4,Grocery,5,Married,4,0,17,293.23,0,0,0,0
16,10.0,2,Laptop & Accessory,1,Married,4,1,4,177.31,0,0,0,0
0,30.0,3,Mobile Phone,4,Single,9,0,2,135.97,0,0,0,0
21,9.0,4,Grocery,3,Married,5,0,7,296.69,0,0,0,0
5,19.0,4,Mobile Phone,2,Divorced,10,1,3,164.29,0,0,0,0
14,15.0,5,Fashion,4,Married,4,0,9,262.57,0,0,0,0
15,35.0,3,Laptop & Accessory,3,Married,3,0,2,145.56,0,0,0,0
25,33.0,4,Grocery,3,Divorced,4,0,18,288.07,0,0,0,0
20,11.0,5,Others,4,Married,4,0,9,312.89,0,0,0,0
6,13.0,3,Laptop & Accessory,5,Married,1,0,3,143.73,0,0,0,0
30,7.0,3,Others,5,Married,4,1,5,297.01,0,0,0,0
8,35.0,5,Laptop & Accessory,3,Married,3,0,8,192.12,0,0,0,0
6,13.0,3,Laptop & Accessory,5,Divorced,1,0,3,143.73,0,0,0,0
11,16.0,6,Grocery,3,Married,9,0,11,254.36,0,0,0,1
8,29.0,3,Mobile Phone,5,Married,4,1,2,140.14,0,0,0,0
2,8.0,4,Mobile Phone,5,Married,3,0,3,160.91,0,0,0,0
8,13.0,4,Laptop & Accessory,3,Single,3,0,11,173.09,0,0,0,0
7,21.0,3,Fashion,1,Married,2,0,5,179.78,0,0,0,1
22,24.0,3,Laptop & Accessory,1,Married,2,1,7,168.04,0,0,0,0
23,13.0,3,Mobile Phone,2,Divorced,5,0,0,123.8,0,1,0,0
0,15.0,1,Mobile Phone,3,Married,2,0,4,144.01,0,0,0,0
1,23.0,6,Mobile Phone,5,Single,3,1,8,164.19,0,0,0,1
28,6.0,1,Grocery,2,Married,3,0,0,247.32,0,0,0,0
7,15.0,5,Mobile Phone,2,Single,2,0,3,148.42,0,0,0,0
0,10.0,4,Laptop & Accessory,1,Single,2,1,4,158.28,0,0,0,1
1,7.0,4,Mobile Phone,2,Single,3,1,9,151.86,0,0,0,1
1,22.0,5,Mobile Phone,5,Married,2,0,4,172.74,0,0,0,0
7,14.0,4,Fashion,3,Divorced,2,0,8,241.91,0,0,0,0
12,17.0,4,Laptop & Accessory,2,Single,3,1,4,181.66,0,0,0,0
11,35.0,3,Laptop & Accessory,2,Divorced,4,0,7,162.61,0,0,0,0
16,31.0,4,Fashion,5,Married,3,1,9,199.06,0,0,0,0
6,22.0,4,Laptop & Accessory,1,Married,7,0,3,191.67,0,0,0,0
28,8.0,4,Others,5,Married,9,0,0,290.38,0,0,0,0
9,7.0,5,Fashion,5,Married,3,1,7,202.52,0,0,0,0
2,13.0,4,Mobile Phone,1,Married,7,0,3,125.32,0,1,0,0
18,7.0,4,Laptop & Accessory,5,Married,7,1,4,179.54,0,0,0,0
0,15.0,3,Mobile Phone,5,Single,2,0,2,127.28,0,0,0,0
18,31.0,4,Laptop & Accessory,1,Married,1,0,8,159.06,0,0,0,0
2,25.0,3,Laptop & Accessory,1,Married,5,0,2,142.62,0,0,0,0
29,7.0,4,Fashion,1,Married,5,0,3,227.39,0,0,1,0
8,8.0,3,Laptop & Accessory,1,Married,3,0,7,157.62,0,0,0,0
27,7.0,5,Grocery,3,Married,6,1,3,254.65,0,0,0,0
24,7.0,4,Grocery,2,Married,11,0,4,298.99,0,0,0,0
6,31.0,4,Laptop & Accessory,1,Married,3,0,8,178.09,0,0,0,0
27,13.0,4,Laptop & Accessory,2,Single,4,0,3,149.5,0,0,0,0
1,33.0,4,Mobile Phone,1,Married,3,0,3,154.04,0,0,0,0
5,7.0,6,Laptop & Accessory,3,Married,2,0,5,168.45,0,0,0,0
15,29.0,4,Laptop & Accessory,1,Married,5,1,4,179.67,0,0,0,0
1,7.0,6,Mobile Phone,3,Single,3,0,1,138.59,0,0,0,1
8,27.0,2,Mobile Phone,3,Divorced,2,0,1,150.85,0,0,0,0
7,27.0,2,Laptop & Accessory,2,Single,2,0,7,153.37,0,0,0,0
14,7.0,4,Laptop & Accessory,3,Married,9,0,2,192.28,0,0,0,1
1,26.0,5,Mobile Phone,4,Married,3,1,1,149.13,0,0,0,1
15,8.0,1,Laptop & Accessory,5,Divorced,8,0,3,162.72,0,0,0,0
11,32.0,4,Laptop & Accessory,3,Married,5,1,8,169.49,0,0,0,0
9,6.0,3,Laptop & Accessory,4,Married,1,0,5,152.28,0,0,0,0
0,31.0,4,Mobile Phone,4,Single,5,1,2,123.13,1,0,0,1
23,15.0,5,Grocery,4,Divorced,8,0,4,256.2,0,0,0,0
0,8.0,4,Laptop & Accessory,4,Single,8,1,2,199.07,0,0,0,1
1,13.0,4,Mobile Phone,5,Married,6,1,3,145.73,0,0,0,1
12,9.0,5,Laptop & Accessory,1,Married,5,0,6,177.49,0,0,0,0
1,11.0,4,Laptop & Accessory,3,Divorced,3,1,4,166.62,0,0,0,0
7,6.0,4,Fashion,5,Divorced,10,0,6,204.82,0,0,0,1
0,34.0,3,Laptop & Accessory,4,Divorced,2,0,4,162.72,0,0,0,0
2,33.0,3,Laptop & Accessory,3,Divorced,5,0,1,143.35,0,0,0,0
7,15.0,3,Laptop & Accessory,3,Divorced,2,0,3,157.14,0,0,0,0
20,7.0,3,Fashion,4,Married,1,0,3,219.57,0,0,1,0
0,9.0,4,Mobile Phone,2,Single,1,0,1,120.45,1,0,0,0
12,30.0,4,Grocery,1,Married,1,0,3,220.31,0,0,1,0
5,19.0,4,Laptop & Accessory,1,Married,2,1,6,183.55,0,0,0,0
9,16.0,5,Fashion,3,Married,3,1,16,231.85,0,0,0,0
9,10.0,5,Mobile Phone,3,Divorced,3,0,1,137.81,0,0,0,0
19,8.0,5,Grocery,4,Married,4,1,7,268.72,0,0,0,0
28,8.0,5,Others,3,Divorced,5,0,11,291.87,0,0,0,0
4,8.0,4,Mobile Phone,4,Married,2,1,8,160.79,0,0,0,0
1,12.0,4,Mobile Phone,1,Single,3,0,3,156.17,0,0,0,0
28,24.0,4,Fashion,3,Divorced,10,0,9,232.39,0,0,0,0
14,18.0,4,Laptop & Accessory,3,Married,3,0,5,188.23,0,0,0,0
0,9.0,3,Laptop & Accessory,3,Single,10,0,0,145.77,0,0,0,1
15,18.0,3,Laptop & Accessory,1,Married,4,1,0,150.87,0,0,0,0
20,29.0,3,Fashion,2,Divorced,2,0,6,203.12,0,0,0,1
11,16.0,5,Fashion,3,Married,4,0,11,232.06,0,0,0,0
0,13.0,3,Mobile Phone,2,Single,2,0,2,126.1,0,1,0,0
14,9.0,4,Others,3,Divorced,2,0,13,305.41,0,0,0,0
19,20.0,2,Grocery,3,Single,8,1,9,261.95,0,0,0,1
0,10.0,3,Mobile Phone,2,Divorced,2,1,6,136.91,0,0,0,1
0,13.0,1,Mobile Phone,2,Divorced,9,0,0,125.34,0,1,0,0
1,7.0,5,Laptop & Accessory,1,Married,8,0,3,172.75,0,0,0,0
1,8.0,4,Mobile Phone,1,Single,3,0,1,141.11,0,0,0,0
11,29.0,4,Fashion,3,Single,1,0,8,195.26,0,0,0,0
8,8.0,4,Mobile Phone,4,Married,3,1,4,148.42,0,0,0,1
25,34.0,1,Grocery,3,Divorced,3,1,2,232.47,0,0,0,0
1,17.0,5,Laptop & Accessory,2,Divorced,3,1,5,182.69,0,0,0,0
20,7.0,4,Others,1,Married,11,0,3,321.27,0,0,0,0
6,19.0,4,Grocery,5,Single,2,1,15,262.58,0,0,0,1
1,33.0,4,Laptop & Accessory,1,Single,3,0,5,186.8,0,0,0,0
1,9.0,4,Mobile Phone,3,Single,3,0,3,152.83,0,0,0,0
7,6.0,4,Mobile Phone,4,Divorced,6,0,2,132.94,0,0,0,0
3,30.0,1,Grocery,4,Single,5,1,0,231.94,0,0,0,1
3,7.0,3,Mobile Phone,4,Married,2,0,7,137.48,0,0,0,0
14,9.0,4,Others,3,Married,2,0,10,319.36,0,0,0,0
22,14.0,4,Grocery,4,Divorced,7,0,3,231.2,0,0,1,0
8,6.0,4,Laptop & Accessory,2,Divorced,1,0,0,153.63,0,0,0,0
30,35.0,4,Grocery,1,Married,4,0,0,241.18,0,0,0,0
3,14.0,1,Fashion,5,Divorced,1,1,3,214.16,0,0,1,0
24,8.0,5,Laptop & Accessory,4,Married,6,0,2,154.82,0,0,0,0
8,12.0,3,Mobile Phone,3,Married,1,1,2,135.06,0,0,0,0
0,9.0,4,Mobile Phone,2,Divorced,4,0,0,121.77,1,0,0,0
13,8.0,3,Laptop & Accessory,4,Divorced,6,0,0,143.27,0,0,0,0
14,8.0,4,Laptop & Accessory,3,Single,3,1,7,168.11,0,0,0,0
19,13.0,5,Fashion,2,Single,8,0,3,213.65,0,0,1,0
4,9.0,5,Laptop & Accessory,2,Single,7,1,1,193.77,0,0,0,0
10,19.0,5,Fashion,2,Single,2,0,3,213.58,0,0,1,0
1,7.0,4,Fashion,5,Married,3,0,8,199.12,0,0,0,0
9,23.0,4,Fashion,4,Divorced,2,0,10,205.2,0,0,0,0
20,9.0,6,Grocery,4,Married,5,1,8,293.72,0,0,0,0
1,23.0,4,Fashion,5,Single,4,1,3,210.64,0,0,1,1
1,15.0,4,Laptop & Accessory,1,Married,2,0,2,168.42,0,0,0,0
24,12.0,3,Others,3,Single,8,0,15,295.37,0,0,0,0
20,17.0,5,Fashion,2,Divorced,4,1,3,215.71,0,0,1,0
2,33.0,5,Laptop & Accessory,5,Divorced,3,0,5,172.24,0,0,0,0
0,12.0,1,Mobile Phone,5,Divorced,2,1,0,116.01,1,0,0,1
12,14.0,2,Mobile Phone,3,Married,3,0,4,151.1,0,0,0,0
0,6.0,4,Laptop & Accessory,1,Married,7,0,2,147.75,0,0,0,0
6,11.0,5,Laptop & Accessory,3,Divorced,3,0,9,186.62,0,0,0,0
1,7.0,4,Laptop & Accessory,3,Married,3,0,8,177.96,0,0,0,0
6,8.0,3,Mobile Phone,3,Divorced,2,0,4,136.0,0,0,0,0
19,6.0,4,Fashion,5,Married,3,1,5,206.73,0,0,0,0
5,19.0,3,Laptop & Accessory,2,Married,3,0,3,144.03,0,0,0,0
5,15.0,3,Laptop & Accessory,2,Divorced,2,1,5,163.22,0,0,0,0
1,31.0,6,Mobile Phone,1,Single,3,1,1,136.18,0,0,0,1
0,21.0,4,Mobile Phone,5,Married,1,0,3,147.74,0,0,0,0
20,9.0,4,Laptop & Accessory,1,Married,4,0,5,198.79,0,0,0,0
11,6.0,2,Laptop & Accessory,2,Single,1,0,8,176.25,0,0,0,0
18,12.0,4,Fashion,2,Single,7,0,8,188.65,0,0,0,0
1,10.0,4,Mobile Phone,5,Single,3,1,8,158.48,0,0,0,1
0,27.0,1,Mobile Phone,1,Single,2,0,2,126.78,0,0,0,0
8,32.0,3,Laptop & Accessory,5,Married,3,0,0,142.86,0,0,0,1
0,6.0,3,Mobile Phone,4,Single,2,1,2,123.02,1,0,0,1
11,17.0,4,Mobile Phone,5,Married,8,0,4,159.52,0,0,0,0
18,10.0,4,Others,2,Divorced,6,1,2,320.13,0,0,0,0
19,13.0,5,Fashion,1,Single,8,0,3,213.65,0,0,1,0
25,12.0,3,Laptop & Accessory,5,Married,4,1,9,155.77,0,0,0,0
29,7.0,3,Laptop & Accessory,3,Married,2,0,9,163.06,0,0,0,0
1,14.0,5,Fashion,2,Married,11,0,2,240.57,0,0,0,0
12,15.0,3,Laptop & Accessory,4,Single,21,0,3,167.82,0,0,0,0
4,6.0,3,Laptop & Accessory,2,Single,9,1,5,159.93,0,0,0,1
25,8.0,4,Others,3,Single,2,1,12,290.68,0,0,0,0
0,13.0,3,Mobile Phone,1,Single,2,0,2,126.1,0,1,0,0
8,27.0,3,Laptop & Accessory,1,Married,2,1,7,140.14,0,0,0,0
6,10.0,4,Fashion,2,Single,5,0,8,236.59,0,0,0,0
17,13.0,3,Mobile Phone,5,Married,2,1,1,125.59,0,1,0,0
11,13.0,4,Mobile Phone,4,Married,5,0,5,124.68,0,1,0,0
8,7.0,5,Mobile Phone,4,Divorced,7,0,3,157.94,0,0,0,0
13,8.0,3,Laptop & Accessory,1,Single,2,0,8,146.61,0,0,0,0
11,17.0,4,Mobile Phone,4,Married,3,0,8,164.36,0,0,0,0
4,14.0,3,Fashion,1,Married,2,0,9,207.93,0,0,0,0
19,10.0,4,Others,4,Married,3,0,8,287.89,0,0,0,0
10,20.0,3,Mobile Phone,5,Married,2,0,17,130.34,0,0,0,0
12,16.0,3,Fashion,3,Single,8,0,2,234.64,0,0,0,0
5,27.0,4,Mobile Phone,4,Single,3,1,3,156.4,0,0,0,1
16,31.0,4,Fashion,1,Married,6,0,0,207.98,0,0,0,0
12,13.0,4,Others,1,Married,2,0,3,292.72,0,0,0,0
8,15.0,4,Laptop & Accessory,5,Divorced,7,0,3,190.0,0,0,0,0
5,14.0,1,Laptop & Accessory,3,Married,6,0,3,151.75,0,0,0,0
19,8.0,3,Grocery,5,Divorced,9,0,9,270.48,0,0,0,0
25,33.0,4,Grocery,3,Married,4,0,18,288.07,0,0,0,0
13,8.0,3,Others,3,Divorced,1,0,12,280.41,0,0,0,0
2,33.0,5,Laptop & Accessory,5,Married,3,0,5,172.24,0,0,0,0
31,9.0,5,Grocery,1,Single,5,1,4,262.26,0,0,0,0
8,7.0,4,Mobile Phone,4,Married,3,1,4,148.42,0,0,0,1
13,22.0,4,Grocery,5,Single,2,0,11,258.41,0,0,0,0
1,8.0,4,Mobile Phone,1,Married,2,1,2,138.67,0,0,0,0
24,7.0,4,Laptop & Accessory,3,Divorced,2,0,14,188.47,0,0,0,0
23,34.0,1,Mobile Phone,3,Married,2,1,8,132.21,0,0,0,0
24,15.0,4,Mobile Phone,4,Married,9,0,3,163.75,0,0,0,0
12,7.0,2,Mobile Phone,3,Divorced,3,0,1,153.44,0,0,0,0
10,28.0,4,Laptop & Accessory,4,Married,6,0,3,214.26,0,0,1,1
1,17.0,4,Laptop & Accessory,1,Single,3,0,3,171.84,0,0,0,0
7,8.0,4,Laptop & Accessory,3,Divorced,2,0,9,195.47,0,0,0,0
17,11.0,5,Fashion,1,Single,5,0,3,227.31,0,0,1,0
6,6.0,1,Laptop & Accessory,5,Married,3,0,3,153.76,0,0,0,0
16,31.0,4,Fashion,2,Married,6,0,0,234.0,0,0,0,0
5,19.0,3,Laptop & Accessory,1,Married,3,0,3,144.03,0,0,0,0
19,15.0,4,Laptop & Accessory,2,Divorced,11,0,9,161.97,0,0,0,0
1,8.0,4,Mobile Phone,2,Divorced,2,1,2,138.67,0,0,0,0
12,8.0,3,Fashion,3,Single,1,0,3,209.38,0,0,1,0
6,12.0,4,Laptop & Accessory,4,Divorced,3,0,4,190.24,0,0,0,0
22,23.0,4,Laptop & Accessory,3,Married,10,0,8,189.39,0,0,0,0
1,9.0,4,Mobile Phone,1,Single,4,0,3,150.8,0,0,0,0
6,29.0,3,Fashion,1,Single,2,1,12,234.58,0,0,0,0
29,29.0,3,Grocery,4,Divorced,5,1,9,234.02,0,0,0,0
24,17.0,5,Fashion,2,Single,8,0,3,229.96,0,0,1,0
7,12.0,5,Fashion,1,Married,6,0,3,196.19,0,0,0,0
10,31.0,4,Laptop & Accessory,4,Divorced,9,0,9,181.74,0,0,0,0
12,30.0,4,Laptop & Accessory,2,Married,11,0,3,182.45,0,0,0,0
0,8.0,3,Mobile Phone,3,Single,2,0,2,127.83,0,0,0,0
27,7.0,3,Grocery,1,Single,7,0,7,273.28,0,0,0,0
3,30.0,4,Mobile Phone,5,Single,2,0,4,164.04,0,0,0,1
0,9.0,3,Mobile Phone,5,Divorced,6,0,2,140.31,0,0,0,1
8,10.0,6,Laptop & Accessory,1,Single,7,0,3,185.29,0,0,0,0
8,17.0,5,Laptop & Accessory,3,Married,3,0,8,175.63,0,0,0,0
9,23.0,4,Fashion,3,Divorced,6,1,1,201.32,0,0,0,0
1,15.0,6,Mobile Phone,5,Married,3,1,8,146.19,0,0,0,1
0,31.0,3,Mobile Phone,3,Married,2,0,7,129.42,0,0,0,0
10,7.0,4,Laptop & Accessory,3,Single,8,0,1,193.15,0,0,0,0
1,14.0,4,Mobile Phone,2,Married,2,0,4,149.36,0,0,0,0
0,11.0,1,Mobile Phone,3,Divorced,3,1,3,121.27,1,0,0,0
0,6.0,4,Fashion,3,Married,6,0,46,206.09,0,0,0,1
2,9.0,3,Laptop & Accessory,3,Married,5,1,0,152.38,0,0,0,1
1,20.0,4,Mobile Phone,4,Divorced,3,0,1,145.33,0,0,0,0
4,13.0,4,Mobile Phone,3,Divorced,4,0,2,123.29,0,1,0,0
0,14.0,1,Laptop & Accessory,4,Married,1,0,2,148.51,0,0,0,0
7,11.0,5,Mobile Phone,4,Married,10,0,3,163.38,0,0,0,0
1,7.0,4,Mobile Phone,4,Single,3,1,3,148.02,0,0,0,1
18,30.0,4,Laptop & Accessory,4,Married,6,0,3,145.42,0,0,0,0
0,32.0,3,Mobile Phone,1,Married,2,0,2,129.04,0,0,0,0
0,8.0,3,Mobile Phone,5,Married,7,1,2,120.42,1,0,0,1
1,22.0,4,Fashion,3,Divorced,9,1,8,261.1,0,0,0,1
10,15.0,4,Laptop & Accessory,2,Married,6,0,8,175.79,0,0,0,0
7,6.0,1,Mobile Phone,2,Single,3,0,3,132.8,0,0,0,0
25,15.0,5,Fashion,4,Divorced,7,0,8,249.9,0,0,0,0
6,10.0,4,Mobile Phone,4,Divorced,9,0,2,138.38,0,0,0,0
9,18.0,3,Laptop & Accessory,3,Married,10,1,1,146.63,0,0,0,0
28,20.0,1,Others,4,Single,9,0,15,287.22,0,0,0,0
21,16.0,4,Mobile Phone,3,Single,6,0,1,146.05,0,0,0,0
8,12.0,5,Laptop & Accessory,1,Married,3,0,14,164.86,0,0,0,0
0,6.0,3,Mobile Phone,2,Single,2,1,8,126.86,0,0,0,1
19,18.0,4,Grocery,2,Divorced,5,0,2,301.5,0,0,0,0
12,17.0,4,Mobile Phone,3,Married,2,0,3,151.84,0,0,0,0
2,10.0,4,Fashion,4,Married,2,0,8,201.55,0,0,0,0
1,9.0,5,Mobile Phone,2,Single,3,0,1,136.02,0,0,0,1
14,23.0,5,Laptop & Accessory,3,Single,8,0,1,175.94,0,0,0,0
10,17.0,4,Fashion,3,Married,5,0,8,195.94,0,0,0,0
1,18.0,4,Laptop & Accessory,5,Married,3,1,4,172.41,0,0,0,0
0,9.0,3,Mobile Phone,1,Single,2,1,0,115.69,1,0,0,1
19,8.0,4,Fashion,4,Married,3,0,8,199.41,0,0,0,0
1,7.0,5,Mobile Phone,5,Divorced,3,1,1,148.19,0,0,0,1
12,14.0,5,Laptop & Accessory,2,Single,2,0,6,165.28,0,0,0,0
9,25.0,4,Laptop & Accessory,5,Married,2,0,5,180.61,0,0,0,0
8,24.0,3,Laptop & Accessory,3,Divorced,2,0,0,146.01,0,0,0,0
29,15.0,3,Mobile Phone,3,Divorced,3,0,3,129.42,0,0,0,0
0,28.0,3,Mobile Phone,3,Divorced,5,1,1,121.32,1,0,0,1
4,31.0,2,Grocery,4,Single,6,1,1,256.94,0,0,0,1
26,10.0,5,Fashion,3,Married,4,1,5,204.69,0,0,0,0
17,13.0,5,Others,3,Married,9,0,15,318.92,0,0,0,0
25,9.0,4,Fashion,3,Divorced,3,1,4,179.69,0,0,0,0
2,26.0,5,Mobile Phone,5,Married,3,0,4,156.96,0,0,0,0
5,12.0,4,Mobile Phone,2,Divorced,2,1,4,173.21,0,0,0,0
0,32.0,3,Laptop & Accessory,1,Single,2,0,4,161.8,0,0,0,0
20,10.0,4,Grocery,4,Married,10,0,2,291.06,0,0,0,0
17,28.0,4,Mobile Phone,2,Divorced,9,0,3,147.58,0,0,0,0
22,9.0,2,Laptop & Accessory,4,Married,5,0,3,206.2,0,0,0,0
5,8.0,3,Mobile Phone,5,Married,2,0,0,128.27,0,0,0,0
0,6.0,3,Mobile Phone,2,Single,2,0,7,121.15,1,0,0,0
7,14.0,4,Laptop & Accessory,5,Married,2,0,4,168.73,0,0,0,0
9,17.0,4,Laptop & Accessory,1,Married,5,0,0,166.52,0,0,0,0
1,35.0,4,Laptop & Accessory,4,Divorced,3,0,5,187.72,0,0,0,0
11,17.0,5,Laptop & Accessory,1,Married,4,1,1,191.94,0,0,0,0
5,7.0,4,Mobile Phone,4,Single,3,0,1,150.01,0,0,0,0
10,13.0,3,Laptop & Accessory,5,Married,6,1,4,142.84,0,0,0,0
2,34.0,6,Laptop & Accessory,5,Married,2,0,1,173.77,0,0,0,0
1,14.0,3,Mobile Phone,2,Single,2,0,2,133.1,0,0,0,0
17,6.0,3,Laptop & Accessory,1,Married,5,1,2,157.43,0,0,0,0
18,14.0,3,Laptop & Accessory,2,Divorced,10,0,8,136.97,0,0,0,0
18,11.0,2,Others,5,Married,3,0,14,316.9,0,0,0,0
2,25.0,3,Laptop & Accessory,2,Married,5,0,2,142.62,0,0,0,0
13,11.0,5,Laptop & Accessory,3,Married,6,0,10,184.02,0,0,0,0
7,6.0,3,Laptop & Accessory,4,Married,2,0,3,143.25,0,0,0,0
1,8.0,5,Mobile Phone,3,Married,3,1,1,154.33,0,0,0,0
29,25.0,4,Laptop & Accessory,4,Married,5,1,8,188.85,0,0,0,0
5,30.0,3,Laptop & Accessory,2,Divorced,2,0,7,153.09,0,0,0,0
27,9.0,2,Grocery,4,Single,6,0,9,290.98,0,0,0,0
0,28.0,3,Laptop & Accessory,3,Divorced,2,1,7,161.79,0,0,0,1
1,11.0,6,Fashion,1,Married,3,0,3,229.0,0,0,1,1
1,16.0,4,Mobile Phone,3,Divorced,3,0,3,152.42,0,0,0,1
1,11.0,4,Mobile Phone,2,Divorced,3,1,7,161.91,0,0,0,1
23,12.0,4,Laptop & Accessory,3,Divorced,4,0,3,191.51,0,0,0,0
2,7.0,4,Mobile Phone,5,Single,4,0,3,145.8,0,0,0,0
3,24.0,5,Fashion,5,Single,3,0,10,204.88,0,0,0,0
22,8.0,4,Laptop & Accessory,4,Married,3,0,8,153.9,0,0,0,0
23,15.0,5,Grocery,4,Married,8,0,4,256.2,0,0,0,0
22,7.0,5,Grocery,5,Married,9,0,3,279.02,0,0,0,0
0,6.0,1,Fashion,4,Single,2,0,7,174.46,0,0,0,1
29,25.0,4,Grocery,4,Single,5,0,9,293.35,0,0,0,0
31,16.0,5,Mobile Phone,4,Married,6,1,1,158.46,0,0,0,0
10,35.0,3,Fashion,4,Divorced,2,1,3,218.49,0,0,1,1
7,8.0,4,Mobile Phone,3,Married,4,0,7,127.68,0,0,0,0
11,11.0,4,Mobile Phone,3,Married,9,1,4,154.96,0,0,0,0
9,13.0,4,Mobile Phone,5,Divorced,1,0,3,123.42,0,1,0,0
1,36.0,5,Mobile Phone,4,Single,2,0,5,159.79,0,0,0,1
28,33.0,2,Grocery,1,Single,4,1,5,298.28,0,0,0,0
2,28.0,4,Mobile Phone,2,Divorced,3,0,3,152.13,0,0,0,0
0,10.0,4,Laptop & Accessory,2,Single,2,1,4,158.28,0,0,0,1
10,25.0,3,Mobile Phone,4,Married,5,0,0,130.22,0,0,0,0
0,10.0,3,Mobile Phone,1,Single,2,1,2,128.75,0,0,0,0
11,8.0,4,Laptop & Accessory,2,Divorced,4,0,5,152.49,0,0,0,0
18,9.0,2,Fashion,1,Married,3,1,8,203.79,0,0,0,0
9,22.0,4,Laptop & Accessory,5,Divorced,5,0,2,156.47,0,0,0,0
5,8.0,2,Laptop & Accessory,2,Single,8,0,7,150.55,0,0,0,0
0,34.0,4,Laptop & Accessory,3,Married,3,0,2,186.39,0,0,0,0
8,6.0,3,Laptop & Accessory,3,Married,10,0,9,147.17,0,0,0,0
12,17.0,4,Laptop & Accessory,1,Single,3,1,4,181.66,0,0,0,0
8,10.0,6,Laptop & Accessory,5,Single,5,0,13,172.59,0,0,0,0
1,26.0,4,Mobile Phone,2,Divorced,3,0,3,148.23,0,0,0,0
4,9.0,4,Mobile Phone,2,Single,2,0,8,150.64,0,0,0,0
14,7.0,4,Laptop & Accessory,3,Single,5,1,1,172.28,0,0,0,1
22,11.0,3,Laptop & Accessory,3,Married,3,0,2,166.51,0,0,0,0
1,16.0,5,Mobile Phone,5,Married,5,0,3,169.0,0,0,0,1
0,12.0,4,Mobile Phone,1,Single,2,1,0,129.26,0,0,0,1
3,34.0,3,Laptop & Accessory,2,Divorced,2,0,9,157.75,0,0,0,0
20,14.0,4,Laptop & Accessory,3,Married,4,0,1,177.58,0,0,0,0
2,7.0,4,Mobile Phone,3,Single,2,1,3,146.54,0,0,0,0
1,16.0,4,Mobile Phone,2,Single,3,1,3,148.23,0,0,0,1
0,19.0,3,Mobile Phone,3,Married,2,0,6,120.96,1,0,0,0
4,8.0,3,Laptop & Accessory,1,Single,5,1,5,165.82,0,0,0,0
10,6.0,4,Laptop & Accessory,2,Divorced,2,0,11,164.74,0,0,0,0
15,30.0,4,Fashion,3,Single,5,1,3,195.82,0,0,0,0
24,7.0,4,Others,1,Married,5,0,7,320.17,0,0,0,0
0,13.0,3,Mobile Phone,1,Single,2,1,2,123.23,0,1,0,1
17,32.0,5,Fashion,2,Married,7,0,1,259.0,0,0,0,0
2,7.0,1,Laptop & Accessory,3,Single,9,1,2,162.94,0,0,0,0
12,32.0,5,Fashion,4,Divorced,5,0,2,245.61,0,0,0,0
9,8.0,5,Mobile Phone,5,Single,3,0,3,149.5,0,0,0,0
1,6.0,3,Mobile Phone,1,Married,2,0,2,127.06,0,0,0,0
14,31.0,4,Laptop & Accessory,1,Married,3,0,8,158.19,0,0,0,0
12,27.0,5,Laptop & Accessory,3,Married,7,0,2,157.36,0,0,0,0
7,32.0,5,Laptop & Accessory,4,Single,3,0,3,168.2,0,0,0,0
8,16.0,4,Fashion,1,Married,2,0,3,210.0,0,0,1,0
3,7.0,4,Fashion,1,Married,3,0,2,204.18,0,0,0,0
0,27.0,3,Mobile Phone,1,Married,8,0,2,122.58,1,0,0,0
12,19.0,4,Grocery,4,Married,7,1,2,271.23,0,0,0,0
20,8.0,4,Mobile Phone,5,Single,8,0,8,159.23,0,0,0,0
1,15.0,6,Mobile Phone,5,Divorced,3,1,8,146.19,0,0,0,1
7,10.0,4,Mobile Phone,3,Married,3,1,1,154.09,0,0,0,0
14,14.0,5,Fashion,2,Single,3,0,3,206.5,0,0,0,1
11,21.0,4,Fashion,2,Married,1,1,3,215.1,0,0,1,0
1,24.0,4,Mobile Phone,4,Divorced,2,1,2,155.58,0,0,0,0
0,16.0,1,Mobile Phone,3,Single,2,0,2,135.05,0,0,0,0
11,20.0,4,Laptop & Accessory,1,Married,3,0,8,167.85,0,0,0,0
17,18.0,4,Fashion,3,Married,3,0,10,200.1,0,0,0,0
1,13.0,5,Mobile Phone,1,Single,3,1,1,154.26,0,0,0,1
9,18.0,4,Laptop & Accessory,2,Married,3,0,3,174.68,0,0,0,0
0,32.0,4,Mobile Phone,3,Married,2,0,0,120.29,1,0,0,0
22,13.0,4,Fashion,3,Single,9,0,3,209.65,0,0,1,0
11,13.0,4,Laptop & Accessory,1,Single,1,0,5,140.28,0,0,0,0
16,6.0,3,Laptop & Accessory,2,Divorced,5,0,2,155.62,0,0,0,0
6,11.0,3,Laptop & Accessory,1,Married,7,0,2,199.98,0,0,0,0
2,29.0,1,Mobile Phone,3,Divorced,2,0,7,127.0,0,0,0,0
50,6.0,1,Laptop & Accessory,3,Divorced,1,0,8,149.0,0,0,0,0
12,9.0,1,Laptop & Accessory,4,Married,10,0,6,163.89,0,0,0,0
0,12.0,5,Laptop & Accessory,3,Married,5,1,7,161.72,0,0,0,1
1,8.0,5,Mobile Phone,5,Single,8,0,8,148.62,0,0,0,1
19,7.0,3,Others,2,Divorced,2,0,8,317.02,0,0,0,0
18,8.0,3,Others,5,Married,6,1,4,298.59,0,0,0,1
3,13.0,3,Mobile Phone,3,Single,2,0,4,126.32,0,1,0,0
0,22.0,1,Laptop & Accessory,3,Married,4,0,7,152.94,0,0,0,0
2,12.0,3,Mobile Phone,1,Married,2,0,8,131.31,0,0,0,0
20,9.0,4,Grocery,5,Married,10,0,10,295.48,0,0,0,0
27,14.0,3,Grocery,3,Divorced,5,0,4,273.14,0,0,0,0
0,24.0,3,Mobile Phone,1,Single,2,0,7,121.53,1,0,0,0
15,11.0,4,Mobile Phone,3,Married,11,1,8,149.61,0,0,0,1
8,9.0,5,Laptop & Accessory,5,Divorced,8,0,10,184.57,0,0,0,0
1,10.0,2,Mobile Phone,2,Divorced,3,0,8,169.2,0,0,0,0
30,8.0,3,Grocery,4,Married,5,0,14,262.91,0,0,0,0
0,13.0,3,Mobile Phone,1,Married,2,1,0,125.15,0,1,0,1
1,7.0,5,Laptop & Accessory,5,Single,3,0,8,167.94,0,0,0,0
5,13.0,3,Laptop & Accessory,1,Married,5,0,3,192.04,0,0,0,0
9,30.0,3,Laptop & Accessory,4,Divorced,8,0,8,156.74,0,0,0,0
9,15.0,4,Fashion,1,Single,2,0,7,196.19,0,0,0,1
1,29.0,6,Mobile Phone,3,Married,3,0,1,140.55,0,0,0,1
18,31.0,6,Mobile Phone,3,Single,4,0,5,162.08,0,0,0,0
30,13.0,3,Grocery,5,Divorced,11,0,8,257.12,0,0,0,0
15,16.0,3,Grocery,5,Married,1,0,9,267.99,0,0,0,0
19,9.0,4,Laptop & Accessory,2,Single,6,0,4,176.6,0,0,0,1
27,9.0,3,Laptop & Accessory,5,Divorced,3,0,5,159.4,0,0,0,0
4,17.0,3,Laptop & Accessory,5,Divorced,2,1,1,168.33,0,0,0,0
0,8.0,3,Mobile Phone,5,Divorced,7,1,2,120.42,1,0,0,1
13,8.0,4,Laptop & Accessory,1,Married,3,1,9,189.72,0,0,0,0
4,11.0,3,Laptop & Accessory,1,Married,2,0,2,154.76,0,0,0,0
22,31.0,3,Mobile Phone,5,Married,2,0,4,132.11,0,0,0,0
9,16.0,3,Fashion,4,Married,6,0,7,173.14,0,0,0,1
9,14.0,5,Mobile Phone,1,Married,3,0,2,151.9,0,0,0,0
23,6.0,3,Grocery,1,Married,10,0,3,273.99,0,0,0,0
3,35.0,4,Mobile Phone,1,Married,6,0,8,150.14,0,0,0,0
8,14.0,4,Fashion,4,Single,2,0,12,244.94,0,0,0,0
4,12.0,4,Mobile Phone,5,Married,7,0,31,157.04,0,0,0,0
0,7.0,3,Mobile Phone,1,Married,10,1,2,147.87,0,0,0,1
11,15.0,4,Mobile Phone,4,Married,1,0,2,128.99,0,0,0,0
0,6.0,3,Mobile Phone,3,Divorced,4,0,2,129.09,0,0,0,1
10,18.0,5,Laptop & Accessory,4,Single,3,0,4,189.99,0,0,0,0
12,10.0,4,Mobile Phone,3,Divorced,5,0,3,153.21,0,0,0,0
28,8.0,4,Fashion,3,Married,9,0,3,230.02,0,0,1,0
1,35.0,5,Laptop & Accessory,4,Married,2,0,7,165.49,0,0,0,0
12,5.0,4,Others,2,Divorced,2,0,3,292.72,0,0,0,0
11,7.0,4,Fashion,2,Married,4,1,3,261.03,0,0,0,0
0,26.0,3,Mobile Phone,3,Married,5,0,0,122.59,1,0,0,0
13,7.0,2,Fashion,1,Married,2,0,3,221.13,0,0,1,0
13,14.0,3,Laptop & Accessory,1,Married,4,1,2,140.69,0,0,0,0
1,14.0,3,Mobile Phone,1,Single,2,0,2,133.1,0,0,0,0
2,14.0,5,Laptop & Accessory,5,Married,4,0,7,197.15,0,0,0,0
3,12.0,4,Laptop & Accessory,2,Divorced,1,0,7,146.27,0,0,0,0
16,20.0,3,Grocery,5,Married,7,0,0,271.59,0,0,0,0
8,9.0,2,Mobile Phone,1,Married,2,1,3,154.32,0,0,0,0
3,9.0,4,Mobile Phone,4,Divorced,2,0,3,156.8,0,0,0,0
3,13.0,3,Mobile Phone,4,Divorced,2,0,0,124.76,0,1,0,0
15,29.0,4,Laptop & Accessory,2,Married,5,1,4,179.67,0,0,0,0
0,28.0,3,Mobile Phone,3,Single,2,1,0,116.75,1,0,0,1
5,13.0,1,Mobile Phone,4,Married,2,0,3,127.94,0,0,0,0
7,11.0,4,Laptop & Accessory,4,Married,7,0,8,155.55,0,0,0,0
0,6.0,4,Laptop & Accessory,5,Single,2,0,7,142.94,0,0,0,0
5,12.0,4,Mobile Phone,1,Married,2,1,4,173.21,0,0,0,0
1,12.0,3,Laptop & Accessory,5,Married,3,0,6,165.0,0,0,0,0
17,21.0,4,Grocery,5,Divorced,8,0,1,296.59,0,0,0,0
0,14.0,3,Laptop & Accessory,4,Married,2,0,7,162.14,0,0,0,0
7,17.0,2,Fashion,3,Married,2,1,9,208.8,0,0,0,0
13,16.0,4,Others,1,Single,4,0,4,319.31,0,0,0,0
6,14.0,2,Mobile Phone,4,Married,3,0,4,152.94,0,0,0,0
7,13.0,1,Mobile Phone,3,Married,1,0,0,125.85,0,1,0,0
1,18.0,2,Laptop & Accessory,3,Married,2,0,4,165.11,0,0,0,0
5,30.0,5,Laptop & Accessory,2,Divorced,2,0,9,180.82,0,0,0,0
18,6.0,1,Others,1,Married,1,0,7,292.02,0,0,0,0
18,8.0,3,Laptop & Accessory,3,Married,5,0,7,151.54,0,0,0,0
5,11.0,4,Laptop & Accessory,4,Married,4,0,5,158.78,0,0,0,0
16,15.0,4,Laptop & Accessory,4,Married,2,0,3,193.25,0,0,0,0
0,16.0,3,Mobile Phone,4,Married,2,0,2,122.97,1,0,0,0
26,8.0,4,Fashion,4,Married,3,0,12,175.25,0,0,0,0
17,14.0,2,Mobile Phone,1,Married,6,0,3,145.89,0,0,0,0
16,36.0,6,Laptop & Accessory,1,Single,6,0,1,167.72,0,0,0,0
31,36.0,5,Grocery,2,Married,5,0,1,266.18,0,0,0,0
4,35.0,4,Laptop & Accessory,1,Married,3,0,10,182.75,0,0,0,0
9,24.0,4,Laptop & Accessory,5,Divorced,5,1,3,214.66,0,0,1,0
14,8.0,4,Mobile Phone,1,Married,10,0,1,149.06,0,0,0,0
0,13.0,3,Mobile Phone,3,Married,2,0,2,126.1,0,1,0,1
9,8.0,3,Laptop & Accessory,4,Single,10,1,12,154.1,0,0,0,0
13,7.0,4,Mobile Phone,3,Married,9,0,3,147.32,0,0,0,0
2,28.0,2,Fashion,4,Married,8,0,3,219.96,0,0,1,0
15,10.0,3,Laptop & Accessory,5,Single,8,0,5,151.55,0,0,0,0
2,13.0,3,Mobile Phone,5,Divorced,8,1,2,124.04,0,1,0,1
11,7.0,3,Mobile Phone,4,Married,1,1,2,129.91,0,0,0,0
9,32.0,5,Fashion,4,Divorced,5,0,9,234.03,0,0,0,0
16,21.0,4,Laptop & Accessory,2,Divorced,4,0,2,168.04,0,0,0,0
12,7.0,3,Laptop & Accessory,2,Single,2,0,9,201.25,0,0,0,0
11,23.0,4,Fashion,3,Divorced,1,0,9,188.23,0,0,0,0
17,10.0,1,Others,5,Married,2,0,13,291.9,0,0,0,0
5,19.0,4,Mobile Phone,4,Divorced,2,0,2,127.43,0,0,0,0
0,24.0,3,Mobile Phone,1,Single,2,0,0,126.93,0,0,0,1
4,6.0,5,Laptop & Accessory,3,Divorced,1,0,4,143.45,0,0,0,0
1,33.0,5,Laptop & Accessory,5,Married,1,0,0,148.77,0,0,0,0
12,8.0,4,Laptop & Accessory,3,Single,2,0,10,145.53,0,0,0,0
26,8.0,3,Grocery,3,Married,7,0,2,248.52,0,0,0,0
1,11.0,4,Mobile Phone,1,Single,3,1,3,153.75,0,0,0,0
4,26.0,1,Mobile Phone,1,Married,1,0,2,127.91,0,0,0,0
14,26.0,4,Laptop & Accessory,2,Divorced,10,1,8,152.41,0,0,0,0
15,8.0,4,Laptop & Accessory,1,Single,4,0,0,167.81,0,0,0,0
10,25.0,4,Mobile Phone,2,Single,3,0,8,146.53,0,0,0,0
19,8.0,3,Laptop & Accessory,1,Married,3,0,4,173.79,0,0,0,0
6,11.0,4,Fashion,1,Married,5,0,2,171.19,0,0,0,0
14,18.0,3,Mobile Phone,2,Divorced,4,1,0,147.66,0,0,0,0
25,15.0,5,Fashion,4,Married,7,0,8,249.9,0,0,0,0
26,7.0,4,Grocery,1,Married,4,0,9,295.99,0,0,0,0
28,9.0,5,Fashion,3,Married,8,0,1,231.86,0,0,0,0
8,7.0,2,Mobile Phone,2,Single,4,0,4,157.8,0,0,0,0
2,7.0,3,Laptop & Accessory,5,Married,1,0,2,153.73,0,0,0,0
