tenure,warehouse_to_home,num_devices_registered,satisfaction_score,num_addresses,days_since_last_order,cashback_amount,preferred_order_category,marital_status,has_complained,days_missing_flag,tenure_missing_flag,lifecycle_stage,is_new_customer,is_established,tenure_segment,recency_risk,is_very_recent,is_dormant,is_active_stable,recency_bin,product_risk_category,is_tech_buyer,is_grocery_buyer,is_fashion_buyer,demographic_stability,is_single,is_married,is_divorced,value_tier,cashback_per_month,is_high_value,is_low_spender,composite_risk_score,churn
5,7.0,5,5,3,3,147.18,Mobile Phone,Divorced,0,0,0,growing_moderate,0,0,4-6 months,recent_new_customer,1,0,0,0-7 days,high_risk_tech,1,0,0,moderate_risk,0,0,1,low_value,29.435999,0,0,1,0
5,15.0,5,1,1,7,146.68,Laptop & Accessory,Married,0,0,0,growing_moderate,0,0,4-6 months,recent_new_customer,1,0,0,0-7 days,low_risk_electronics,0,0,0,stable_low_risk,0,1,0,low_value,29.335999,0,0,0,0
5,16.0,3,1,9,0,146.48,Laptop & Accessory,Single,0,0,0,growing_moderate,0,0,4-6 months,recent_new_customer,1,0,0,0-7 days,low_risk_electronics,0,0,0,unstable_high_risk,1,0,0,low_value,29.296,0,0,1,0
5,15.0,2,4,11,3,146.09,Mobile Phone,Single,0,0,0,growing_moderate,0,0,4-6 months,recent_new_customer,1,0,0,0-7 days,high_risk_tech,1,0,0,unstable_high_risk,1,0,0,low_value,29.217999,0,0,2,0
5,12.0,5,5,8,1,146.07,Mobile Phone,Married,0,0,0,growing_moderate,0,0,4-6 months,recent_new_customer,1,0,0,0-7 days,high_risk_tech,1,0,0,stable_low_risk,0,1,0,low_value,29.214,0,0,1,1
5,32.0,3,2,1,2,144.65,Laptop & Accessory,Divorced,0,0,0,growing_moderate,0,0,4-6 months,recent_new_customer,1,0,0,0-7 days,low_risk_electronics,0,0,0,moderate_risk,0,0,1,low_value,28.929998,0,0,0,0
5,19.0,3,2,3,3,144.03,Laptop & Accessory,Married,0,0,0,growing_moderate,0,0,4-6 months,recent_new_customer,1,0,0,0-7 days,low_risk_electronics,0,0,0,stable_low_risk,0,1,0,low_value,28.806,0,0,0,0
5,19.0,3,1,3,3,144.03,Laptop & Accessory,Married,0,0,0,growing_moderate,0,0,4-6 months,recent_new_customer,1,0,0,0-7 days,low_risk_electronics,0,0,0,stable_low_risk,0,1,0,low_value,28.806,0,0,0,0
5,7.0,3,5,5,2,140.87,Laptop & Accessory,Married,0,0,0,growing_moderate,0,0,4-6 months,recent_new_customer,1,0,0,0-7 days,low_risk_electronics,0,0,0,stable_low_risk,0,1,0,low_value,28.174,0,0,0,0
5,6.0,3,5,5,2,140.87,Laptop & Accessory,Married,0,0,0,growing_moderate,0,0,4-6 months,recent_new_customer,1,0,0,0-7 days,low_risk_electronics,0,0,0,stable_low_risk,0,1,0,low_value,28.174,0,0,0,0
5,8.0,3,4,1,2,140.78,Laptop & Accessory,Married,1,0,0,growing_moderate,0,0,4-6 months,recent_new_customer,1,0,0,0-7 days,low_risk_electronics,0,0,0,stable_low_risk,0,1,0,low_value,28.156,0,0,1,0
5,35.0,3,3,10,7,140.25,Mobile Phone,Single,0,0,0,growing_moderate,0,0,4-6 months,recent_new_customer,1,0,0,0-7 days,high_risk_tech,1,0,0,unstable_high_risk,1,0,0,low_value,28.05,0,0,2,0
5,10.0,3,4,3,2,139.31,Mobile Phone,Married,0,0,0,growing_moderate,0,0,4-6 months,recent_new_customer,1,0,0,0-7 days,high_risk_tech,1,0,0,stable_low_risk,0,1,0,low_value,27.862,0,0,1,0
5,9.0,6,1,3,1,136.29,Mobile Phone,Married,1,0,0,growing_moderate,0,0,4-6 months,recent_new_customer,1,0,0,0-7 days,high_risk_tech,1,0,0,stable_low_risk,0,1,0,low_value,27.258,0,0,2,0
5,16.0,3,3,7,3,134.33,Mobile,Married,0,0,0,growing_moderate,0,0,4-6 months,recent_new_customer,1,0,0,0-7 days,high_risk_tech,1,0,0,stable_low_risk,0,1,0,low_value,26.866001,0,0,1,0
5,19.0,4,4,2,2,134.0,Mobile,Married,0,0,0,growing_moderate,0,0,4-6 months,recent_new_customer,1,0,0,0-7 days,high_risk_tech,1,0,0,stable_low_risk,0,1,0,low_value,26.8,0,0,1,0
5,8.0,3,1,1,6,130.68,Mobile,Single,0,0,0,growing_moderate,0,0,4-6 months,recent_new_customer,1,0,0,0-7 days,high_risk_tech,1,0,0,unstable_high_risk,1,0,0,low_value,26.135998,0,0,2,0
5,6.0,3,5,2,0,129.56,Mobile,Single,0,0,0,growing_moderate,0,0,4-6 months,recent_new_customer,1,0,0,0-7 days,high_risk_tech,1,0,0,unstable_high_risk,1,0,0,low_value,25.911999,0,0,2,0
5,35.0,4,4,2,1,128.37,Mobile,Single,0,0,0,growing_moderate,0,0,4-6 months,recent_new_customer,1,0,0,0-7 days,high_risk_tech,1,0,0,unstable_high_risk,1,0,0,low_value,25.674,0,0,2,0
5,8.0,3,5,2,0,128.27,Mobile,Married,0,0,0,growing_moderate,0,0,4-6 months,recent_new_customer,1,0,0,0-7 days,high_risk_tech,1,0,0,stable_low_risk,0,1,0,low_value,25.654001,0,0,1,0
5,13.0,1,4,2,3,127.94,Mobile,Married,0,0,0,growing_moderate,0,0,4-6 months,recent_new_customer,1,0,0,0-7 days,high_risk_tech,1,0,0,stable_low_risk,0,1,0,low_value,25.588001,0,0,1,0
5,25.0,2,3,7,2,127.59,Mobile,Married,1,0,0,growing_moderate,0,0,4-6 months,recent_new_customer,1,0,0,0-7 days,high_risk_tech,1,0,0,stable_low_risk,0,1,0,low_value,25.518,0,0,2,1
5,25.0,1,3,7,2,127.59,Mobile,Married,1,0,0,growing_moderate,0,0,4-6 months,recent_new_customer,1,0,0,0-7 days,high_risk_tech,1,0,0,stable_low_risk,0,1,0,low_value,25.518,0,0,2,1
5,19.0,4,4,2,2,127.43,Mobile,Divorced,0,0,0,growing_moderate,0,0,4-6 months,recent_new_customer,1,0,0,0-7 days,high_risk_tech,1,0,0,moderate_risk,0,0,1,low_value,25.486,0,0,1,0
5,11.0,3,4,3,7,127.18,Mobile,Single,0,0,0,growing_moderate,0,0,4-6 months,recent_new_customer,1,0,0,0-7 days,high_risk_tech,1,0,0,unstable_high_risk,1,0,0,low_value,25.436,0,0,2,0
5,14.0,3,5,2,2,124.39,Mobile,Single,0,0,0,growing_moderate,0,0,4-6 months,recent_new_customer,1,0,0,0-7 days,high_risk_tech,1,0,0,unstable_high_risk,1,0,0,low_value,24.878,0,0,2,0
5,14.0,3,4,2,7,123.7,Mobile,Divorced,0,0,0,growing_moderate,0,0,4-6 months,recent_new_customer,1,0,0,0-7 days,high_risk_tech,1,0,0,moderate_risk,0,0,1,low_value,24.74,0,0,1,0
5,14.0,4,4,7,2,123.32,Mobile,Divorced,0,0,0,growing_moderate,0,0,4-6 months,recent_new_customer,1,0,0,0-7 days,high_risk_tech,1,0,0,moderate_risk,0,0,1,low_value,24.664,0,0,1,0
5,6.0,3,2,1,2,123.14,Mobile,Married,0,0,0,growing_moderate,0,0,4-6 months,recent_new_customer,1,0,0,0-7 days,high_risk_tech,1,0,0,stable_low_risk,0,1,0,low_value,24.628,0,0,1,0
4,18.0,3,3,2,8,295.45,Others,Divorced,0,0,0,growing_moderate,0,0,4-6 months,active_low_risk,0,0,1,8-14 days,low_risk_other,0,0,0,moderate_risk,0,0,1,medium_value,73.8625,0,0,0,1
4,14.0,3,4,4,0,264.22,Grocery,Single,0,0,0,growing_moderate,0,0,4-6 months,recent_new_customer,1,0,0,0-7 days,lowest_risk_grocery,0,1,0,unstable_high_risk,1,0,0,medium_value,66.055,0,0,1,0
4,31.0,2,4,6,1,256.94,Grocery,Single,1,0,0,growing_moderate,0,0,4-6 months,recent_new_customer,1,0,0,0-7 days,lowest_risk_grocery,0,1,0,unstable_high_risk,1,0,0,medium_value,64.235,0,0,2,1
4,24.0,4,5,3,9,244.16,Fashion,Divorced,1,0,0,growing_moderate,0,0,4-6 months,active_low_risk,0,0,1,8-14 days,moderate_risk_fashion,0,0,1,moderate_risk,0,0,1,medium_value,61.04,0,0,1,0
4,15.0,2,5,2,8,239.16,Fashion,Married,1,0,0,growing_moderate,0,0,4-6 months,active_low_risk,0,0,1,8-14 days,moderate_risk_fashion,0,0,1,stable_low_risk,0,1,0,medium_value,59.79,0,0,1,0
4,15.0,2,5,2,8,239.16,Fashion,Divorced,1,0,0,growing_moderate,0,0,4-6 months,active_low_risk,0,0,1,8-14 days,moderate_risk_fashion,0,0,1,moderate_risk,0,0,1,medium_value,59.79,0,0,1,0
4,9.0,3,3,10,2,236.75,Fashion,Married,0,0,0,growing_moderate,0,0,4-6 months,recent_new_customer,1,0,0,0-7 days,moderate_risk_fashion,0,0,1,stable_low_risk,0,1,0,medium_value,59.1875,0,0,0,0
4,27.0,4,5,2,47,224.57,Laptop & Accessory,Married,0,1,0,growing_moderate,0,0,4-6 months,dormant_high_risk,0,1,0,31+ days,low_risk_electronics,0,0,0,stable_low_risk,0,1,0,medium_value,56.1425,0,0,1,0
4,17.0,4,3,11,47,221.67,Fashion,Single,0,1,0,growing_moderate,0,0,4-6 months,dormant_high_risk,0,1,0,31+ days,moderate_risk_fashion,0,0,1,unstable_high_risk,1,0,0,medium_value,55.4175,0,0,2,0
4,12.0,4,1,4,47,219.19,Fashion,Married,0,1,0,growing_moderate,0,0,4-6 months,dormant_high_risk,0,1,0,31+ days,moderate_risk_fashion,0,0,1,stable_low_risk,0,1,0,medium_value,54.7975,0,0,1,0
4,36.0,4,4,5,47,217.5,Fashion,Married,0,1,0,growing_moderate,0,0,4-6 months,dormant_high_risk,0,1,0,31+ days,moderate_risk_fashion,0,0,1,stable_low_risk,0,1,0,medium_value,54.375,0,0,1,0
4,32.0,5,4,4,47,215.94,Fashion,Single,1,1,0,growing_moderate,0,0,4-6 months,dormant_high_risk,0,1,0,31+ days,moderate_risk_fashion,0,0,1,unstable_high_risk,1,0,0,medium_value,53.985,0,0,3,1
4,13.0,4,1,10,47,215.57,Fashion,Married,0,1,0,growing_moderate,0,0,4-6 months,dormant_high_risk,0,1,0,31+ days,moderate_risk_fashion,0,0,1,stable_low_risk,0,1,0,medium_value,53.8925,0,0,1,0
4,16.0,3,3,5,47,210.31,Fashion,Married,0,1,0,growing_moderate,0,0,4-6 months,dormant_high_risk,0,1,0,31+ days,moderate_risk_fashion,0,0,1,stable_low_risk,0,1,0,medium_value,52.5775,0,0,1,0
4,7.0,5,3,3,47,209.74,Fashion,Single,0,1,0,growing_moderate,0,0,4-6 months,dormant_high_risk,0,1,0,31+ days,moderate_risk_fashion,0,0,1,unstable_high_risk,1,0,0,medium_value,52.435,0,0,2,0
4,29.0,4,5,2,9,209.12,Fashion,Married,0,0,0,growing_moderate,0,0,4-6 months,active_low_risk,0,0,1,8-14 days,moderate_risk_fashion,0,0,1,stable_low_risk,0,1,0,medium_value,52.28,0,0,0,0
4,14.0,3,2,2,9,207.93,Fashion,Married,0,0,0,growing_moderate,0,0,4-6 months,active_low_risk,0,0,1,8-14 days,moderate_risk_fashion,0,0,1,stable_low_risk,0,1,0,medium_value,51.9825,0,0,0,0
4,14.0,3,1,2,9,207.93,Fashion,Married,0,0,0,growing_moderate,0,0,4-6 months,active_low_risk,0,0,1,8-14 days,moderate_risk_fashion,0,0,1,stable_low_risk,0,1,0,medium_value,51.9825,0,0,0,0
4,15.0,3,4,2,8,206.48,Fashion,Married,0,0,0,growing_moderate,0,0,4-6 months,active_low_risk,0,0,1,8-14 days,moderate_risk_fashion,0,0,1,stable_low_risk,0,1,0,medium_value,51.62,0,0,0,0
4,11.0,3,5,1,7,199.36,Laptop & Accessory,Single,0,0,0,growing_moderate,0,0,4-6 months,recent_new_customer,1,0,0,0-7 days,low_risk_electronics,0,0,0,unstable_high_risk,1,0,0,medium_value,49.84,0,0,1,0
4,8.0,3,3,2,6,198.52,Fashion,Married,1,0,0,growing_moderate,0,0,4-6 months,recent_new_customer,1,0,0,0-7 days,moderate_risk_fashion,0,0,1,stable_low_risk,0,1,0,medium_value,49.63,0,0,1,0
4,15.0,4,3,7,8,197.64,Fashion,Married,0,0,0,growing_moderate,0,0,4-6 months,active_low_risk,0,0,1,8-14 days,moderate_risk_fashion,0,0,1,stable_low_risk,0,1,0,medium_value,49.41,0,0,0,0
4,22.0,5,5,4,8,196.4,Fashion,Married,0,0,0,growing_moderate,0,0,4-6 months,active_low_risk,0,0,1,8-14 days,moderate_risk_fashion,0,0,1,stable_low_risk,0,1,0,medium_value,49.1,0,0,0,0
4,13.0,3,5,3,2,196.37,Fashion,Married,0,0,0,growing_moderate,0,0,4-6 months,recent_new_customer,1,0,0,0-7 days,moderate_risk_fashion,0,0,1,stable_low_risk,0,1,0,medium_value,49.0925,0,0,0,0
4,9.0,5,2,7,1,193.77,Laptop & Accessory,Single,1,0,0,growing_moderate,0,0,4-6 months,recent_new_customer,1,0,0,0-7 days,low_risk_electronics,0,0,0,unstable_high_risk,1,0,0,medium_value,48.4425,0,0,2,0
4,9.0,5,1,7,1,193.77,Laptop & Accessory,Single,1,0,0,growing_moderate,0,0,4-6 months,recent_new_customer,1,0,0,0-7 days,low_risk_electronics,0,0,0,unstable_high_risk,1,0,0,medium_value,48.4425,0,0,2,0
4,10.0,3,4,2,7,193.55,Laptop & Accessory,Single,0,0,0,growing_moderate,0,0,4-6 months,recent_new_customer,1,0,0,0-7 days,low_risk_electronics,0,0,0,unstable_high_risk,1,0,0,medium_value,48.3875,0,0,1,1
4,17.0,5,3,3,5,190.78,Laptop & Accessory,Married,0,0,0,growing_moderate,0,0,4-6 months,recent_new_customer,1,0,0,0-7 days,low_risk_electronics,0,0,0,stable_low_risk,0,1,0,medium_value,47.695,0,0,0,0
4,17.0,5,3,3,5,190.78,Laptop & Accessory,Divorced,0,0,0,growing_moderate,0,0,4-6 months,recent_new_customer,1,0,0,0-7 days,low_risk_electronics,0,0,0,moderate_risk,0,0,1,medium_value,47.695,0,0,0,0
4,19.0,4,3,2,5,190.77,Laptop & Accessory,Single,0,0,0,growing_moderate,0,0,4-6 months,recent_new_customer,1,0,0,0-7 days,low_risk_electronics,0,0,0,unstable_high_risk,1,0,0,medium_value,47.6925,0,0,1,0
4,13.0,4,3,2,9,189.43,Fashion,Divorced,0,0,0,growing_moderate,0,0,4-6 months,active_low_risk,0,0,1,8-14 days,moderate_risk_fashion,0,0,1,moderate_risk,0,0,1,medium_value,47.3575,0,0,0,0
4,29.0,5,3,4,1,188.8,Laptop & Accessory,Divorced,1,0,0,growing_moderate,0,0,4-6 months,recent_new_customer,1,0,0,0-7 days,low_risk_electronics,0,0,0,moderate_risk,0,0,1,medium_value,47.2,0,0,1,1
4,29.0,5,3,4,1,188.8,Laptop & Accessory,Married,1,0,0,growing_moderate,0,0,4-6 months,recent_new_customer,1,0,0,0-7 days,low_risk_electronics,0,0,0,stable_low_risk,0,1,0,medium_value,47.2,0,0,1,1
4,16.0,4,1,2,8,188.47,Laptop & Accessory,Married,1,0,0,growing_moderate,0,0,4-6 months,active_low_risk,0,0,1,8-14 days,low_risk_electronics,0,0,0,stable_low_risk,0,1,0,medium_value,47.1175,0,0,1,0
4,12.0,5,3,3,3,186.18,Laptop & Accessory,Married,0,0,0,growing_moderate,0,0,4-6 months,recent_new_customer,1,0,0,0-7 days,low_risk_electronics,0,0,0,stable_low_risk,0,1,0,medium_value,46.545,0,0,0,0
4,9.0,6,1,4,3,185.91,Laptop & Accessory,Single,0,0,0,growing_moderate,0,0,4-6 months,recent_new_customer,1,0,0,0-7 days,low_risk_electronics,0,0,0,unstable_high_risk,1,0,0,medium_value,46.4775,0,0,1,0
4,11.0,3,3,2,2,183.46,Laptop & Accessory,Married,0,0,0,growing_moderate,0,0,4-6 months,recent_new_customer,1,0,0,0-7 days,low_risk_electronics,0,0,0,stable_low_risk,0,1,0,medium_value,45.865,0,0,0,0
4,35.0,4,1,3,10,182.75,Laptop & Accessory,Married,0,0,0,growing_moderate,0,0,4-6 months,active_low_risk,0,0,1,8-14 days,low_risk_electronics,0,0,0,stable_low_risk,0,1,0,medium_value,45.6875,0,0,0,0
4,35.0,4,2,3,10,182.75,Laptop & Accessory,Divorced,0,0,0,growing_moderate,0,0,4-6 months,active_low_risk,0,0,1,8-14 days,low_risk_electronics,0,0,0,moderate_risk,0,0,1,medium_value,45.6875,0,0,0,0
4,34.0,4,2,9,8,178.04,Laptop & Accessory,Married,0,0,0,growing_moderate,0,0,4-6 months,active_low_risk,0,0,1,8-14 days,low_risk_electronics,0,0,0,stable_low_risk,0,1,0,medium_value,44.51,0,0,0,0
4,34.0,4,1,9,8,178.04,Laptop & Accessory,Married,0,0,0,growing_moderate,0,0,4-6 months,active_low_risk,0,0,1,8-14 days,low_risk_electronics,0,0,0,stable_low_risk,0,1,0,medium_value,44.51,0,0,0,0
4,23.0,4,3,10,3,178.01,Laptop & Accessory,Married,0,0,0,growing_moderate,0,0,4-6 months,recent_new_customer,1,0,0,0-7 days,low_risk_electronics,0,0,0,stable_low_risk,0,1,0,medium_value,44.5025,0,0,0,0
4,23.0,4,3,10,3,178.01,Laptop & Accessory,Divorced,0,0,0,growing_moderate,0,0,4-6 months,recent_new_customer,1,0,0,0-7 days,low_risk_electronics,0,0,0,moderate_risk,0,0,1,medium_value,44.5025,0,0,0,0
4,23.0,2,3,5,8,177.94,Laptop & Accessory,Married,0,0,0,growing_moderate,0,0,4-6 months,active_low_risk,0,0,1,8-14 days,low_risk_electronics,0,0,0,stable_low_risk,0,1,0,medium_value,44.485,0,0,0,0
4,11.0,5,4,3,8,177.09,Laptop & Accessory,Married,1,0,0,growing_moderate,0,0,4-6 months,active_low_risk,0,0,1,8-14 days,low_risk_electronics,0,0,0,stable_low_risk,0,1,0,medium_value,44.2725,0,0,1,0
4,13.0,3,2,5,7,175.47,Laptop & Accessory,Married,0,0,0,growing_moderate,0,0,4-6 months,recent_new_customer,1,0,0,0-7 days,low_risk_electronics,0,0,0,stable_low_risk,0,1,0,medium_value,43.8675,0,0,0,0
4,9.0,5,5,2,8,174.68,Mobile Phone,Single,0,0,0,growing_moderate,0,0,4-6 months,active_low_risk,0,0,1,8-14 days,high_risk_tech,1,0,0,unstable_high_risk,1,0,0,medium_value,43.67,0,0,2,0
4,14.0,4,5,9,3,172.79,Laptop & Accessory,Married,0,0,0,growing_moderate,0,0,4-6 months,recent_new_customer,1,0,0,0-7 days,low_risk_electronics,0,0,0,stable_low_risk,0,1,0,medium_value,43.1975,0,0,0,0
4,32.0,4,3,9,3,172.36,Laptop & Accessory,Married,1,0,0,growing_moderate,0,0,4-6 months,recent_new_customer,1,0,0,0-7 days,low_risk_electronics,0,0,0,stable_low_risk,0,1,0,medium_value,43.09,0,0,1,0
4,32.0,4,3,9,3,172.36,Laptop & Accessory,Divorced,1,0,0,growing_moderate,0,0,4-6 months,recent_new_customer,1,0,0,0-7 days,low_risk_electronics,0,0,0,moderate_risk,0,0,1,medium_value,43.09,0,0,1,0
4,13.0,5,2,2,8,171.27,Laptop & Accessory,Divorced,0,0,0,growing_moderate,0,0,4-6 months,active_low_risk,0,0,1,8-14 days,low_risk_electronics,0,0,0,moderate_risk,0,0,1,medium_value,42.8175,0,0,0,0
4,26.0,3,3,2,0,169.32,Laptop & Accessory,Married,0,0,0,growing_moderate,0,0,4-6 months,recent_new_customer,1,0,0,0-7 days,low_risk_electronics,0,0,0,stable_low_risk,0,1,0,medium_value,42.33,0,0,0,0
4,26.0,3,3,2,0,169.32,Laptop & Accessory,Divorced,0,0,0,growing_moderate,0,0,4-6 months,recent_new_customer,1,0,0,0-7 days,low_risk_electronics,0,0,0,moderate_risk,0,0,1,medium_value,42.33,0,0,0,0
4,13.0,2,2,5,7,169.29,Laptop & Accessory,Divorced,0,0,0,growing_moderate,0,0,4-6 months,recent_new_customer,1,0,0,0-7 days,low_risk_electronics,0,0,0,moderate_risk,0,0,1,medium_value,42.3225,0,0,0,0
4,13.0,1,1,5,7,169.29,Laptop & Accessory,Married,0,0,0,growing_moderate,0,0,4-6 months,recent_new_customer,1,0,0,0-7 days,low_risk_electronics,0,0,0,stable_low_risk,0,1,0,medium_value,42.3225,0,0,0,0
4,17.0,3,5,2,1,168.33,Laptop & Accessory,Divorced,1,0,0,growing_moderate,0,0,4-6 months,recent_new_customer,1,0,0,0-7 days,low_risk_electronics,0,0,0,moderate_risk,0,0,1,medium_value,42.0825,0,0,1,0
4,30.0,4,5,2,8,168.12,Laptop & Accessory,Single,0,0,0,growing_moderate,0,0,4-6 months,active_low_risk,0,0,1,8-14 days,low_risk_electronics,0,0,0,unstable_high_risk,1,0,0,medium_value,42.03,0,0,1,0
4,9.0,5,1,3,9,166.52,Laptop & Accessory,Married,0,0,0,growing_moderate,0,0,4-6 months,active_low_risk,0,0,1,8-14 days,low_risk_electronics,0,0,0,stable_low_risk,0,1,0,medium_value,41.63,0,0,0,0
4,36.0,4,5,10,4,166.15,Laptop & Accessory,Married,0,0,0,growing_moderate,0,0,4-6 months,recent_new_customer,1,0,0,0-7 days,low_risk_electronics,0,0,0,stable_low_risk,0,1,0,medium_value,41.5375,0,0,0,0
4,16.0,3,1,3,4,165.83,Laptop & Accessory,Married,1,0,0,growing_moderate,0,0,4-6 months,recent_new_customer,1,0,0,0-7 days,low_risk_electronics,0,0,0,stable_low_risk,0,1,0,medium_value,41.4575,0,0,1,0
4,8.0,3,2,5,5,165.82,Laptop & Accessory,Single,1,0,0,growing_moderate,0,0,4-6 months,recent_new_customer,1,0,0,0-7 days,low_risk_electronics,0,0,0,unstable_high_risk,1,0,0,medium_value,41.455,0,0,2,0
4,8.0,3,1,5,5,165.82,Laptop & Accessory,Single,1,0,0,growing_moderate,0,0,4-6 months,recent_new_customer,1,0,0,0-7 days,low_risk_electronics,0,0,0,unstable_high_risk,1,0,0,medium_value,41.455,0,0,2,0
4,7.0,4,1,3,8,165.11,Laptop & Accessory,Single,0,0,0,growing_moderate,0,0,4-6 months,active_low_risk,0,0,1,8-14 days,low_risk_electronics,0,0,0,unstable_high_risk,1,0,0,medium_value,41.2775,0,0,1,0
4,8.0,4,5,4,0,164.1,Laptop & Accessory,Divorced,0,0,0,growing_moderate,0,0,4-6 months,recent_new_customer,1,0,0,0-7 days,low_risk_electronics,0,0,0,moderate_risk,0,0,1,medium_value,41.025,0,0,0,0
4,8.0,4,5,4,0,164.1,Laptop & Accessory,Married,0,0,0,growing_moderate,0,0,4-6 months,recent_new_customer,1,0,0,0-7 days,low_risk_electronics,0,0,0,stable_low_risk,0,1,0,medium_value,41.025,0,0,0,0
4,7.0,6,3,5,3,163.33,Mobile Phone,Divorced,0,0,0,growing_moderate,0,0,4-6 months,recent_new_customer,1,0,0,0-7 days,high_risk_tech,1,0,0,moderate_risk,0,0,1,medium_value,40.8325,0,0,1,0
4,7.0,6,3,5,3,163.33,Mobile Phone,Married,0,0,0,growing_moderate,0,0,4-6 months,recent_new_customer,1,0,0,0-7 days,high_risk_tech,1,0,0,stable_low_risk,0,1,0,medium_value,40.8325,0,0,1,0
4,12.0,5,2,11,4,162.61,Mobile Phone,Married,0,0,0,growing_moderate,0,0,4-6 months,recent_new_customer,1,0,0,0-7 days,high_risk_tech,1,0,0,stable_low_risk,0,1,0,medium_value,40.6525,0,0,1,0
4,8.0,4,4,3,8,162.48,Mobile Phone,Married,0,0,0,growing_moderate,0,0,4-6 months,active_low_risk,0,0,1,8-14 days,high_risk_tech,1,0,0,stable_low_risk,0,1,0,medium_value,40.62,0,0,1,0
4,7.0,4,4,3,8,162.48,Mobile Phone,Married,0,0,0,growing_moderate,0,0,4-6 months,active_low_risk,0,0,1,8-14 days,high_risk_tech,1,0,0,stable_low_risk,0,1,0,medium_value,40.62,0,0,1,0
4,8.0,4,4,2,8,160.79,Mobile Phone,Married,1,0,0,growing_moderate,0,0,4-6 months,active_low_risk,0,0,1,8-14 days,high_risk_tech,1,0,0,stable_low_risk,0,1,0,medium_value,40.1975,0,0,2,0
4,7.0,4,4,2,8,160.79,Mobile Phone,Divorced,1,0,0,growing_moderate,0,0,4-6 months,active_low_risk,0,0,1,8-14 days,high_risk_tech,1,0,0,moderate_risk,0,0,1,medium_value,40.1975,0,0,2,0
4,6.0,3,2,9,5,159.93,Laptop & Accessory,Single,1,0,0,growing_moderate,0,0,4-6 months,recent_new_customer,1,0,0,0-7 days,low_risk_electronics,0,0,0,unstable_high_risk,1,0,0,medium_value,39.9825,0,0,2,1
4,6.0,3,1,9,5,159.93,Laptop & Accessory,Single,1,0,0,growing_moderate,0,0,4-6 months,recent_new_customer,1,0,0,0-7 days,low_risk_electronics,0,0,0,unstable_high_risk,1,0,0,medium_value,39.9825,0,0,2,1
4,14.0,4,3,3,10,159.91,Laptop & Accessory,Married,0,0,0,growing_moderate,0,0,4-6 months,active_low_risk,0,0,1,8-14 days,low_risk_electronics,0,0,0,stable_low_risk,0,1,0,medium_value,39.9775,0,0,0,0
4,13.0,3,1,4,7,159.15,Laptop & Accessory,Married,0,0,0,growing_moderate,0,0,4-6 months,recent_new_customer,1,0,0,0-7 days,low_risk_electronics,0,0,0,stable_low_risk,0,1,0,medium_value,39.7875,0,0,0,0
4,18.0,3,1,1,5,158.55,Laptop & Accessory,Married,1,0,0,growing_moderate,0,0,4-6 months,recent_new_customer,1,0,0,0-7 days,low_risk_electronics,0,0,0,stable_low_risk,0,1,0,medium_value,39.6375,0,0,1,0
4,12.0,4,5,7,31,157.04,Mobile Phone,Married,0,0,0,growing_moderate,0,0,4-6 months,dormant_high_risk,0,1,0,31+ days,high_risk_tech,1,0,0,stable_low_risk,0,1,0,medium_value,39.26,0,0,2,0
4,29.0,4,1,1,8,155.82,Laptop & Accessory,Married,0,0,0,growing_moderate,0,0,4-6 months,active_low_risk,0,0,1,8-14 days,low_risk_electronics,0,0,0,stable_low_risk,0,1,0,medium_value,38.955,0,0,0,0
4,29.0,4,2,1,8,155.82,Laptop & Accessory,Divorced,0,0,0,growing_moderate,0,0,4-6 months,active_low_risk,0,0,1,8-14 days,low_risk_electronics,0,0,0,moderate_risk,0,0,1,medium_value,38.955,0,0,0,0
4,16.0,4,5,3,11,155.72,Laptop & Accessory,Married,0,0,0,growing_moderate,0,0,4-6 months,active_low_risk,0,0,1,8-14 days,low_risk_electronics,0,0,0,stable_low_risk,0,1,0,medium_value,38.93,0,0,0,0
4,14.0,4,4,2,3,154.83,Mobile Phone,Single,0,0,0,growing_moderate,0,0,4-6 months,recent_new_customer,1,0,0,0-7 days,high_risk_tech,1,0,0,unstable_high_risk,1,0,0,medium_value,38.7075,0,0,2,0
4,11.0,3,1,2,2,154.76,Laptop & Accessory,Married,0,0,0,growing_moderate,0,0,4-6 months,recent_new_customer,1,0,0,0-7 days,low_risk_electronics,0,0,0,stable_low_risk,0,1,0,medium_value,38.69,0,0,0,0
4,35.0,4,1,2,7,154.68,Laptop & Accessory,Married,0,0,0,growing_moderate,0,0,4-6 months,recent_new_customer,1,0,0,0-7 days,low_risk_electronics,0,0,0,stable_low_risk,0,1,0,medium_value,38.67,0,0,0,0
4,12.0,2,2,5,7,154.6,Laptop & Accessory,Married,0,0,0,growing_moderate,0,0,4-6 months,recent_new_customer,1,0,0,0-7 days,low_risk_electronics,0,0,0,stable_low_risk,0,1,0,medium_value,38.65,0,0,0,0
4,23.0,4,1,3,9,153.62,Mobile Phone,Married,0,0,0,growing_moderate,0,0,4-6 months,active_low_risk,0,0,1,8-14 days,high_risk_tech,1,0,0,stable_low_risk,0,1,0,medium_value,38.405,0,0,1,0
4,8.0,3,5,8,3,153.32,Laptop & Accessory,Single,0,0,0,growing_moderate,0,0,4-6 months,recent_new_customer,1,0,0,0-7 days,low_risk_electronics,0,0,0,unstable_high_risk,1,0,0,medium_value,38.33,0,0,1,0
4,30.0,3,1,3,4,152.38,Laptop & Accessory,Single,0,0,0,growing_moderate,0,0,4-6 months,recent_new_customer,1,0,0,0-7 days,low_risk_electronics,0,0,0,unstable_high_risk,1,0,0,medium_value,38.095,0,0,1,0
4,9.0,5,1,2,3,152.2,Mobile Phone,Single,0,0,0,growing_moderate,0,0,4-6 months,recent_new_customer,1,0,0,0-7 days,high_risk_tech,1,0,0,unstable_high_risk,1,0,0,medium_value,38.05,0,0,2,0
4,25.0,4,3,3,5,151.32,Mobile Phone,Single,0,0,0,growing_moderate,0,0,4-6 months,recent_new_customer,1,0,0,0-7 days,high_risk_tech,1,0,0,unstable_high_risk,1,0,0,medium_value,37.83,0,0,2,0
4,30.0,6,3,3,10,151.13,Mobile Phone,Married,0,0,0,growing_moderate,0,0,4-6 months,active_low_risk,0,0,1,8-14 days,high_risk_tech,1,0,0,stable_low_risk,0,1,0,medium_value,37.7825,0,0,1,0
4,9.0,4,2,2,8,150.64,Mobile Phone,Single,0,0,0,growing_moderate,0,0,4-6 months,active_low_risk,0,0,1,8-14 days,high_risk_tech,1,0,0,unstable_high_risk,1,0,0,medium_value,37.66,0,0,2,0
4,9.0,4,1,2,8,150.64,Mobile Phone,Single,0,0,0,growing_moderate,0,0,4-6 months,active_low_risk,0,0,1,8-14 days,high_risk_tech,1,0,0,unstable_high_risk,1,0,0,medium_value,37.66,0,0,2,0
4,6.0,5,5,2,7,150.03,Laptop & Accessory,Married,0,0,0,growing_moderate,0,0,4-6 months,recent_new_customer,1,0,0,0-7 days,low_risk_electronics,0,0,0,stable_low_risk,0,1,0,medium_value,37.5075,0,0,0,0
4,9.0,4,4,3,1,149.76,Mobile Phone,Married,0,0,0,growing_moderate,0,0,4-6 months,recent_new_customer,1,0,0,0-7 days,high_risk_tech,1,0,0,stable_low_risk,0,1,0,low_value,37.44,0,0,1,0
4,9.0,4,4,3,1,149.76,Mobile Phone,Divorced,0,0,0,growing_moderate,0,0,4-6 months,recent_new_customer,1,0,0,0-7 days,high_risk_tech,1,0,0,moderate_risk,0,0,1,low_value,37.44,0,0,1,0
4,11.0,3,2,1,3,148.21,Mobile Phone,Divorced,1,0,0,growing_moderate,0,0,4-6 months,recent_new_customer,1,0,0,0-7 days,high_risk_tech,1,0,0,moderate_risk,0,0,1,low_value,37.0525,0,0,2,0
4,11.0,3,1,1,3,148.21,Mobile Phone,Married,1,0,0,growing_moderate,0,0,4-6 months,recent_new_customer,1,0,0,0-7 days,high_risk_tech,1,0,0,stable_low_risk,0,1,0,low_value,37.0525,0,0,2,0
4,16.0,5,3,3,9,147.06,Mobile Phone,Single,0,0,0,growing_moderate,0,0,4-6 months,active_low_risk,0,0,1,8-14 days,high_risk_tech,1,0,0,unstable_high_risk,1,0,0,low_value,36.765,0,0,2,0
4,14.0,4,5,5,4,146.66,Mobile Phone,Single,1,0,0,growing_moderate,0,0,4-6 months,recent_new_customer,1,0,0,0-7 days,high_risk_tech,1,0,0,unstable_high_risk,1,0,0,low_value,36.665,0,0,3,1
4,14.0,5,4,3,2,146.41,Mobile Phone,Married,0,0,0,growing_moderate,0,0,4-6 months,recent_new_customer,1,0,0,0-7 days,high_risk_tech,1,0,0,stable_low_risk,0,1,0,low_value,36.6025,0,0,1,0
4,10.0,4,2,6,5,145.97,Mobile Phone,Divorced,0,0,0,growing_moderate,0,0,4-6 months,recent_new_customer,1,0,0,0-7 days,high_risk_tech,1,0,0,moderate_risk,0,0,1,low_value,36.4925,0,0,1,0
4,10.0,4,1,6,5,145.97,Mobile Phone,Married,0,0,0,growing_moderate,0,0,4-6 months,recent_new_customer,1,0,0,0-7 days,high_risk_tech,1,0,0,stable_low_risk,0,1,0,low_value,36.4925,0,0,1,0
4,10.0,4,3,3,1,145.83,Mobile Phone,Married,0,0,0,growing_moderate,0,0,4-6 months,recent_new_customer,1,0,0,0-7 days,high_risk_tech,1,0,0,stable_low_risk,0,1,0,low_value,36.4575,0,0,1,0
4,8.0,4,3,2,4,145.64,Mobile Phone,Married,0,0,0,growing_moderate,0,0,4-6 months,recent_new_customer,1,0,0,0-7 days,high_risk_tech,1,0,0,stable_low_risk,0,1,0,low_value,36.41,0,0,1,0
4,7.0,4,3,2,4,145.64,Mobile Phone,Married,0,0,0,growing_moderate,0,0,4-6 months,recent_new_customer,1,0,0,0-7 days,high_risk_tech,1,0,0,stable_low_risk,0,1,0,low_value,36.41,0,0,1,0
4,14.0,3,1,2,8,144.24,Laptop & Accessory,Single,0,0,0,growing_moderate,0,0,4-6 months,active_low_risk,0,0,1,8-14 days,low_risk_electronics,0,0,0,unstable_high_risk,1,0,0,low_value,36.06,0,0,1,0
4,6.0,5,3,1,4,143.45,Laptop & Accessory,Divorced,0,0,0,growing_moderate,0,0,4-6 months,recent_new_customer,1,0,0,0-7 days,low_risk_electronics,0,0,0,moderate_risk,0,0,1,low_value,35.8625,0,0,0,0
4,13.0,3,5,2,12,143.06,Laptop & Accessory,Married,0,0,0,growing_moderate,0,0,4-6 months,active_low_risk,0,0,1,8-14 days,low_risk_electronics,0,0,0,stable_low_risk,0,1,0,low_value,35.765,0,0,0,0
4,6.0,3,5,2,3,141.48,Laptop & Accessory,Married,0,0,0,growing_moderate,0,0,4-6 months,recent_new_customer,1,0,0,0-7 days,low_risk_electronics,0,0,0,stable_low_risk,0,1,0,low_value,35.37,0,0,0,0
4,10.0,1,3,9,2,139.78,Mobile Phone,Married,0,0,0,growing_moderate,0,0,4-6 months,recent_new_customer,1,0,0,0-7 days,high_risk_tech,1,0,0,stable_low_risk,0,1,0,low_value,34.945,0,0,1,0
4,18.0,3,2,9,2,139.29,Mobile Phone,Divorced,1,0,0,growing_moderate,0,0,4-6 months,recent_new_customer,1,0,0,0-7 days,high_risk_tech,1,0,0,moderate_risk,0,0,1,low_value,34.8225,0,0,2,0
4,18.0,3,1,9,2,139.29,Mobile Phone,Married,1,0,0,growing_moderate,0,0,4-6 months,recent_new_customer,1,0,0,0-7 days,high_risk_tech,1,0,0,stable_low_risk,0,1,0,low_value,34.8225,0,0,2,0
4,14.0,4,3,3,1,137.74,Mobile Phone,Married,0,0,0,growing_moderate,0,0,4-6 months,recent_new_customer,1,0,0,0-7 days,high_risk_tech,1,0,0,stable_low_risk,0,1,0,low_value,34.435,0,0,1,0
4,8.0,3,3,2,3,134.77,Mobile,Married,0,0,0,growing_moderate,0,0,4-6 months,recent_new_customer,1,0,0,0-7 days,high_risk_tech,1,0,0,stable_low_risk,0,1,0,low_value,33.6925,0,0,1,0
4,26.0,3,4,2,2,131.4,Mobile,Single,1,0,0,growing_moderate,0,0,4-6 months,recent_new_customer,1,0,0,0-7 days,high_risk_tech,1,0,0,unstable_high_risk,1,0,0,low_value,32.85,0,0,3,1
4,8.0,3,3,1,2,130.67,Mobile,Married,0,0,0,growing_moderate,0,0,4-6 months,recent_new_customer,1,0,0,0-7 days,high_risk_tech,1,0,0,stable_low_risk,0,1,0,low_value,32.6675,0,0,1,0
4,9.0,3,5,2,3,130.65,Mobile,Married,1,0,0,growing_moderate,0,0,4-6 months,recent_new_customer,1,0,0,0-7 days,high_risk_tech,1,0,0,stable_low_risk,0,1,0,low_value,32.6625,0,0,2,0
4,32.0,3,3,2,3,129.11,Mobile,Married,0,0,0,growing_moderate,0,0,4-6 months,recent_new_customer,1,0,0,0-7 days,high_risk_tech,1,0,0,stable_low_risk,0,1,0,low_value,32.2775,0,0,1,0
4,26.0,1,1,1,2,127.91,Mobile,Married,0,0,0,growing_moderate,0,0,4-6 months,recent_new_customer,1,0,0,0-7 days,high_risk_tech,1,0,0,stable_low_risk,0,1,0,low_value,31.9775,0,0,1,0
4,26.0,1,2,1,2,127.91,Mobile,Divorced,0,0,0,growing_moderate,0,0,4-6 months,recent_new_customer,1,0,0,0-7 days,high_risk_tech,1,0,0,moderate_risk,0,0,1,low_value,31.9775,0,0,1,0
4,11.0,3,4,2,2,127.89,Mobile,Married,0,0,0,growing_moderate,0,0,4-6 months,recent_new_customer,1,0,0,0-7 days,high_risk_tech,1,0,0,stable_low_risk,0,1,0,low_value,31.9725,0,0,1,0
4,8.0,5,1,5,0,127.78,Mobile,Married,1,0,0,growing_moderate,0,0,4-6 months,recent_new_customer,1,0,0,0-7 days,high_risk_tech,1,0,0,stable_low_risk,0,1,0,low_value,31.945,0,0,2,1
4,8.0,5,2,5,0,127.78,Mobile,Married,1,0,0,growing_moderate,0,0,4-6 months,recent_new_customer,1,0,0,0-7 days,high_risk_tech,1,0,0,stable_low_risk,0,1,0,low_value,31.945,0,0,2,1
4,12.0,4,3,2,2,127.03,Mobile,Married,1,0,0,growing_moderate,0,0,4-6 months,recent_new_customer,1,0,0,0-7 days,high_risk_tech,1,0,0,stable_low_risk,0,1,0,low_value,31.7575,0,0,2,0
4,8.0,3,2,1,2,126.95,Mobile,Married,1,0,0,growing_moderate,0,0,4-6 months,recent_new_customer,1,0,0,0-7 days,high_risk_tech,1,0,0,stable_low_risk,0,1,0,low_value,31.7375,0,0,2,0
4,14.0,4,4,1,2,126.57,Mobile,Single,1,0,0,growing_moderate,0,0,4-6 months,recent_new_customer,1,0,0,0-7 days,high_risk_tech,1,0,0,unstable_high_risk,1,0,0,low_value,31.6425,0,0,3,0
4,14.0,3,4,2,0,125.01,Mobile,Single,0,0,0,growing_moderate,0,0,4-6 months,recent_new_customer,1,0,0,0-7 days,high_risk_tech,1,0,0,unstable_high_risk,1,0,0,low_value,31.2525,0,0,2,0
4,14.0,4,3,4,2,123.29,Mobile,Divorced,0,0,0,growing_moderate,0,0,4-6 months,recent_new_customer,1,0,0,0-7 days,high_risk_tech,1,0,0,moderate_risk,0,0,1,low_value,30.8225,0,0,1,0
4,14.0,4,3,4,2,123.29,Mobile,Married,0,0,0,growing_moderate,0,0,4-6 months,recent_new_customer,1,0,0,0-7 days,high_risk_tech,1,0,0,stable_low_risk,0,1,0,low_value,30.8225,0,0,1,0
3,8.0,5,1,5,8,286.24,Grocery,Married,0,0,0,new_high_risk,1,0,0-3 months,active_low_risk,0,0,1,8-14 days,lowest_risk_grocery,0,1,0,stable_low_risk,0,1,0,medium_value,95.41333,0,0,1,0
3,7.0,5,2,5,8,286.24,Grocery,Married,0,0,0,new_high_risk,1,0,0-3 months,active_low_risk,0,0,1,8-14 days,lowest_risk_grocery,0,1,0,stable_low_risk,0,1,0,medium_value,95.41333,0,0,1,0
3,9.0,4,1,9,6,246.69,Grocery,Married,0,0,0,new_high_risk,1,0,0-3 months,recent_new_customer,1,0,0,0-7 days,lowest_risk_grocery,0,1,0,stable_low_risk,0,1,0,medium_value,82.23,0,0,1,1
3,10.0,5,3,3,8,244.35,Fashion,Married,0,0,0,new_high_risk,1,0,0-3 months,active_low_risk,0,0,1,8-14 days,moderate_risk_fashion,0,0,1,stable_low_risk,0,1,0,medium_value,81.450005,0,0,1,0
3,10.0,5,3,3,8,244.35,Fashion,Divorced,0,0,0,new_high_risk,1,0,0-3 months,active_low_risk,0,0,1,8-14 days,moderate_risk_fashion,0,0,1,moderate_risk,0,0,1,medium_value,81.450005,0,0,1,0
3,30.0,1,4,5,0,231.94,Grocery,Single,1,0,0,new_high_risk,1,0,0-3 months,recent_new_customer,1,0,0,0-7 days,lowest_risk_grocery,0,1,0,unstable_high_risk,1,0,0,medium_value,77.31333,0,0,3,1
3,28.0,2,5,3,47,224.8,Fashion,Married,0,1,0,new_high_risk,1,0,0-3 months,dormant_high_risk,0,1,0,31+ days,moderate_risk_fashion,0,0,1,stable_low_risk,0,1,0,medium_value,74.933334,0,0,2,0
3,15.0,6,5,5,47,222.15,Laptop & Accessory,Married,0,1,0,new_high_risk,1,0,0-3 months,dormant_high_risk,0,1,0,31+ days,low_risk_electronics,0,0,0,stable_low_risk,0,1,0,medium_value,74.049995,0,0,2,0
3,23.0,3,5,2,47,219.16,Fashion,Divorced,1,1,0,new_high_risk,1,0,0-3 months,dormant_high_risk,0,1,0,31+ days,moderate_risk_fashion,0,0,1,moderate_risk,0,0,1,medium_value,73.05334,0,0,3,0
3,14.0,1,5,1,47,214.16,Fashion,Divorced,1,1,0,new_high_risk,1,0,0-3 months,dormant_high_risk,0,1,0,31+ days,moderate_risk_fashion,0,0,1,moderate_risk,0,0,1,medium_value,71.386665,0,0,3,0
3,9.0,4,1,3,47,213.53,Laptop & Accessory,Married,0,1,0,new_high_risk,1,0,0-3 months,dormant_high_risk,0,1,0,31+ days,low_risk_electronics,0,0,0,stable_low_risk,0,1,0,medium_value,71.17667,0,0,2,0
3,26.0,5,3,3,47,211.2,Laptop & Accessory,Married,0,1,0,new_high_risk,1,0,0-3 months,dormant_high_risk,0,1,0,31+ days,low_risk_electronics,0,0,0,stable_low_risk,0,1,0,medium_value,70.4,0,0,2,0
3,17.0,5,4,3,8,207.68,Laptop & Accessory,Married,1,0,0,new_high_risk,1,0,0-3 months,active_low_risk,0,0,1,8-14 days,low_risk_electronics,0,0,0,stable_low_risk,0,1,0,medium_value,69.22666,0,0,2,0
3,24.0,5,5,3,10,204.88,Fashion,Single,0,0,0,new_high_risk,1,0,0-3 months,active_low_risk,0,0,1,8-14 days,moderate_risk_fashion,0,0,1,unstable_high_risk,1,0,0,medium_value,68.293335,0,0,2,0
3,7.0,4,1,3,2,204.18,Fashion,Married,0,0,0,new_high_risk,1,0,0-3 months,recent_new_customer,1,0,0,0-7 days,moderate_risk_fashion,0,0,1,stable_low_risk,0,1,0,medium_value,68.06,0,0,1,0
3,26.0,3,5,1,2,199.57,Laptop & Accessory,Divorced,0,0,0,new_high_risk,1,0,0-3 months,recent_new_customer,1,0,0,0-7 days,low_risk_electronics,0,0,0,moderate_risk,0,0,1,medium_value,66.52334,0,0,1,0
3,26.0,3,5,1,2,199.57,Laptop & Accessory,Married,0,0,0,new_high_risk,1,0,0-3 months,recent_new_customer,1,0,0,0-7 days,low_risk_electronics,0,0,0,stable_low_risk,0,1,0,medium_value,66.52334,0,0,1,0
3,16.0,3,3,10,2,196.67,Fashion,Single,0,0,0,new_high_risk,1,0,0-3 months,recent_new_customer,1,0,0,0-7 days,moderate_risk_fashion,0,0,1,unstable_high_risk,1,0,0,medium_value,65.55666,0,0,2,0
3,27.0,4,1,4,3,194.31,Laptop & Accessory,Married,0,0,0,new_high_risk,1,0,0-3 months,recent_new_customer,1,0,0,0-7 days,low_risk_electronics,0,0,0,stable_low_risk,0,1,0,medium_value,64.77,0,0,1,0
3,27.0,4,2,4,3,194.31,Laptop & Accessory,Married,0,0,0,new_high_risk,1,0,0-3 months,recent_new_customer,1,0,0,0-7 days,low_risk_electronics,0,0,0,stable_low_risk,0,1,0,medium_value,64.77,0,0,1,0
3,11.0,3,1,3,4,194.19,Fashion,Married,0,0,0,new_high_risk,1,0,0-3 months,recent_new_customer,1,0,0,0-7 days,moderate_risk_fashion,0,0,1,stable_low_risk,0,1,0,medium_value,64.73,0,0,1,0
3,35.0,3,4,4,3,192.5,Fashion,Married,0,0,0,new_high_risk,1,0,0-3 months,recent_new_customer,1,0,0,0-7 days,moderate_risk_fashion,0,0,1,stable_low_risk,0,1,0,medium_value,64.166664,0,0,1,0
3,9.0,5,4,4,1,191.44,Laptop & Accessory,Married,0,0,0,new_high_risk,1,0,0-3 months,recent_new_customer,1,0,0,0-7 days,low_risk_electronics,0,0,0,stable_low_risk,0,1,0,medium_value,63.813335,0,0,1,0
3,9.0,5,4,4,1,191.44,Laptop & Accessory,Divorced,0,0,0,new_high_risk,1,0,0-3 months,recent_new_customer,1,0,0,0-7 days,low_risk_electronics,0,0,0,moderate_risk,0,0,1,medium_value,63.813335,0,0,1,0
3,14.0,4,2,3,1,191.23,Laptop & Accessory,Married,1,0,0,new_high_risk,1,0,0-3 months,recent_new_customer,1,0,0,0-7 days,low_risk_electronics,0,0,0,stable_low_risk,0,1,0,medium_value,63.743332,0,0,2,0
3,14.0,4,1,3,1,191.23,Laptop & Accessory,Married,1,0,0,new_high_risk,1,0,0-3 months,recent_new_customer,1,0,0,0-7 days,low_risk_electronics,0,0,0,stable_low_risk,0,1,0,medium_value,63.743332,0,0,2,0
3,31.0,4,4,3,0,190.94,Fashion,Single,1,0,0,new_high_risk,1,0,0-3 months,recent_new_customer,1,0,0,0-7 days,moderate_risk_fashion,0,0,1,unstable_high_risk,1,0,0,medium_value,63.646667,0,0,3,1
3,7.0,2,3,10,3,187.94,Laptop & Accessory,Single,1,0,0,new_high_risk,1,0,0-3 months,recent_new_customer,1,0,0,0-7 days,low_risk_electronics,0,0,0,unstable_high_risk,1,0,0,medium_value,62.646667,0,0,3,0
3,8.0,2,3,10,3,187.94,Laptop & Accessory,Single,1,0,0,new_high_risk,1,0,0-3 months,recent_new_customer,1,0,0,0-7 days,low_risk_electronics,0,0,0,unstable_high_risk,1,0,0,medium_value,62.646667,0,0,3,0
3,6.0,4,3,2,8,184.74,Fashion,Single,0,0,0,new_high_risk,1,0,0-3 months,active_low_risk,0,0,1,8-14 days,moderate_risk_fashion,0,0,1,unstable_high_risk,1,0,0,medium_value,61.58,0,0,2,0
3,28.0,3,5,1,8,184.12,Fashion,Married,0,0,0,new_high_risk,1,0,0-3 months,active_low_risk,0,0,1,8-14 days,moderate_risk_fashion,0,0,1,stable_low_risk,0,1,0,medium_value,61.373333,0,0,1,0
3,17.0,5,3,11,5,183.69,Laptop & Accessory,Single,0,0,0,new_high_risk,1,0,0-3 months,recent_new_customer,1,0,0,0-7 days,low_risk_electronics,0,0,0,unstable_high_risk,1,0,0,medium_value,61.23,0,0,2,0
3,7.0,4,5,2,3,178.73,Laptop & Accessory,Married,0,0,0,new_high_risk,1,0,0-3 months,recent_new_customer,1,0,0,0-7 days,low_risk_electronics,0,0,0,stable_low_risk,0,1,0,medium_value,59.576664,0,0,1,0
3,10.0,4,3,6,1,177.38,Laptop & Accessory,Married,1,0,0,new_high_risk,1,0,0-3 months,recent_new_customer,1,0,0,0-7 days,low_risk_electronics,0,0,0,stable_low_risk,0,1,0,medium_value,59.126667,0,0,2,1
3,10.0,4,3,6,1,177.38,Laptop & Accessory,Divorced,1,0,0,new_high_risk,1,0,0-3 months,recent_new_customer,1,0,0,0-7 days,low_risk_electronics,0,0,0,moderate_risk,0,0,1,medium_value,59.126667,0,0,2,1
3,15.0,5,2,3,3,175.56,Laptop & Accessory,Divorced,1,0,0,new_high_risk,1,0,0-3 months,recent_new_customer,1,0,0,0-7 days,low_risk_electronics,0,0,0,moderate_risk,0,0,1,medium_value,58.52,0,0,2,0
3,14.0,3,3,6,7,172.64,Fashion,Married,0,0,0,new_high_risk,1,0,0-3 months,recent_new_customer,1,0,0,0-7 days,moderate_risk_fashion,0,0,1,stable_low_risk,0,1,0,medium_value,57.546665,0,0,1,0
3,10.0,4,5,3,6,172.23,Mobile Phone,Single,1,0,0,new_high_risk,1,0,0-3 months,recent_new_customer,1,0,0,0-7 days,high_risk_tech,1,0,0,unstable_high_risk,1,0,0,medium_value,57.41,0,0,4,0
3,9.0,4,3,3,3,171.49,Laptop & Accessory,Divorced,0,0,0,new_high_risk,1,0,0-3 months,recent_new_customer,1,0,0,0-7 days,low_risk_electronics,0,0,0,moderate_risk,0,0,1,medium_value,57.163334,0,0,1,0
3,9.0,4,3,3,3,171.49,Laptop & Accessory,Married,0,0,0,new_high_risk,1,0,0-3 months,recent_new_customer,1,0,0,0-7 days,low_risk_electronics,0,0,0,stable_low_risk,0,1,0,medium_value,57.163334,0,0,1,0
3,21.0,4,5,3,7,171.4,Fashion,Married,0,0,0,new_high_risk,1,0,0-3 months,recent_new_customer,1,0,0,0-7 days,moderate_risk_fashion,0,0,1,stable_low_risk,0,1,0,medium_value,57.13333,0,0,1,0
3,8.0,4,1,6,0,168.77,Laptop & Accessory,Single,1,0,0,new_high_risk,1,0,0-3 months,recent_new_customer,1,0,0,0-7 days,low_risk_electronics,0,0,0,unstable_high_risk,1,0,0,medium_value,56.256668,0,0,3,0
3,8.0,4,2,6,0,168.77,Laptop & Accessory,Single,1,0,0,new_high_risk,1,0,0-3 months,recent_new_customer,1,0,0,0-7 days,low_risk_electronics,0,0,0,unstable_high_risk,1,0,0,medium_value,56.256668,0,0,3,0
3,34.0,4,3,6,2,168.35,Laptop & Accessory,Married,0,0,0,new_high_risk,1,0,0-3 months,recent_new_customer,1,0,0,0-7 days,low_risk_electronics,0,0,0,stable_low_risk,0,1,0,medium_value,56.11667,0,0,1,0
3,7.0,4,3,3,10,168.19,Laptop & Accessory,Divorced,0,0,0,new_high_risk,1,0,0-3 months,active_low_risk,0,0,1,8-14 days,low_risk_electronics,0,0,0,moderate_risk,0,0,1,medium_value,56.063335,0,0,1,0
3,22.0,5,3,2,9,166.93,Laptop & Accessory,Single,1,0,0,new_high_risk,1,0,0-3 months,active_low_risk,0,0,1,8-14 days,low_risk_electronics,0,0,0,unstable_high_risk,1,0,0,medium_value,55.64333,0,0,3,0
3,12.0,5,4,3,10,166.87,Laptop & Accessory,Married,1,0,0,new_high_risk,1,0,0-3 months,active_low_risk,0,0,1,8-14 days,low_risk_electronics,0,0,0,stable_low_risk,0,1,0,medium_value,55.623333,0,0,2,0
3,16.0,4,3,2,4,165.78,Laptop & Accessory,Divorced,0,0,0,new_high_risk,1,0,0-3 months,recent_new_customer,1,0,0,0-7 days,low_risk_electronics,0,0,0,moderate_risk,0,0,1,medium_value,55.26,0,0,1,0
3,16.0,4,3,2,4,165.78,Laptop & Accessory,Married,0,0,0,new_high_risk,1,0,0-3 months,recent_new_customer,1,0,0,0-7 days,low_risk_electronics,0,0,0,stable_low_risk,0,1,0,medium_value,55.26,0,0,1,0
3,18.0,3,3,1,4,165.77,Laptop & Accessory,Single,0,0,0,new_high_risk,1,0,0-3 months,recent_new_customer,1,0,0,0-7 days,low_risk_electronics,0,0,0,unstable_high_risk,1,0,0,medium_value,55.256668,0,0,2,0
3,20.0,5,4,6,4,165.25,Laptop & Accessory,Married,1,0,0,new_high_risk,1,0,0-3 months,recent_new_customer,1,0,0,0-7 days,low_risk_electronics,0,0,0,stable_low_risk,0,1,0,medium_value,55.083332,0,0,2,0
3,16.0,5,1,2,3,164.83,Mobile Phone,Single,0,0,0,new_high_risk,1,0,0-3 months,recent_new_customer,1,0,0,0-7 days,high_risk_tech,1,0,0,unstable_high_risk,1,0,0,medium_value,54.943333,0,0,3,0
3,16.0,5,2,2,3,164.83,Mobile Phone,Single,0,0,0,new_high_risk,1,0,0-3 months,recent_new_customer,1,0,0,0-7 days,high_risk_tech,1,0,0,unstable_high_risk,1,0,0,medium_value,54.943333,0,0,3,0
3,30.0,4,5,2,4,164.04,Mobile Phone,Single,0,0,0,new_high_risk,1,0,0-3 months,recent_new_customer,1,0,0,0-7 days,high_risk_tech,1,0,0,unstable_high_risk,1,0,0,medium_value,54.679996,0,0,3,1
3,28.0,4,3,3,0,163.8,Laptop & Accessory,Married,1,0,0,new_high_risk,1,0,0-3 months,recent_new_customer,1,0,0,0-7 days,low_risk_electronics,0,0,0,stable_low_risk,0,1,0,medium_value,54.600002,0,0,2,1
3,28.0,4,3,3,0,163.8,Laptop & Accessory,Divorced,1,0,0,new_high_risk,1,0,0-3 months,recent_new_customer,1,0,0,0-7 days,low_risk_electronics,0,0,0,moderate_risk,0,0,1,medium_value,54.600002,0,0,2,1
3,27.0,4,1,3,11,163.12,Mobile Phone,Married,0,0,0,new_high_risk,1,0,0-3 months,active_low_risk,0,0,1,8-14 days,high_risk_tech,1,0,0,stable_low_risk,0,1,0,medium_value,54.373333,0,0,2,0
3,35.0,5,5,3,5,162.85,Mobile Phone,Single,0,0,0,new_high_risk,1,0,0-3 months,recent_new_customer,1,0,0,0-7 days,high_risk_tech,1,0,0,unstable_high_risk,1,0,0,medium_value,54.283337,0,0,3,0
3,8.0,4,1,3,3,162.6,Mobile Phone,Married,0,0,0,new_high_risk,1,0,0-3 months,recent_new_customer,1,0,0,0-7 days,high_risk_tech,1,0,0,stable_low_risk,0,1,0,medium_value,54.2,0,0,2,0
3,9.0,5,5,4,1,161.46,Mobile Phone,Single,1,0,0,new_high_risk,1,0,0-3 months,recent_new_customer,1,0,0,0-7 days,high_risk_tech,1,0,0,unstable_high_risk,1,0,0,medium_value,53.820004,0,0,4,1
3,11.0,4,3,2,2,161.18,Laptop & Accessory,Married,0,0,0,new_high_risk,1,0,0-3 months,recent_new_customer,1,0,0,0-7 days,low_risk_electronics,0,0,0,stable_low_risk,0,1,0,medium_value,53.726665,0,0,1,0
3,17.0,4,4,2,2,157.91,Mobile Phone,Married,0,0,0,new_high_risk,1,0,0-3 months,recent_new_customer,1,0,0,0-7 days,high_risk_tech,1,0,0,stable_low_risk,0,1,0,medium_value,52.63667,0,0,2,0
3,34.0,3,2,2,9,157.75,Laptop & Accessory,Divorced,0,0,0,new_high_risk,1,0,0-3 months,active_low_risk,0,0,1,8-14 days,low_risk_electronics,0,0,0,moderate_risk,0,0,1,medium_value,52.583332,0,0,1,0
3,9.0,4,4,2,3,156.8,Mobile Phone,Married,0,0,0,new_high_risk,1,0,0-3 months,recent_new_customer,1,0,0,0-7 days,high_risk_tech,1,0,0,stable_low_risk,0,1,0,medium_value,52.266666,0,0,2,0
3,9.0,4,4,2,3,156.8,Mobile Phone,Divorced,0,0,0,new_high_risk,1,0,0-3 months,recent_new_customer,1,0,0,0-7 days,high_risk_tech,1,0,0,moderate_risk,0,0,1,medium_value,52.266666,0,0,2,0
3,13.0,4,2,3,9,156.31,Mobile Phone,Divorced,0,0,0,new_high_risk,1,0,0-3 months,active_low_risk,0,0,1,8-14 days,high_risk_tech,1,0,0,moderate_risk,0,0,1,medium_value,52.103333,0,0,2,0
3,13.0,4,1,3,9,156.31,Mobile Phone,Married,0,0,0,new_high_risk,1,0,0-3 months,active_low_risk,0,0,1,8-14 days,high_risk_tech,1,0,0,stable_low_risk,0,1,0,medium_value,52.103333,0,0,2,0
3,16.0,4,3,11,3,154.74,Mobile Phone,Married,0,0,0,new_high_risk,1,0,0-3 months,recent_new_customer,1,0,0,0-7 days,high_risk_tech,1,0,0,stable_low_risk,0,1,0,medium_value,51.58,0,0,2,0
3,33.0,3,1,8,7,153.04,Laptop & Accessory,Married,0,0,0,new_high_risk,1,0,0-3 months,recent_new_customer,1,0,0,0-7 days,low_risk_electronics,0,0,0,stable_low_risk,0,1,0,medium_value,51.013332,0,0,1,0
3,13.0,5,4,3,1,153.04,Mobile Phone,Married,0,0,0,new_high_risk,1,0,0-3 months,recent_new_customer,1,0,0,0-7 days,high_risk_tech,1,0,0,stable_low_risk,0,1,0,medium_value,51.013332,0,0,2,0
3,22.0,3,3,9,2,153.01,Laptop & Accessory,Married,0,0,0,new_high_risk,1,0,0-3 months,recent_new_customer,1,0,0,0-7 days,low_risk_electronics,0,0,0,stable_low_risk,0,1,0,medium_value,51.00333,0,0,1,0
3,22.0,3,3,9,2,153.01,Laptop & Accessory,Divorced,0,0,0,new_high_risk,1,0,0-3 months,recent_new_customer,1,0,0,0-7 days,low_risk_electronics,0,0,0,moderate_risk,0,0,1,medium_value,51.00333,0,0,1,0
3,7.0,6,2,3,9,152.2,Mobile Phone,Married,0,0,0,new_high_risk,1,0,0-3 months,active_low_risk,0,0,1,8-14 days,high_risk_tech,1,0,0,stable_low_risk,0,1,0,medium_value,50.733334,0,0,2,0
3,10.0,4,4,2,7,152.09,Laptop & Accessory,Married,1,0,0,new_high_risk,1,0,0-3 months,recent_new_customer,1,0,0,0-7 days,low_risk_electronics,0,0,0,stable_low_risk,0,1,0,medium_value,50.696667,0,0,2,0
3,9.0,4,4,2,5,152.03,Mobile Phone,Married,0,0,0,new_high_risk,1,0,0-3 months,recent_new_customer,1,0,0,0-7 days,high_risk_tech,1,0,0,stable_low_risk,0,1,0,medium_value,50.676666,0,0,2,0
3,30.0,2,3,3,8,152.0,Mobile Phone,Married,0,0,0,new_high_risk,1,0,0-3 months,active_low_risk,0,0,1,8-14 days,high_risk_tech,1,0,0,stable_low_risk,0,1,0,medium_value,50.666668,0,0,2,0
3,30.0,2,3,3,8,152.0,Mobile Phone,Divorced,0,0,0,new_high_risk,1,0,0-3 months,active_low_risk,0,0,1,8-14 days,high_risk_tech,1,0,0,moderate_risk,0,0,1,medium_value,50.666668,0,0,2,0
3,17.0,4,3,3,1,151.42,Mobile Phone,Single,0,0,0,new_high_risk,1,0,0-3 months,recent_new_customer,1,0,0,0-7 days,high_risk_tech,1,0,0,unstable_high_risk,1,0,0,medium_value,50.47333,0,0,3,0
3,6.0,4,1,2,0,151.26,Laptop & Accessory,Married,1,0,0,new_high_risk,1,0,0-3 months,recent_new_customer,1,0,0,0-7 days,low_risk_electronics,0,0,0,stable_low_risk,0,1,0,medium_value,50.42,0,0,2,0
3,14.0,5,2,8,4,150.32,Mobile Phone,Married,0,0,0,new_high_risk,1,0,0-3 months,recent_new_customer,1,0,0,0-7 days,high_risk_tech,1,0,0,stable_low_risk,0,1,0,medium_value,50.10667,0,0,2,0
3,35.0,4,1,6,8,150.14,Mobile Phone,Married,0,0,0,new_high_risk,1,0,0-3 months,active_low_risk,0,0,1,8-14 days,high_risk_tech,1,0,0,stable_low_risk,0,1,0,medium_value,50.046665,0,0,2,0
3,8.0,4,5,1,7,149.68,Mobile Phone,Single,0,0,0,new_high_risk,1,0,0-3 months,recent_new_customer,1,0,0,0-7 days,high_risk_tech,1,0,0,unstable_high_risk,1,0,0,low_value,49.89333,0,0,3,0
3,16.0,2,3,8,1,149.51,Mobile Phone,Married,0,0,0,new_high_risk,1,0,0-3 months,recent_new_customer,1,0,0,0-7 days,high_risk_tech,1,0,0,stable_low_risk,0,1,0,low_value,49.836666,0,0,2,0
3,13.0,4,5,9,3,149.04,Mobile Phone,Divorced,1,0,0,new_high_risk,1,0,0-3 months,recent_new_customer,1,0,0,0-7 days,high_risk_tech,1,0,0,moderate_risk,0,0,1,low_value,49.679996,0,0,3,1
3,17.0,4,4,3,3,147.97,Mobile Phone,Married,0,0,0,new_high_risk,1,0,0-3 months,recent_new_customer,1,0,0,0-7 days,high_risk_tech,1,0,0,stable_low_risk,0,1,0,low_value,49.323334,0,0,2,0
3,13.0,3,5,8,2,147.79,Laptop & Accessory,Married,0,0,0,new_high_risk,1,0,0-3 months,recent_new_customer,1,0,0,0-7 days,low_risk_electronics,0,0,0,stable_low_risk,0,1,0,low_value,49.263332,0,0,1,0
3,31.0,3,3,8,2,147.36,Laptop & Accessory,Divorced,1,0,0,new_high_risk,1,0,0-3 months,recent_new_customer,1,0,0,0-7 days,low_risk_electronics,0,0,0,moderate_risk,0,0,1,low_value,49.12,0,0,2,0
3,31.0,3,3,8,2,147.36,Laptop & Accessory,Married,1,0,0,new_high_risk,1,0,0-3 months,recent_new_customer,1,0,0,0-7 days,low_risk_electronics,0,0,0,stable_low_risk,0,1,0,low_value,49.12,0,0,2,0
3,30.0,4,1,11,3,147.01,Mobile Phone,Single,0,0,0,new_high_risk,1,0,0-3 months,recent_new_customer,1,0,0,0-7 days,high_risk_tech,1,0,0,unstable_high_risk,1,0,0,low_value,49.00333,0,0,3,0
3,30.0,4,2,11,3,147.01,Mobile Phone,Single,0,0,0,new_high_risk,1,0,0-3 months,recent_new_customer,1,0,0,0-7 days,high_risk_tech,1,0,0,unstable_high_risk,1,0,0,low_value,49.00333,0,0,3,0
3,15.0,3,3,8,7,146.95,Laptop & Accessory,Single,1,0,0,new_high_risk,1,0,0-3 months,recent_new_customer,1,0,0,0-7 days,low_risk_electronics,0,0,0,unstable_high_risk,1,0,0,low_value,48.983334,0,0,3,0
3,22.0,6,1,2,4,146.68,Mobile Phone,Married,1,0,0,new_high_risk,1,0,0-3 months,recent_new_customer,1,0,0,0-7 days,high_risk_tech,1,0,0,stable_low_risk,0,1,0,low_value,48.89333,0,0,3,0
3,22.0,6,2,2,4,146.68,Mobile Phone,Divorced,1,0,0,new_high_risk,1,0,0-3 months,recent_new_customer,1,0,0,0-7 days,high_risk_tech,1,0,0,moderate_risk,0,0,1,low_value,48.89333,0,0,3,0
3,27.0,4,2,3,3,146.57,Mobile Phone,Divorced,0,0,0,new_high_risk,1,0,0-3 months,recent_new_customer,1,0,0,0-7 days,high_risk_tech,1,0,0,moderate_risk,0,0,1,low_value,48.85667,0,0,2,0
3,12.0,4,1,1,7,146.27,Laptop & Accessory,Married,0,0,0,new_high_risk,1,0,0-3 months,recent_new_customer,1,0,0,0-7 days,low_risk_electronics,0,0,0,stable_low_risk,0,1,0,low_value,48.756668,0,0,1,0
3,12.0,4,2,1,7,146.27,Laptop & Accessory,Divorced,0,0,0,new_high_risk,1,0,0-3 months,recent_new_customer,1,0,0,0-7 days,low_risk_electronics,0,0,0,moderate_risk,0,0,1,low_value,48.756668,0,0,1,0
3,11.0,5,5,3,1,146.09,Mobile Phone,Married,0,0,0,new_high_risk,1,0,0-3 months,recent_new_customer,1,0,0,0-7 days,high_risk_tech,1,0,0,stable_low_risk,0,1,0,low_value,48.696667,0,0,2,0
3,12.0,4,1,5,1,145.86,Laptop & Accessory,Married,0,0,0,new_high_risk,1,0,0-3 months,recent_new_customer,1,0,0,0-7 days,low_risk_electronics,0,0,0,stable_low_risk,0,1,0,low_value,48.62,0,0,1,1
3,12.0,4,2,5,1,145.86,Laptop & Accessory,Divorced,0,0,0,new_high_risk,1,0,0-3 months,recent_new_customer,1,0,0,0-7 days,low_risk_electronics,0,0,0,moderate_risk,0,0,1,low_value,48.62,0,0,1,1
3,14.0,4,5,5,3,145.62,Mobile Phone,Single,0,0,0,new_high_risk,1,0,0-3 months,recent_new_customer,1,0,0,0-7 days,high_risk_tech,1,0,0,unstable_high_risk,1,0,0,low_value,48.539997,0,0,3,0
3,35.0,3,5,9,3,141.15,Laptop & Accessory,Married,0,0,0,new_high_risk,1,0,0-3 months,recent_new_customer,1,0,0,0-7 days,low_risk_electronics,0,0,0,stable_low_risk,0,1,0,low_value,47.05,0,0,1,0
3,6.0,3,1,2,7,140.11,Laptop & Accessory,Single,0,0,0,new_high_risk,1,0,0-3 months,recent_new_customer,1,0,0,0-7 days,low_risk_electronics,0,0,0,unstable_high_risk,1,0,0,low_value,46.703335,0,0,2,0
3,6.0,5,3,4,2,138.33,Mobile Phone,Divorced,0,0,0,new_high_risk,1,0,0-3 months,recent_new_customer,1,0,0,0-7 days,high_risk_tech,1,0,0,moderate_risk,0,0,1,low_value,46.11,0,0,2,0
3,11.0,4,2,10,3,137.61,Mobile Phone,Married,0,0,0,new_high_risk,1,0,0-3 months,recent_new_customer,1,0,0,0-7 days,high_risk_tech,1,0,0,stable_low_risk,0,1,0,low_value,45.87,0,0,2,0
3,11.0,4,1,10,3,137.61,Mobile Phone,Married,0,0,0,new_high_risk,1,0,0-3 months,recent_new_customer,1,0,0,0-7 days,high_risk_tech,1,0,0,stable_low_risk,0,1,0,low_value,45.87,0,0,2,0
3,7.0,3,4,2,7,137.48,Mobile Phone,Married,0,0,0,new_high_risk,1,0,0-3 months,recent_new_customer,1,0,0,0-7 days,high_risk_tech,1,0,0,stable_low_risk,0,1,0,low_value,45.826664,0,0,2,0
3,6.0,3,4,2,7,137.48,Mobile Phone,Married,0,0,0,new_high_risk,1,0,0-3 months,recent_new_customer,1,0,0,0-7 days,high_risk_tech,1,0,0,stable_low_risk,0,1,0,low_value,45.826664,0,0,2,0
3,7.0,3,4,1,7,135.79,Mobile Phone,Married,1,0,0,new_high_risk,1,0,0-3 months,recent_new_customer,1,0,0,0-7 days,high_risk_tech,1,0,0,stable_low_risk,0,1,0,low_value,45.263332,0,0,3,0
3,6.0,3,4,1,7,135.79,Mobile Phone,Divorced,1,0,0,new_high_risk,1,0,0-3 months,recent_new_customer,1,0,0,0-7 days,high_risk_tech,1,0,0,moderate_risk,0,0,1,low_value,45.263332,0,0,3,0
3,13.0,3,3,2,9,134.91,Laptop & Accessory,Married,0,0,0,new_high_risk,1,0,0-3 months,active_low_risk,0,0,1,8-14 days,low_risk_electronics,0,0,0,stable_low_risk,0,1,0,low_value,44.97,0,0,1,0
3,11.0,3,5,6,30,132.04,Mobile,Married,0,0,0,new_high_risk,1,0,0-3 months,stable_lowest_risk,0,0,1,15-30 days,high_risk_tech,1,0,0,stable_low_risk,0,1,0,low_value,44.013332,0,0,2,0
3,15.0,3,5,2,10,130.72,Laptop & Accessory,Married,0,0,0,new_high_risk,1,0,0-3 months,active_low_risk,0,0,1,8-14 days,low_risk_electronics,0,0,0,stable_low_risk,0,1,0,low_value,43.573334,0,0,1,0
3,13.0,3,4,1,2,129.83,Mobile,Single,0,0,0,new_high_risk,1,0,0-3 months,recent_new_customer,1,0,0,0-7 days,high_risk_tech,1,0,0,unstable_high_risk,1,0,0,low_value,43.27667,0,0,3,0
3,30.0,3,3,2,0,126.93,Mobile,Married,0,0,0,new_high_risk,1,0,0-3 months,recent_new_customer,1,0,0,0-7 days,high_risk_tech,1,0,0,stable_low_risk,0,1,0,low_value,42.31,0,0,2,0
3,14.0,3,3,2,4,126.32,Mobile,Single,0,0,0,new_high_risk,1,0,0-3 months,recent_new_customer,1,0,0,0-7 days,high_risk_tech,1,0,0,unstable_high_risk,1,0,0,low_value,42.106667,0,0,3,0
3,14.0,3,1,1,7,125.64,Mobile,Single,0,0,0,new_high_risk,1,0,0-3 months,recent_new_customer,1,0,0,0-7 days,high_risk_tech,1,0,0,unstable_high_risk,1,0,0,low_value,41.88,0,0,3,0
3,14.0,3,2,1,7,125.64,Mobile,Single,0,0,0,new_high_risk,1,0,0-3 months,recent_new_customer,1,0,0,0-7 days,high_risk_tech,1,0,0,unstable_high_risk,1,0,0,low_value,41.88,0,0,3,0
3,14.0,3,4,2,0,124.76,Mobile,Divorced,0,0,0,new_high_risk,1,0,0-3 months,recent_new_customer,1,0,0,0-7 days,high_risk_tech,1,0,0,moderate_risk,0,0,1,low_value,41.586666,0,0,2,0
2,8.0,3,2,8,47,221.69,Grocery,Married,0,1,0,new_high_risk,1,0,0-3 months,dormant_high_risk,0,1,0,31+ days,lowest_risk_grocery,0,1,0,stable_low_risk,0,1,0,medium_value,110.845,0,0,2,1
2,8.0,3,1,8,47,221.69,Grocery,Married,0,1,0,new_high_risk,1,0,0-3 months,dormant_high_risk,0,1,0,31+ days,lowest_risk_grocery,0,1,0,stable_low_risk,0,1,0,medium_value,110.845,0,0,2,1
2,28.0,2,4,8,47,219.96,Fashion,Married,0,1,0,new_high_risk,1,0,0-3 months,dormant_high_risk,0,1,0,31+ days,moderate_risk_fashion,0,0,1,stable_low_risk,0,1,0,medium_value,109.98,0,0,2,0
2,10.0,4,4,2,8,201.55,Fashion,Married,0,0,0,new_high_risk,1,0,0-3 months,active_low_risk,0,0,1,8-14 days,moderate_risk_fashion,0,0,1,stable_low_risk,0,1,0,medium_value,100.775,0,0,1,0
2,27.0,1,5,2,8,199.8,Fashion,Married,0,0,0,new_high_risk,1,0,0-3 months,active_low_risk,0,0,1,8-14 days,moderate_risk_fashion,0,0,1,stable_low_risk,0,1,0,medium_value,99.9,0,0,1,0
2,14.0,5,5,4,7,197.15,Laptop & Accessory,Married,0,0,0,new_high_risk,1,0,0-3 months,recent_new_customer,1,0,0,0-7 days,low_risk_electronics,0,0,0,stable_low_risk,0,1,0,medium_value,98.575,0,0,1,0
2,7.0,5,1,3,8,193.34,Laptop & Accessory,Married,1,0,0,new_high_risk,1,0,0-3 months,active_low_risk,0,0,1,8-14 days,low_risk_electronics,0,0,0,stable_low_risk,0,1,0,medium_value,96.67,0,0,2,0
2,8.0,5,1,3,8,193.34,Laptop & Accessory,Married,1,0,0,new_high_risk,1,0,0-3 months,active_low_risk,0,0,1,8-14 days,low_risk_electronics,0,0,0,stable_low_risk,0,1,0,medium_value,96.67,0,0,2,0
2,7.0,6,2,2,6,191.74,Laptop & Accessory,Divorced,0,0,0,new_high_risk,1,0,0-3 months,recent_new_customer,1,0,0,0-7 days,low_risk_electronics,0,0,0,moderate_risk,0,0,1,medium_value,95.87,0,0,1,0
2,8.0,6,1,2,6,191.74,Laptop & Accessory,Married,0,0,0,new_high_risk,1,0,0-3 months,recent_new_customer,1,0,0,0-7 days,low_risk_electronics,0,0,0,stable_low_risk,0,1,0,medium_value,95.87,0,0,1,0
2,36.0,4,5,9,1,191.73,Laptop & Accessory,Divorced,1,0,0,new_high_risk,1,0,0-3 months,recent_new_customer,1,0,0,0-7 days,low_risk_electronics,0,0,0,moderate_risk,0,0,1,medium_value,95.865,0,0,2,1
2,36.0,4,5,9,1,191.73,Laptop & Accessory,Married,1,0,0,new_high_risk,1,0,0-3 months,recent_new_customer,1,0,0,0-7 days,low_risk_electronics,0,0,0,stable_low_risk,0,1,0,medium_value,95.865,0,0,2,1
2,36.0,6,4,3,8,190.49,Laptop & Accessory,Married,0,0,0,new_high_risk,1,0,0-3 months,active_low_risk,0,0,1,8-14 days,low_risk_electronics,0,0,0,stable_low_risk,0,1,0,medium_value,95.245,0,0,1,0
2,8.0,3,1,2,3,188.53,Laptop & Accessory,Married,0,0,0,new_high_risk,1,0,0-3 months,recent_new_customer,1,0,0,0-7 days,low_risk_electronics,0,0,0,stable_low_risk,0,1,0,medium_value,94.265,0,0,1,0
2,25.0,4,3,2,4,186.2,Laptop & Accessory,Married,0,0,0,new_high_risk,1,0,0-3 months,recent_new_customer,1,0,0,0-7 days,low_risk_electronics,0,0,0,stable_low_risk,0,1,0,medium_value,93.1,0,0,1,0
2,23.0,3,5,2,8,181.61,Laptop & Accessory,Single,0,0,0,new_high_risk,1,0,0-3 months,active_low_risk,0,0,1,8-14 days,low_risk_electronics,0,0,0,unstable_high_risk,1,0,0,medium_value,90.805,0,0,2,0
2,23.0,2,5,2,8,181.61,Laptop & Accessory,Single,0,0,0,new_high_risk,1,0,0-3 months,active_low_risk,0,0,1,8-14 days,low_risk_electronics,0,0,0,unstable_high_risk,1,0,0,medium_value,90.805,0,0,2,0
2,23.0,4,5,2,9,179.88,Fashion,Single,0,0,0,new_high_risk,1,0,0-3 months,active_low_risk,0,0,1,8-14 days,moderate_risk_fashion,0,0,1,unstable_high_risk,1,0,0,medium_value,89.94,0,0,2,0
2,6.0,3,1,2,1,179.18,Fashion,Married,0,0,0,new_high_risk,1,0,0-3 months,recent_new_customer,1,0,0,0-7 days,moderate_risk_fashion,0,0,1,stable_low_risk,0,1,0,medium_value,89.59,0,0,1,0
2,6.0,3,2,2,1,179.18,Fashion,Divorced,0,0,0,new_high_risk,1,0,0-3 months,recent_new_customer,1,0,0,0-7 days,moderate_risk_fashion,0,0,1,moderate_risk,0,0,1,medium_value,89.59,0,0,1,0
2,16.0,4,1,3,8,177.53,Laptop & Accessory,Single,0,0,0,new_high_risk,1,0,0-3 months,active_low_risk,0,0,1,8-14 days,low_risk_electronics,0,0,0,unstable_high_risk,1,0,0,medium_value,88.765,0,0,2,0
2,15.0,5,2,3,5,174.36,Mobile Phone,Married,0,0,0,new_high_risk,1,0,0-3 months,recent_new_customer,1,0,0,0-7 days,high_risk_tech,1,0,0,stable_low_risk,0,1,0,medium_value,87.18,0,0,2,0
2,15.0,5,1,3,5,174.36,Mobile Phone,Married,0,0,0,new_high_risk,1,0,0-3 months,recent_new_customer,1,0,0,0-7 days,high_risk_tech,1,0,0,stable_low_risk,0,1,0,medium_value,87.18,0,0,2,0
2,12.0,4,2,3,3,174.08,Laptop & Accessory,Single,0,0,0,new_high_risk,1,0,0-3 months,recent_new_customer,1,0,0,0-7 days,low_risk_electronics,0,0,0,unstable_high_risk,1,0,0,medium_value,87.04,0,0,2,0
2,14.0,4,5,2,4,173.98,Laptop & Accessory,Single,0,0,0,new_high_risk,1,0,0-3 months,recent_new_customer,1,0,0,0-7 days,low_risk_electronics,0,0,0,unstable_high_risk,1,0,0,medium_value,86.99,0,0,2,0
2,34.0,6,5,2,1,173.77,Laptop & Accessory,Married,0,0,0,new_high_risk,1,0,0-3 months,recent_new_customer,1,0,0,0-7 days,low_risk_electronics,0,0,0,stable_low_risk,0,1,0,medium_value,86.885,0,0,1,0
2,9.0,4,4,6,5,173.55,Laptop & Accessory,Married,0,0,0,new_high_risk,1,0,0-3 months,recent_new_customer,1,0,0,0-7 days,low_risk_electronics,0,0,0,stable_low_risk,0,1,0,medium_value,86.775,0,0,1,1
2,9.0,4,4,3,6,172.79,Laptop & Accessory,Divorced,1,0,0,new_high_risk,1,0,0-3 months,recent_new_customer,1,0,0,0-7 days,low_risk_electronics,0,0,0,moderate_risk,0,0,1,medium_value,86.395,0,0,2,0
2,33.0,5,5,3,5,172.24,Laptop & Accessory,Divorced,0,0,0,new_high_risk,1,0,0-3 months,recent_new_customer,1,0,0,0-7 days,low_risk_electronics,0,0,0,moderate_risk,0,0,1,medium_value,86.12,0,0,1,0
2,33.0,5,5,3,5,172.24,Laptop & Accessory,Married,0,0,0,new_high_risk,1,0,0-3 months,recent_new_customer,1,0,0,0-7 days,low_risk_electronics,0,0,0,stable_low_risk,0,1,0,medium_value,86.12,0,0,1,0
2,24.0,4,5,3,9,170.58,Laptop & Accessory,Married,0,0,0,new_high_risk,1,0,0-3 months,active_low_risk,0,0,1,8-14 days,low_risk_electronics,0,0,0,stable_low_risk,0,1,0,medium_value,85.29,0,0,1,0
2,26.0,3,1,3,2,169.31,Laptop & Accessory,Married,0,0,0,new_high_risk,1,0,0-3 months,recent_new_customer,1,0,0,0-7 days,low_risk_electronics,0,0,0,stable_low_risk,0,1,0,medium_value,84.655,0,0,1,0
2,26.0,3,2,3,2,169.31,Laptop & Accessory,Married,0,0,0,new_high_risk,1,0,0-3 months,recent_new_customer,1,0,0,0-7 days,low_risk_electronics,0,0,0,stable_low_risk,0,1,0,medium_value,84.655,0,0,1,0
2,11.0,4,3,3,5,167.21,Laptop & Accessory,Married,0,0,0,new_high_risk,1,0,0-3 months,recent_new_customer,1,0,0,0-7 days,low_risk_electronics,0,0,0,stable_low_risk,0,1,0,medium_value,83.605,0,0,1,0
2,8.0,4,4,3,0,166.44,Laptop & Accessory,Married,0,0,0,new_high_risk,1,0,0-3 months,recent_new_customer,1,0,0,0-7 days,low_risk_electronics,0,0,0,stable_low_risk,0,1,0,medium_value,83.22,0,0,1,0
2,13.0,3,1,2,0,166.23,Laptop & Accessory,Married,1,0,0,new_high_risk,1,0,0-3 months,recent_new_customer,1,0,0,0-7 days,low_risk_electronics,0,0,0,stable_low_risk,0,1,0,medium_value,83.115,0,0,2,0
2,13.0,3,2,2,0,166.23,Laptop & Accessory,Married,1,0,0,new_high_risk,1,0,0-3 months,recent_new_customer,1,0,0,0-7 days,low_risk_electronics,0,0,0,stable_low_risk,0,1,0,medium_value,83.115,0,0,2,0
2,35.0,5,3,9,6,163.84,Laptop & Accessory,Married,0,0,0,new_high_risk,1,0,0-3 months,recent_new_customer,1,0,0,0-7 days,low_risk_electronics,0,0,0,stable_low_risk,0,1,0,medium_value,81.92,0,0,1,0
2,6.0,1,3,9,2,162.94,Laptop & Accessory,Single,1,0,0,new_high_risk,1,0,0-3 months,recent_new_customer,1,0,0,0-7 days,low_risk_electronics,0,0,0,unstable_high_risk,1,0,0,medium_value,81.47,0,0,3,0
2,7.0,1,3,9,2,162.94,Laptop & Accessory,Single,1,0,0,new_high_risk,1,0,0-3 months,recent_new_customer,1,0,0,0-7 days,low_risk_electronics,0,0,0,unstable_high_risk,1,0,0,medium_value,81.47,0,0,3,0
2,17.0,4,3,5,8,161.6,Laptop & Accessory,Single,0,0,0,new_high_risk,1,0,0-3 months,active_low_risk,0,0,1,8-14 days,low_risk_electronics,0,0,0,unstable_high_risk,1,0,0,medium_value,80.8,0,0,2,0
2,7.0,4,5,3,3,160.91,Mobile Phone,Married,0,0,0,new_high_risk,1,0,0-3 months,recent_new_customer,1,0,0,0-7 days,high_risk_tech,1,0,0,stable_low_risk,0,1,0,medium_value,80.455,0,0,2,0
2,8.0,4,5,3,3,160.91,Mobile Phone,Married,0,0,0,new_high_risk,1,0,0-3 months,recent_new_customer,1,0,0,0-7 days,high_risk_tech,1,0,0,stable_low_risk,0,1,0,medium_value,80.455,0,0,2,0
2,16.0,4,3,10,4,158.69,Laptop & Accessory,Single,0,0,0,new_high_risk,1,0,0-3 months,recent_new_customer,1,0,0,0-7 days,low_risk_electronics,0,0,0,unstable_high_risk,1,0,0,medium_value,79.345,0,0,2,0
2,15.0,4,1,3,3,158.1,Mobile Phone,Single,0,0,0,new_high_risk,1,0,0-3 months,recent_new_customer,1,0,0,0-7 days,high_risk_tech,1,0,0,unstable_high_risk,1,0,0,medium_value,79.05,0,0,3,0
2,9.0,5,4,2,5,157.01,Mobile Phone,Married,0,0,0,new_high_risk,1,0,0-3 months,recent_new_customer,1,0,0,0-7 days,high_risk_tech,1,0,0,stable_low_risk,0,1,0,medium_value,78.505,0,0,2,0
2,26.0,5,5,3,4,156.96,Mobile Phone,Married,0,0,0,new_high_risk,1,0,0-3 months,recent_new_customer,1,0,0,0-7 days,high_risk_tech,1,0,0,stable_low_risk,0,1,0,medium_value,78.48,0,0,2,0
2,26.0,5,5,3,4,156.96,Mobile Phone,Divorced,0,0,0,new_high_risk,1,0,0-3 months,recent_new_customer,1,0,0,0-7 days,high_risk_tech,1,0,0,moderate_risk,0,0,1,medium_value,78.48,0,0,2,0
2,9.0,3,3,2,2,155.61,Laptop & Accessory,Divorced,0,0,0,new_high_risk,1,0,0-3 months,recent_new_customer,1,0,0,0-7 days,low_risk_electronics,0,0,0,moderate_risk,0,0,1,medium_value,77.805,0,0,1,0
2,7.0,3,5,1,2,153.73,Laptop & Accessory,Married,0,0,0,new_high_risk,1,0,0-3 months,recent_new_customer,1,0,0,0-7 days,low_risk_electronics,0,0,0,stable_low_risk,0,1,0,medium_value,76.865,0,0,1,0
2,10.0,4,4,3,1,153.56,Mobile Phone,Married,0,0,0,new_high_risk,1,0,0-3 months,recent_new_customer,1,0,0,0-7 days,high_risk_tech,1,0,0,stable_low_risk,0,1,0,medium_value,76.78,0,0,2,0
2,9.0,3,3,5,0,152.38,Laptop & Accessory,Married,1,0,0,new_high_risk,1,0,0-3 months,recent_new_customer,1,0,0,0-7 days,low_risk_electronics,0,0,0,stable_low_risk,0,1,0,medium_value,76.19,0,0,2,1
2,28.0,4,2,3,3,152.13,Mobile Phone,Divorced,0,0,0,new_high_risk,1,0,0-3 months,recent_new_customer,1,0,0,0-7 days,high_risk_tech,1,0,0,moderate_risk,0,0,1,medium_value,76.065,0,0,2,0
2,7.0,4,1,3,3,152.06,Mobile Phone,Married,0,0,0,new_high_risk,1,0,0-3 months,recent_new_customer,1,0,0,0-7 days,high_risk_tech,1,0,0,stable_low_risk,0,1,0,medium_value,76.03,0,0,2,0
2,14.0,4,1,2,2,150.56,Laptop & Accessory,Married,1,0,0,new_high_risk,1,0,0-3 months,recent_new_customer,1,0,0,0-7 days,low_risk_electronics,0,0,0,stable_low_risk,0,1,0,medium_value,75.28,0,0,2,0
2,14.0,4,2,2,2,150.56,Laptop & Accessory,Divorced,1,0,0,new_high_risk,1,0,0-3 months,recent_new_customer,1,0,0,0-7 days,low_risk_electronics,0,0,0,moderate_risk,0,0,1,medium_value,75.28,0,0,2,0
2,16.0,4,3,7,3,148.77,Mobile Phone,Married,0,0,0,new_high_risk,1,0,0-3 months,recent_new_customer,1,0,0,0-7 days,high_risk_tech,1,0,0,stable_low_risk,0,1,0,low_value,74.385,0,0,2,0
2,9.0,3,5,2,5,147.23,Mobile Phone,Single,1,0,0,new_high_risk,1,0,0-3 months,recent_new_customer,1,0,0,0-7 days,high_risk_tech,1,0,0,unstable_high_risk,1,0,0,low_value,73.615,0,0,4,0
2,22.0,4,3,3,3,147.07,Mobile Phone,Married,0,0,0,new_high_risk,1,0,0-3 months,recent_new_customer,1,0,0,0-7 days,high_risk_tech,1,0,0,stable_low_risk,0,1,0,low_value,73.535,0,0,2,0
2,8.0,4,3,2,3,146.54,Mobile Phone,Single,1,0,0,new_high_risk,1,0,0-3 months,recent_new_customer,1,0,0,0-7 days,high_risk_tech,1,0,0,unstable_high_risk,1,0,0,low_value,73.27,0,0,4,0
2,7.0,4,3,2,3,146.54,Mobile Phone,Single,1,0,0,new_high_risk,1,0,0-3 months,recent_new_customer,1,0,0,0-7 days,high_risk_tech,1,0,0,unstable_high_risk,1,0,0,low_value,73.27,0,0,4,0
2,8.0,3,3,2,2,146.49,Laptop & Accessory,Married,0,0,0,new_high_risk,1,0,0-3 months,recent_new_customer,1,0,0,0-7 days,low_risk_electronics,0,0,0,stable_low_risk,0,1,0,low_value,73.245,0,0,1,0
2,23.0,4,3,3,5,146.44,Mobile Phone,Single,0,0,0,new_high_risk,1,0,0-3 months,recent_new_customer,1,0,0,0-7 days,high_risk_tech,1,0,0,unstable_high_risk,1,0,0,low_value,73.22,0,0,3,0
2,7.0,4,5,4,3,145.8,Mobile Phone,Single,0,0,0,new_high_risk,1,0,0-3 months,recent_new_customer,1,0,0,0-7 days,high_risk_tech,1,0,0,unstable_high_risk,1,0,0,low_value,72.9,0,0,3,0
2,16.0,4,2,3,5,145.7,Mobile Phone,Divorced,0,0,0,new_high_risk,1,0,0-3 months,recent_new_customer,1,0,0,0-7 days,high_risk_tech,1,0,0,moderate_risk,0,0,1,low_value,72.85,0,0,2,0
2,16.0,4,1,3,5,145.7,Mobile Phone,Married,0,0,0,new_high_risk,1,0,0-3 months,recent_new_customer,1,0,0,0-7 days,high_risk_tech,1,0,0,stable_low_risk,0,1,0,low_value,72.85,0,0,2,0
2,8.0,3,2,2,9,145.54,Laptop & Accessory,Single,0,0,0,new_high_risk,1,0,0-3 months,active_low_risk,0,0,1,8-14 days,low_risk_electronics,0,0,0,unstable_high_risk,1,0,0,low_value,72.77,0,0,2,0
2,8.0,3,1,2,9,145.54,Laptop & Accessory,Single,0,0,0,new_high_risk,1,0,0-3 months,active_low_risk,0,0,1,8-14 days,low_risk_electronics,0,0,0,unstable_high_risk,1,0,0,low_value,72.77,0,0,2,0
2,7.0,4,1,3,4,145.44,Mobile Phone,Married,0,0,0,new_high_risk,1,0,0-3 months,recent_new_customer,1,0,0,0-7 days,high_risk_tech,1,0,0,stable_low_risk,0,1,0,low_value,72.72,0,0,2,0
2,8.0,4,1,3,4,145.44,Mobile Phone,Married,0,0,0,new_high_risk,1,0,0-3 months,recent_new_customer,1,0,0,0-7 days,high_risk_tech,1,0,0,stable_low_risk,0,1,0,low_value,72.72,0,0,2,0
2,33.0,3,3,5,1,143.35,Laptop & Accessory,Married,0,0,0,new_high_risk,1,0,0-3 months,recent_new_customer,1,0,0,0-7 days,low_risk_electronics,0,0,0,stable_low_risk,0,1,0,low_value,71.675,0,0,1,0
2,33.0,3,3,5,1,143.35,Laptop & Accessory,Divorced,0,0,0,new_high_risk,1,0,0-3 months,recent_new_customer,1,0,0,0-7 days,low_risk_electronics,0,0,0,moderate_risk,0,0,1,low_value,71.675,0,0,1,0
2,6.0,3,3,2,9,143.19,Laptop & Accessory,Married,0,0,0,new_high_risk,1,0,0-3 months,active_low_risk,0,0,1,8-14 days,low_risk_electronics,0,0,0,stable_low_risk,0,1,0,low_value,71.595,0,0,1,0
2,25.0,3,1,5,2,142.62,Laptop & Accessory,Married,0,0,0,new_high_risk,1,0,0-3 months,recent_new_customer,1,0,0,0-7 days,low_risk_electronics,0,0,0,stable_low_risk,0,1,0,low_value,71.31,0,0,1,0
2,25.0,3,2,5,2,142.62,Laptop & Accessory,Married,0,0,0,new_high_risk,1,0,0-3 months,recent_new_customer,1,0,0,0-7 days,low_risk_electronics,0,0,0,stable_low_risk,0,1,0,low_value,71.31,0,0,1,0
2,21.0,4,3,1,8,141.93,Laptop & Accessory,Single,1,0,0,new_high_risk,1,0,0-3 months,active_low_risk,0,0,1,8-14 days,low_risk_electronics,0,0,0,unstable_high_risk,1,0,0,low_value,70.965,0,0,3,0
2,11.0,4,4,2,9,141.87,Laptop & Accessory,Married,1,0,0,new_high_risk,1,0,0-3 months,active_low_risk,0,0,1,8-14 days,low_risk_electronics,0,0,0,stable_low_risk,0,1,0,low_value,70.935,0,0,2,0
2,8.0,5,3,3,1,140.63,Mobile Phone,Married,0,0,0,new_high_risk,1,0,0-3 months,recent_new_customer,1,0,0,0-7 days,high_risk_tech,1,0,0,stable_low_risk,0,1,0,low_value,70.315,0,0,2,0
2,19.0,4,4,5,3,140.25,Laptop & Accessory,Married,1,0,0,new_high_risk,1,0,0-3 months,recent_new_customer,1,0,0,0-7 days,low_risk_electronics,0,0,0,stable_low_risk,0,1,0,low_value,70.125,0,0,2,0
2,15.0,4,2,1,2,139.83,Mobile Phone,Single,0,0,0,new_high_risk,1,0,0-3 months,recent_new_customer,1,0,0,0-7 days,high_risk_tech,1,0,0,unstable_high_risk,1,0,0,low_value,69.915,0,0,3,0
2,15.0,4,1,1,2,139.83,Mobile Phone,Single,0,0,0,new_high_risk,1,0,0-3 months,recent_new_customer,1,0,0,0-7 days,high_risk_tech,1,0,0,unstable_high_risk,1,0,0,low_value,69.915,0,0,3,0
2,29.0,3,5,1,3,139.04,Mobile Phone,Single,0,0,0,new_high_risk,1,0,0-3 months,recent_new_customer,1,0,0,0-7 days,high_risk_tech,1,0,0,unstable_high_risk,1,0,0,low_value,69.52,0,0,3,1
2,26.0,3,1,2,10,138.12,Mobile Phone,Married,0,0,0,new_high_risk,1,0,0-3 months,active_low_risk,0,0,1,8-14 days,high_risk_tech,1,0,0,stable_low_risk,0,1,0,low_value,69.06,0,0,2,0
2,34.0,4,5,2,4,137.85,Mobile Phone,Single,0,0,0,new_high_risk,1,0,0-3 months,recent_new_customer,1,0,0,0-7 days,high_risk_tech,1,0,0,unstable_high_risk,1,0,0,low_value,68.925,0,0,3,0
2,7.0,3,1,2,2,137.6,Mobile Phone,Married,0,0,0,new_high_risk,1,0,0-3 months,recent_new_customer,1,0,0,0-7 days,high_risk_tech,1,0,0,stable_low_risk,0,1,0,low_value,68.8,0,0,2,0
2,8.0,4,5,3,0,136.46,Mobile Phone,Single,1,0,0,new_high_risk,1,0,0-3 months,recent_new_customer,1,0,0,0-7 days,high_risk_tech,1,0,0,unstable_high_risk,1,0,0,low_value,68.23,0,0,4,1
2,17.0,4,4,3,1,135.52,Mobile Phone,Divorced,0,0,0,new_high_risk,1,0,0-3 months,recent_new_customer,1,0,0,0-7 days,high_risk_tech,1,0,0,moderate_risk,0,0,1,low_value,67.76,0,0,2,0
2,16.0,3,4,1,1,132.91,Mobile,Married,0,0,0,new_high_risk,1,0,0-3 months,recent_new_customer,1,0,0,0-7 days,high_risk_tech,1,0,0,stable_low_risk,0,1,0,low_value,66.455,0,0,2,0
2,8.0,3,4,1,2,131.8,Mobile,Divorced,0,0,0,new_high_risk,1,0,0-3 months,recent_new_customer,1,0,0,0-7 days,high_risk_tech,1,0,0,moderate_risk,0,0,1,low_value,65.9,0,0,2,0
2,8.0,3,4,1,2,131.8,Mobile,Married,0,0,0,new_high_risk,1,0,0-3 months,recent_new_customer,1,0,0,0-7 days,high_risk_tech,1,0,0,stable_low_risk,0,1,0,low_value,65.9,0,0,2,0
2,12.0,3,1,2,8,131.31,Mobile,Married,0,0,0,new_high_risk,1,0,0-3 months,active_low_risk,0,0,1,8-14 days,high_risk_tech,1,0,0,stable_low_risk,0,1,0,low_value,65.655,0,0,2,0
2,15.0,3,3,10,2,129.74,Mobile,Married,0,0,0,new_high_risk,1,0,0-3 months,recent_new_customer,1,0,0,0-7 days,high_risk_tech,1,0,0,stable_low_risk,0,1,0,low_value,64.87,0,0,2,0
2,12.0,4,4,2,0,128.04,Mobile,Married,0,0,0,new_high_risk,1,0,0-3 months,recent_new_customer,1,0,0,0-7 days,high_risk_tech,1,0,0,stable_low_risk,0,1,0,low_value,64.02,0,0,2,0
2,8.0,3,4,1,4,127.03,Mobile,Married,0,0,0,new_high_risk,1,0,0-3 months,recent_new_customer,1,0,0,0-7 days,high_risk_tech,1,0,0,stable_low_risk,0,1,0,low_value,63.515,0,0,2,0
2,29.0,1,3,2,7,127.0,Mobile,Divorced,0,0,0,new_high_risk,1,0,0-3 months,recent_new_customer,1,0,0,0-7 days,high_risk_tech,1,0,0,moderate_risk,0,0,1,low_value,63.5,0,0,2,0
2,14.0,3,3,2,0,126.42,Mobile,Single,0,0,0,new_high_risk,1,0,0-3 months,recent_new_customer,1,0,0,0-7 days,high_risk_tech,1,0,0,unstable_high_risk,1,0,0,low_value,63.21,0,0,3,0
2,14.0,4,2,7,3,125.32,Mobile,Married,0,0,0,new_high_risk,1,0,0-3 months,recent_new_customer,1,0,0,0-7 days,high_risk_tech,1,0,0,stable_low_risk,0,1,0,low_value,62.66,0,0,2,0
2,14.0,4,1,7,3,125.32,Mobile,Married,0,0,0,new_high_risk,1,0,0-3 months,recent_new_customer,1,0,0,0-7 days,high_risk_tech,1,0,0,stable_low_risk,0,1,0,low_value,62.66,0,0,2,0
2,14.0,3,1,5,7,125.14,Mobile,Married,0,0,0,new_high_risk,1,0,0-3 months,recent_new_customer,1,0,0,0-7 days,high_risk_tech,1,0,0,stable_low_risk,0,1,0,low_value,62.57,0,0,2,0
2,14.0,1,3,7,0,124.51,Mobile,Married,0,0,0,new_high_risk,1,0,0-3 months,recent_new_customer,1,0,0,0-7 days,high_risk_tech,1,0,0,stable_low_risk,0,1,0,low_value,62.255,0,0,2,0
2,14.0,3,5,8,2,124.04,Mobile,Divorced,1,0,0,new_high_risk,1,0,0-3 months,recent_new_customer,1,0,0,0-7 days,high_risk_tech,1,0,0,moderate_risk,0,0,1,low_value,62.02,0,0,3,1
2,14.0,3,2,2,5,123.4,Mobile,Single,0,0,0,new_high_risk,1,0,0-3 months,recent_new_customer,1,0,0,0-7 days,high_risk_tech,1,0,0,unstable_high_risk,1,0,0,low_value,61.7,0,0,3,0
2,34.0,6,5,2,1,25.0,Laptop & Accessory,Married,0,0,0,new_high_risk,1,0,0-3 months,recent_new_customer,1,0,0,0-7 days,low_risk_electronics,0,0,0,stable_low_risk,0,1,0,minimal_value,12.5,0,1,1,0
1,12.0,4,3,8,1,308.03,Others,Married,0,0,0,new_high_risk,1,0,0-3 months,recent_new_customer,1,0,0,0-7 days,low_risk_other,0,0,0,stable_low_risk,0,1,0,high_value,308.03,1,0,1,0
1,17.0,4,5,3,11,295.68,Grocery,Married,1,0,0,new_high_risk,1,0,0-3 months,active_low_risk,0,0,1,8-14 days,lowest_risk_grocery,0,1,0,stable_low_risk,0,1,0,medium_value,295.68,0,0,2,0
1,22.0,4,3,9,8,261.1,Fashion,Married,1,0,0,new_high_risk,1,0,0-3 months,active_low_risk,0,0,1,8-14 days,moderate_risk_fashion,0,0,1,stable_low_risk,0,1,0,medium_value,261.1,0,0,2,1
1,22.0,4,3,9,8,261.1,Fashion,Divorced,1,0,0,new_high_risk,1,0,0-3 months,active_low_risk,0,0,1,8-14 days,moderate_risk_fashion,0,0,1,moderate_risk,0,0,1,medium_value,261.1,0,0,2,1
1,12.0,5,1,3,9,253.08,Fashion,Married,1,0,0,new_high_risk,1,0,0-3 months,active_low_risk,0,0,1,8-14 days,moderate_risk_fashion,0,0,1,stable_low_risk,0,1,0,medium_value,253.08,0,0,2,0
1,12.0,5,2,3,9,253.08,Fashion,Married,1,0,0,new_high_risk,1,0,0-3 months,active_low_risk,0,0,1,8-14 days,moderate_risk_fashion,0,0,1,stable_low_risk,0,1,0,medium_value,253.08,0,0,2,0
1,14.0,5,2,11,2,240.57,Fashion,Married,0,0,0,new_high_risk,1,0,0-3 months,recent_new_customer,1,0,0,0-7 days,moderate_risk_fashion,0,0,1,stable_low_risk,0,1,0,medium_value,240.57,0,0,1,0
1,7.0,5,3,7,47,231.09,Fashion,Married,0,1,0,new_high_risk,1,0,0-3 months,dormant_high_risk,0,1,0,31+ days,moderate_risk_fashion,0,0,1,stable_low_risk,0,1,0,medium_value,231.09,0,0,2,1
1,7.0,5,3,7,47,231.09,Fashion,Divorced,0,1,0,new_high_risk,1,0,0-3 months,dormant_high_risk,0,1,0,31+ days,moderate_risk_fashion,0,0,1,moderate_risk,0,0,1,medium_value,231.09,0,0,2,1
1,11.0,6,1,3,47,229.0,Fashion,Married,0,1,0,new_high_risk,1,0,0-3 months,dormant_high_risk,0,1,0,31+ days,moderate_risk_fashion,0,0,1,stable_low_risk,0,1,0,medium_value,229.0,0,0,2,1
1,11.0,6,2,3,47,229.0,Fashion,Divorced,0,1,0,new_high_risk,1,0,0-3 months,dormant_high_risk,0,1,0,31+ days,moderate_risk_fashion,0,0,1,moderate_risk,0,0,1,medium_value,229.0,0,0,2,1
1,10.0,5,2,3,47,228.25,Fashion,Divorced,1,1,0,new_high_risk,1,0,0-3 months,dormant_high_risk,0,1,0,31+ days,moderate_risk_fashion,0,0,1,moderate_risk,0,0,1,medium_value,228.25,0,0,3,1
1,17.0,5,5,11,47,228.06,Fashion,Married,0,1,0,new_high_risk,1,0,0-3 months,dormant_high_risk,0,1,0,31+ days,moderate_risk_fashion,0,0,1,stable_low_risk,0,1,0,medium_value,228.06,0,0,2,1
1,17.0,4,3,8,47,225.48,Fashion,Married,0,1,0,new_high_risk,1,0,0-3 months,dormant_high_risk,0,1,0,31+ days,moderate_risk_fashion,0,0,1,stable_low_risk,0,1,0,medium_value,225.48,0,0,2,1
1,27.0,4,3,3,47,224.81,Laptop & Accessory,Single,0,1,0,new_high_risk,1,0,0-3 months,dormant_high_risk,0,1,0,31+ days,low_risk_electronics,0,0,0,unstable_high_risk,1,0,0,medium_value,224.81,0,0,3,0
1,30.0,4,5,11,47,224.5,Fashion,Married,1,1,0,new_high_risk,1,0,0-3 months,dormant_high_risk,0,1,0,31+ days,moderate_risk_fashion,0,0,1,stable_low_risk,0,1,0,medium_value,224.5,0,0,3,1
1,9.0,5,4,9,47,224.07,Laptop & Accessory,Single,1,1,0,new_high_risk,1,0,0-3 months,dormant_high_risk,0,1,0,31+ days,low_risk_electronics,0,0,0,unstable_high_risk,1,0,0,medium_value,224.07,0,0,4,1
1,20.0,4,3,5,47,223.54,Laptop & Accessory,Single,1,1,0,new_high_risk,1,0,0-3 months,dormant_high_risk,0,1,0,31+ days,low_risk_electronics,0,0,0,unstable_high_risk,1,0,0,medium_value,223.54,0,0,4,1
1,27.0,4,3,5,47,223.24,Fashion,Divorced,0,1,0,new_high_risk,1,0,0-3 months,dormant_high_risk,0,1,0,31+ days,moderate_risk_fashion,0,0,1,moderate_risk,0,0,1,medium_value,223.24,0,0,2,1
1,27.0,4,3,5,47,223.24,Fashion,Married,0,1,0,new_high_risk,1,0,0-3 months,dormant_high_risk,0,1,0,31+ days,moderate_risk_fashion,0,0,1,stable_low_risk,0,1,0,medium_value,223.24,0,0,2,1
1,7.0,5,5,3,47,222.14,Laptop & Accessory,Married,0,1,0,new_high_risk,1,0,0-3 months,dormant_high_risk,0,1,0,31+ days,low_risk_electronics,0,0,0,stable_low_risk,0,1,0,medium_value,222.14,0,0,2,1
1,8.0,5,5,3,47,222.14,Laptop & Accessory,Married,0,1,0,new_high_risk,1,0,0-3 months,dormant_high_risk,0,1,0,31+ days,low_risk_electronics,0,0,0,stable_low_risk,0,1,0,medium_value,222.14,0,0,2,1
1,11.0,4,5,2,47,220.82,Fashion,Single,1,1,0,new_high_risk,1,0,0-3 months,dormant_high_risk,0,1,0,31+ days,moderate_risk_fashion,0,0,1,unstable_high_risk,1,0,0,medium_value,220.82,0,0,4,1
1,17.0,4,5,3,47,212.93,Fashion,Married,0,1,0,new_high_risk,1,0,0-3 months,dormant_high_risk,0,1,0,31+ days,moderate_risk_fashion,0,0,1,stable_low_risk,0,1,0,medium_value,212.93,0,0,2,0
1,15.0,4,3,3,47,212.26,Fashion,Single,0,1,0,new_high_risk,1,0,0-3 months,dormant_high_risk,0,1,0,31+ days,moderate_risk_fashion,0,0,1,unstable_high_risk,1,0,0,medium_value,212.26,0,0,3,0
1,31.0,5,5,3,47,212.22,Fashion,Single,0,1,0,new_high_risk,1,0,0-3 months,dormant_high_risk,0,1,0,31+ days,moderate_risk_fashion,0,0,1,unstable_high_risk,1,0,0,medium_value,212.22,0,0,3,1
1,35.0,5,3,4,47,211.39,Laptop & Accessory,Married,0,1,0,new_high_risk,1,0,0-3 months,dormant_high_risk,0,1,0,31+ days,low_risk_electronics,0,0,0,stable_low_risk,0,1,0,medium_value,211.39,0,0,2,0
1,23.0,4,5,4,47,210.64,Fashion,Single,1,1,0,new_high_risk,1,0,0-3 months,dormant_high_risk,0,1,0,31+ days,moderate_risk_fashion,0,0,1,unstable_high_risk,1,0,0,medium_value,210.64,0,0,4,1
1,16.0,4,5,5,4,207.24,Laptop & Accessory,Single,1,0,0,new_high_risk,1,0,0-3 months,recent_new_customer,1,0,0,0-7 days,low_risk_electronics,0,0,0,unstable_high_risk,1,0,0,medium_value,207.24,0,0,3,1
1,16.0,4,5,2,4,207.24,Laptop & Accessory,Single,1,0,0,new_high_risk,1,0,0-3 months,recent_new_customer,1,0,0,0-7 days,low_risk_electronics,0,0,0,unstable_high_risk,1,0,0,medium_value,207.24,0,0,3,1
1,23.0,4,3,4,1,206.61,Fashion,Married,0,0,0,new_high_risk,1,0,0-3 months,recent_new_customer,1,0,0,0-7 days,moderate_risk_fashion,0,0,1,stable_low_risk,0,1,0,medium_value,206.61,0,0,1,1
1,34.0,4,2,3,10,201.39,Fashion,Divorced,0,0,0,new_high_risk,1,0,0-3 months,active_low_risk,0,0,1,8-14 days,moderate_risk_fashion,0,0,1,moderate_risk,0,0,1,medium_value,201.39,0,0,1,1
1,21.0,4,2,2,8,200.53,Fashion,Single,1,0,0,new_high_risk,1,0,0-3 months,active_low_risk,0,0,1,8-14 days,moderate_risk_fashion,0,0,1,unstable_high_risk,1,0,0,medium_value,200.53,0,0,3,1
1,7.0,2,4,3,8,199.46,Fashion,Single,0,0,0,new_high_risk,1,0,0-3 months,active_low_risk,0,0,1,8-14 days,moderate_risk_fashion,0,0,1,unstable_high_risk,1,0,0,medium_value,199.46,0,0,2,1
1,7.0,4,5,3,8,199.12,Fashion,Divorced,0,0,0,new_high_risk,1,0,0-3 months,active_low_risk,0,0,1,8-14 days,moderate_risk_fashion,0,0,1,moderate_risk,0,0,1,medium_value,199.12,0,0,1,0
1,7.0,4,5,3,8,199.12,Fashion,Married,0,0,0,new_high_risk,1,0,0-3 months,active_low_risk,0,0,1,8-14 days,moderate_risk_fashion,0,0,1,stable_low_risk,0,1,0,medium_value,199.12,0,0,1,0
1,30.0,5,5,3,11,198.36,Fashion,Married,0,0,0,new_high_risk,1,0,0-3 months,active_low_risk,0,0,1,8-14 days,moderate_risk_fashion,0,0,1,stable_low_risk,0,1,0,medium_value,198.36,0,0,1,1
1,14.0,5,5,10,8,193.11,Laptop & Accessory,Single,0,0,0,new_high_risk,1,0,0-3 months,active_low_risk,0,0,1,8-14 days,low_risk_electronics,0,0,0,unstable_high_risk,1,0,0,medium_value,193.11,0,0,2,0
1,8.0,6,4,8,1,192.35,Laptop & Accessory,Single,0,0,0,new_high_risk,1,0,0-3 months,recent_new_customer,1,0,0,0-7 days,low_risk_electronics,0,0,0,unstable_high_risk,1,0,0,medium_value,192.35,0,0,2,1
1,7.0,6,4,8,1,192.35,Laptop & Accessory,Single,0,0,0,new_high_risk,1,0,0-3 months,recent_new_customer,1,0,0,0-7 days,low_risk_electronics,0,0,0,unstable_high_risk,1,0,0,medium_value,192.35,0,0,2,1
1,33.0,5,5,7,2,191.96,Laptop & Accessory,Single,0,0,0,new_high_risk,1,0,0-3 months,recent_new_customer,1,0,0,0-7 days,low_risk_electronics,0,0,0,unstable_high_risk,1,0,0,medium_value,191.96,0,0,2,1
1,9.0,2,3,2,8,190.0,Laptop & Accessory,Single,0,0,0,new_high_risk,1,0,0-3 months,active_low_risk,0,0,1,8-14 days,low_risk_electronics,0,0,0,unstable_high_risk,1,0,0,medium_value,190.0,0,0,2,0
1,7.0,4,4,3,5,188.97,Laptop & Accessory,Married,0,0,0,new_high_risk,1,0,0-3 months,recent_new_customer,1,0,0,0-7 days,low_risk_electronics,0,0,0,stable_low_risk,0,1,0,medium_value,188.97,0,0,1,0
1,7.0,4,4,2,5,188.49,Laptop & Accessory,Divorced,1,0,0,new_high_risk,1,0,0-3 months,recent_new_customer,1,0,0,0-7 days,low_risk_electronics,0,0,0,moderate_risk,0,0,1,medium_value,188.49,0,0,2,0
1,35.0,4,4,3,5,187.72,Laptop & Accessory,Divorced,0,0,0,new_high_risk,1,0,0-3 months,recent_new_customer,1,0,0,0-7 days,low_risk_electronics,0,0,0,moderate_risk,0,0,1,medium_value,187.72,0,0,1,0
1,25.0,2,3,4,3,187.32,Laptop & Accessory,Divorced,0,0,0,new_high_risk,1,0,0-3 months,recent_new_customer,1,0,0,0-7 days,low_risk_electronics,0,0,0,moderate_risk,0,0,1,medium_value,187.32,0,0,1,0
1,25.0,2,3,4,3,187.32,Laptop & Accessory,Married,0,0,0,new_high_risk,1,0,0-3 months,recent_new_customer,1,0,0,0-7 days,low_risk_electronics,0,0,0,stable_low_risk,0,1,0,medium_value,187.32,0,0,1,0
1,15.0,4,4,3,8,187.14,Laptop & Accessory,Married,0,0,0,new_high_risk,1,0,0-3 months,active_low_risk,0,0,1,8-14 days,low_risk_electronics,0,0,0,stable_low_risk,0,1,0,medium_value,187.14,0,0,1,0
1,33.0,4,1,3,5,186.8,Laptop & Accessory,Single,0,0,0,new_high_risk,1,0,0-3 months,recent_new_customer,1,0,0,0-7 days,low_risk_electronics,0,0,0,unstable_high_risk,1,0,0,medium_value,186.8,0,0,2,0
1,29.0,4,3,3,8,186.79,Laptop & Accessory,Married,1,0,0,new_high_risk,1,0,0-3 months,active_low_risk,0,0,1,8-14 days,low_risk_electronics,0,0,0,stable_low_risk,0,1,0,medium_value,186.79,0,0,2,1
1,13.0,6,3,6,8,186.72,Laptop & Accessory,Divorced,1,0,0,new_high_risk,1,0,0-3 months,active_low_risk,0,0,1,8-14 days,low_risk_electronics,0,0,0,moderate_risk,0,0,1,medium_value,186.72,0,0,2,1
1,11.0,2,4,3,4,186.42,Laptop & Accessory,Married,1,0,0,new_high_risk,1,0,0-3 months,recent_new_customer,1,0,0,0-7 days,low_risk_electronics,0,0,0,stable_low_risk,0,1,0,medium_value,186.42,0,0,2,0
1,20.0,5,5,7,3,186.34,Laptop & Accessory,Married,1,0,0,new_high_risk,1,0,0-3 months,recent_new_customer,1,0,0,0-7 days,low_risk_electronics,0,0,0,stable_low_risk,0,1,0,medium_value,186.34,0,0,2,1
1,14.0,5,3,4,1,186.32,Laptop & Accessory,Divorced,0,0,0,new_high_risk,1,0,0-3 months,recent_new_customer,1,0,0,0-7 days,low_risk_electronics,0,0,0,moderate_risk,0,0,1,medium_value,186.32,0,0,1,0
1,14.0,6,3,3,7,185.74,Laptop & Accessory,Single,1,0,0,new_high_risk,1,0,0-3 months,recent_new_customer,1,0,0,0-7 days,low_risk_electronics,0,0,0,unstable_high_risk,1,0,0,medium_value,185.74,0,0,3,1
1,11.0,3,5,1,3,184.63,Laptop & Accessory,Single,0,0,0,new_high_risk,1,0,0-3 months,recent_new_customer,1,0,0,0-7 days,low_risk_electronics,0,0,0,unstable_high_risk,1,0,0,medium_value,184.63,0,0,2,0
1,30.0,5,3,5,2,184.16,Laptop & Accessory,Married,1,0,0,new_high_risk,1,0,0-3 months,recent_new_customer,1,0,0,0-7 days,low_risk_electronics,0,0,0,stable_low_risk,0,1,0,medium_value,184.16,0,0,2,1
1,11.0,5,2,3,5,183.28,Laptop & Accessory,Single,1,0,0,new_high_risk,1,0,0-3 months,recent_new_customer,1,0,0,0-7 days,low_risk_electronics,0,0,0,unstable_high_risk,1,0,0,medium_value,183.28,0,0,3,1
1,34.0,4,1,3,8,183.13,Laptop & Accessory,Single,1,0,0,new_high_risk,1,0,0-3 months,active_low_risk,0,0,1,8-14 days,low_risk_electronics,0,0,0,unstable_high_risk,1,0,0,medium_value,183.13,0,0,3,1
1,17.0,5,2,3,5,182.69,Laptop & Accessory,Divorced,1,0,0,new_high_risk,1,0,0-3 months,recent_new_customer,1,0,0,0-7 days,low_risk_electronics,0,0,0,moderate_risk,0,0,1,medium_value,182.69,0,0,2,0
1,20.0,4,4,7,1,182.65,Laptop & Accessory,Single,0,0,0,new_high_risk,1,0,0-3 months,recent_new_customer,1,0,0,0-7 days,low_risk_electronics,0,0,0,unstable_high_risk,1,0,0,medium_value,182.65,0,0,2,1
1,12.0,5,3,3,4,182.44,Laptop & Accessory,Single,1,0,0,new_high_risk,1,0,0-3 months,recent_new_customer,1,0,0,0-7 days,low_risk_electronics,0,0,0,unstable_high_risk,1,0,0,medium_value,182.44,0,0,3,1
1,33.0,4,1,3,9,181.17,Laptop & Accessory,Married,1,0,0,new_high_risk,1,0,0-3 months,active_low_risk,0,0,1,8-14 days,low_risk_electronics,0,0,0,stable_low_risk,0,1,0,medium_value,181.17,0,0,2,1
1,9.0,2,2,3,4,179.72,Laptop & Accessory,Divorced,0,0,0,new_high_risk,1,0,0-3 months,recent_new_customer,1,0,0,0-7 days,low_risk_electronics,0,0,0,moderate_risk,0,0,1,medium_value,179.72,0,0,1,0
1,22.0,6,1,8,3,179.4,Laptop & Accessory,Married,1,0,0,new_high_risk,1,0,0-3 months,recent_new_customer,1,0,0,0-7 days,low_risk_electronics,0,0,0,stable_low_risk,0,1,0,medium_value,179.4,0,0,2,1
1,16.0,4,5,6,8,178.46,Laptop & Accessory,Married,0,0,0,new_high_risk,1,0,0-3 months,active_low_risk,0,0,1,8-14 days,low_risk_electronics,0,0,0,stable_low_risk,0,1,0,medium_value,178.46,0,0,1,1
1,15.0,5,5,8,3,178.26,Laptop & Accessory,Single,0,0,0,new_high_risk,1,0,0-3 months,recent_new_customer,1,0,0,0-7 days,low_risk_electronics,0,0,0,unstable_high_risk,1,0,0,medium_value,178.26,0,0,2,1
1,23.0,4,5,7,3,178.24,Laptop & Accessory,Single,0,0,0,new_high_risk,1,0,0-3 months,recent_new_customer,1,0,0,0-7 days,low_risk_electronics,0,0,0,unstable_high_risk,1,0,0,medium_value,178.24,0,0,2,1
1,26.0,2,1,10,5,178.04,Laptop & Accessory,Single,1,0,0,new_high_risk,1,0,0-3 months,recent_new_customer,1,0,0,0-7 days,low_risk_electronics,0,0,0,unstable_high_risk,1,0,0,medium_value,178.04,0,0,3,1
1,26.0,3,2,10,5,178.04,Laptop & Accessory,Single,1,0,0,new_high_risk,1,0,0-3 months,recent_new_customer,1,0,0,0-7 days,low_risk_electronics,0,0,0,unstable_high_risk,1,0,0,medium_value,178.04,0,0,3,1
1,7.0,4,3,3,8,177.96,Laptop & Accessory,Divorced,0,0,0,new_high_risk,1,0,0-3 months,active_low_risk,0,0,1,8-14 days,low_risk_electronics,0,0,0,moderate_risk,0,0,1,medium_value,177.96,0,0,1,0
1,7.0,4,3,3,8,177.96,Laptop & Accessory,Married,0,0,0,new_high_risk,1,0,0-3 months,active_low_risk,0,0,1,8-14 days,low_risk_electronics,0,0,0,stable_low_risk,0,1,0,medium_value,177.96,0,0,1,0
1,9.0,2,3,3,8,177.06,Laptop & Accessory,Married,0,0,0,new_high_risk,1,0,0-3 months,active_low_risk,0,0,1,8-14 days,low_risk_electronics,0,0,0,stable_low_risk,0,1,0,medium_value,177.06,0,0,1,0
1,9.0,6,1,5,1,175.71,Laptop & Accessory,Single,0,0,0,new_high_risk,1,0,0-3 months,recent_new_customer,1,0,0,0-7 days,low_risk_electronics,0,0,0,unstable_high_risk,1,0,0,medium_value,175.71,0,0,2,0
1,10.0,4,3,2,3,174.99,Laptop & Accessory,Married,0,0,0,new_high_risk,1,0,0-3 months,recent_new_customer,1,0,0,0-7 days,low_risk_electronics,0,0,0,stable_low_risk,0,1,0,medium_value,174.99,0,0,1,0
1,36.0,6,5,10,3,174.69,Laptop & Accessory,Single,0,0,0,new_high_risk,1,0,0-3 months,recent_new_customer,1,0,0,0-7 days,low_risk_electronics,0,0,0,unstable_high_risk,1,0,0,medium_value,174.69,0,0,2,1
1,17.0,4,1,2,2,174.5,Laptop & Accessory,Single,0,0,0,new_high_risk,1,0,0-3 months,recent_new_customer,1,0,0,0-7 days,low_risk_electronics,0,0,0,unstable_high_risk,1,0,0,medium_value,174.5,0,0,2,0
1,17.0,4,2,2,2,174.5,Laptop & Accessory,Single,0,0,0,new_high_risk,1,0,0-3 months,recent_new_customer,1,0,0,0-7 days,low_risk_electronics,0,0,0,unstable_high_risk,1,0,0,medium_value,174.5,0,0,2,0
1,15.0,4,3,2,5,174.07,Laptop & Accessory,Married,1,0,0,new_high_risk,1,0,0-3 months,recent_new_customer,1,0,0,0-7 days,low_risk_electronics,0,0,0,stable_low_risk,0,1,0,medium_value,174.07,0,0,2,0
1,7.0,4,3,2,3,173.98,Laptop & Accessory,Divorced,0,0,0,new_high_risk,1,0,0-3 months,recent_new_customer,1,0,0,0-7 days,low_risk_electronics,0,0,0,moderate_risk,0,0,1,medium_value,173.98,0,0,1,0
1,14.0,4,3,3,2,173.83,Laptop & Accessory,Married,0,0,0,new_high_risk,1,0,0-3 months,recent_new_customer,1,0,0,0-7 days,low_risk_electronics,0,0,0,stable_low_risk,0,1,0,medium_value,173.83,0,0,1,1
1,15.0,3,4,2,3,173.51,Laptop & Accessory,Divorced,0,0,0,new_high_risk,1,0,0-3 months,recent_new_customer,1,0,0,0-7 days,low_risk_electronics,0,0,0,moderate_risk,0,0,1,medium_value,173.51,0,0,1,0
1,15.0,2,4,2,3,173.51,Laptop & Accessory,Married,0,0,0,new_high_risk,1,0,0-3 months,recent_new_customer,1,0,0,0-7 days,low_risk_electronics,0,0,0,stable_low_risk,0,1,0,medium_value,173.51,0,0,1,0
1,22.0,4,3,9,1,173.34,Laptop & Accessory,Married,0,0,0,new_high_risk,1,0,0-3 months,recent_new_customer,1,0,0,0-7 days,low_risk_electronics,0,0,0,stable_low_risk,0,1,0,medium_value,173.34,0,0,1,1
1,7.0,4,1,11,3,172.87,Mobile Phone,Married,1,0,0,new_high_risk,1,0,0-3 months,recent_new_customer,1,0,0,0-7 days,high_risk_tech,1,0,0,stable_low_risk,0,1,0,medium_value,172.87,0,0,3,1
1,8.0,4,1,11,3,172.87,Mobile Phone,Married,1,0,0,new_high_risk,1,0,0-3 months,recent_new_customer,1,0,0,0-7 days,high_risk_tech,1,0,0,stable_low_risk,0,1,0,medium_value,172.87,0,0,3,1
1,7.0,5,1,8,3,172.75,Laptop & Accessory,Married,0,0,0,new_high_risk,1,0,0-3 months,recent_new_customer,1,0,0,0-7 days,low_risk_electronics,0,0,0,stable_low_risk,0,1,0,medium_value,172.75,0,0,1,0
1,22.0,5,5,2,4,172.74,Mobile Phone,Married,0,0,0,new_high_risk,1,0,0-3 months,recent_new_customer,1,0,0,0-7 days,high_risk_tech,1,0,0,stable_low_risk,0,1,0,medium_value,172.74,0,0,2,0
1,18.0,4,5,3,4,172.41,Laptop & Accessory,Married,1,0,0,new_high_risk,1,0,0-3 months,recent_new_customer,1,0,0,0-7 days,low_risk_electronics,0,0,0,stable_low_risk,0,1,0,medium_value,172.41,0,0,2,0
1,18.0,4,5,3,4,172.41,Laptop & Accessory,Divorced,1,0,0,new_high_risk,1,0,0-3 months,recent_new_customer,1,0,0,0-7 days,low_risk_electronics,0,0,0,moderate_risk,0,0,1,medium_value,172.41,0,0,2,0
1,18.0,3,3,10,3,172.07,Laptop & Accessory,Divorced,0,0,0,new_high_risk,1,0,0-3 months,recent_new_customer,1,0,0,0-7 days,low_risk_electronics,0,0,0,moderate_risk,0,0,1,medium_value,172.07,0,0,1,1
1,17.0,4,1,3,3,171.84,Laptop & Accessory,Single,0,0,0,new_high_risk,1,0,0-3 months,recent_new_customer,1,0,0,0-7 days,low_risk_electronics,0,0,0,unstable_high_risk,1,0,0,medium_value,171.84,0,0,2,0
1,10.0,3,2,3,5,171.47,Laptop & Accessory,Married,1,0,0,new_high_risk,1,0,0-3 months,recent_new_customer,1,0,0,0-7 days,low_risk_electronics,0,0,0,stable_low_risk,0,1,0,medium_value,171.47,0,0,2,0
1,15.0,6,3,3,3,171.21,Mobile Phone,Married,0,0,0,new_high_risk,1,0,0-3 months,recent_new_customer,1,0,0,0-7 days,high_risk_tech,1,0,0,stable_low_risk,0,1,0,medium_value,171.21,0,0,2,0
1,15.0,6,3,3,3,171.21,Mobile Phone,Divorced,0,0,0,new_high_risk,1,0,0-3 months,recent_new_customer,1,0,0,0-7 days,high_risk_tech,1,0,0,moderate_risk,0,0,1,medium_value,171.21,0,0,2,0
1,8.0,5,3,3,3,171.17,Laptop & Accessory,Single,0,0,0,new_high_risk,1,0,0-3 months,recent_new_customer,1,0,0,0-7 days,low_risk_electronics,0,0,0,unstable_high_risk,1,0,0,medium_value,171.17,0,0,2,0
1,7.0,5,3,3,3,171.17,Laptop & Accessory,Single,0,0,0,new_high_risk,1,0,0-3 months,recent_new_customer,1,0,0,0-7 days,low_risk_electronics,0,0,0,unstable_high_risk,1,0,0,medium_value,171.17,0,0,2,0
1,25.0,4,3,2,3,171.14,Laptop & Accessory,Married,1,0,0,new_high_risk,1,0,0-3 months,recent_new_customer,1,0,0,0-7 days,low_risk_electronics,0,0,0,stable_low_risk,0,1,0,medium_value,171.14,0,0,2,1
1,25.0,4,3,2,3,171.14,Laptop & Accessory,Divorced,1,0,0,new_high_risk,1,0,0-3 months,recent_new_customer,1,0,0,0-7 days,low_risk_electronics,0,0,0,moderate_risk,0,0,1,medium_value,171.14,0,0,2,1
1,31.0,5,4,2,11,170.99,Laptop & Accessory,Single,1,0,0,new_high_risk,1,0,0-3 months,active_low_risk,0,0,1,8-14 days,low_risk_electronics,0,0,0,unstable_high_risk,1,0,0,medium_value,170.99,0,0,3,1
1,19.0,4,1,5,8,170.81,Laptop & Accessory,Single,1,0,0,new_high_risk,1,0,0-3 months,active_low_risk,0,0,1,8-14 days,low_risk_electronics,0,0,0,unstable_high_risk,1,0,0,medium_value,170.81,0,0,3,1
1,10.0,4,3,11,1,170.77,Laptop & Accessory,Single,0,0,0,new_high_risk,1,0,0-3 months,recent_new_customer,1,0,0,0-7 days,low_risk_electronics,0,0,0,unstable_high_risk,1,0,0,medium_value,170.77,0,0,2,1
1,36.0,5,3,3,9,170.08,Laptop & Accessory,Single,0,0,0,new_high_risk,1,0,0-3 months,active_low_risk,0,0,1,8-14 days,low_risk_electronics,0,0,0,unstable_high_risk,1,0,0,medium_value,170.08,0,0,2,1
1,11.0,5,2,3,4,169.87,Laptop & Accessory,Single,1,0,0,new_high_risk,1,0,0-3 months,recent_new_customer,1,0,0,0-7 days,low_risk_electronics,0,0,0,unstable_high_risk,1,0,0,medium_value,169.87,0,0,3,0
1,11.0,5,1,3,4,169.87,Laptop & Accessory,Single,1,0,0,new_high_risk,1,0,0-3 months,recent_new_customer,1,0,0,0-7 days,low_risk_electronics,0,0,0,unstable_high_risk,1,0,0,medium_value,169.87,0,0,3,0
1,9.0,4,3,3,5,169.78,Laptop & Accessory,Single,1,0,0,new_high_risk,1,0,0-3 months,recent_new_customer,1,0,0,0-7 days,low_risk_electronics,0,0,0,unstable_high_risk,1,0,0,medium_value,169.78,0,0,3,0
1,10.0,2,2,3,8,169.2,Mobile Phone,Divorced,0,0,0,new_high_risk,1,0,0-3 months,active_low_risk,0,0,1,8-14 days,high_risk_tech,1,0,0,moderate_risk,0,0,1,medium_value,169.2,0,0,2,0
1,16.0,5,5,5,3,169.0,Mobile Phone,Divorced,0,0,0,new_high_risk,1,0,0-3 months,recent_new_customer,1,0,0,0-7 days,high_risk_tech,1,0,0,moderate_risk,0,0,1,medium_value,169.0,0,0,2,1
1,16.0,5,5,5,3,169.0,Mobile Phone,Married,0,0,0,new_high_risk,1,0,0-3 months,recent_new_customer,1,0,0,0-7 days,high_risk_tech,1,0,0,stable_low_risk,0,1,0,medium_value,169.0,0,0,2,1
1,9.0,4,3,8,2,168.82,Mobile Phone,Single,0,0,0,new_high_risk,1,0,0-3 months,recent_new_customer,1,0,0,0-7 days,high_risk_tech,1,0,0,unstable_high_risk,1,0,0,medium_value,168.82,0,0,3,1
1,15.0,4,1,2,2,168.42,Laptop & Accessory,Married,0,0,0,new_high_risk,1,0,0-3 months,recent_new_customer,1,0,0,0-7 days,low_risk_electronics,0,0,0,stable_low_risk,0,1,0,medium_value,168.42,0,0,1,0
1,6.0,4,1,2,7,168.34,Laptop & Accessory,Married,1,0,0,new_high_risk,1,0,0-3 months,recent_new_customer,1,0,0,0-7 days,low_risk_electronics,0,0,0,stable_low_risk,0,1,0,medium_value,168.34,0,0,2,0
1,36.0,4,3,7,1,168.06,Laptop & Accessory,Married,0,0,0,new_high_risk,1,0,0-3 months,recent_new_customer,1,0,0,0-7 days,low_risk_electronics,0,0,0,stable_low_risk,0,1,0,medium_value,168.06,0,0,1,0
1,7.0,5,5,7,1,167.98,Laptop & Accessory,Divorced,0,0,0,new_high_risk,1,0,0-3 months,recent_new_customer,1,0,0,0-7 days,low_risk_electronics,0,0,0,moderate_risk,0,0,1,medium_value,167.98,0,0,1,0
1,7.0,5,5,3,8,167.94,Laptop & Accessory,Single,0,0,0,new_high_risk,1,0,0-3 months,active_low_risk,0,0,1,8-14 days,low_risk_electronics,0,0,0,unstable_high_risk,1,0,0,medium_value,167.94,0,0,2,0
1,35.0,5,5,5,4,167.84,Laptop & Accessory,Single,0,0,0,new_high_risk,1,0,0-3 months,recent_new_customer,1,0,0,0-7 days,low_risk_electronics,0,0,0,unstable_high_risk,1,0,0,medium_value,167.84,0,0,2,1
1,17.0,4,3,3,4,167.6,Laptop & Accessory,Married,1,0,0,new_high_risk,1,0,0-3 months,recent_new_customer,1,0,0,0-7 days,low_risk_electronics,0,0,0,stable_low_risk,0,1,0,medium_value,167.6,0,0,2,0
1,11.0,5,5,3,4,167.56,Laptop & Accessory,Married,0,0,0,new_high_risk,1,0,0-3 months,recent_new_customer,1,0,0,0-7 days,low_risk_electronics,0,0,0,stable_low_risk,0,1,0,medium_value,167.56,0,0,1,0
1,20.0,4,5,4,3,167.33,Laptop & Accessory,Married,0,0,0,new_high_risk,1,0,0-3 months,recent_new_customer,1,0,0,0-7 days,low_risk_electronics,0,0,0,stable_low_risk,0,1,0,medium_value,167.33,0,0,1,1
1,9.0,4,1,2,3,167.27,Laptop & Accessory,Married,0,0,0,new_high_risk,1,0,0-3 months,recent_new_customer,1,0,0,0-7 days,low_risk_electronics,0,0,0,stable_low_risk,0,1,0,medium_value,167.27,0,0,1,0
1,17.0,4,5,3,9,167.13,Laptop & Accessory,Single,0,0,0,new_high_risk,1,0,0-3 months,active_low_risk,0,0,1,8-14 days,low_risk_electronics,0,0,0,unstable_high_risk,1,0,0,medium_value,167.13,0,0,2,1
1,16.0,4,5,9,5,167.0,Mobile Phone,Single,0,0,0,new_high_risk,1,0,0-3 months,recent_new_customer,1,0,0,0-7 days,high_risk_tech,1,0,0,unstable_high_risk,1,0,0,medium_value,167.0,0,0,3,1
1,10.0,4,5,3,4,166.94,Laptop & Accessory,Divorced,1,0,0,new_high_risk,1,0,0-3 months,recent_new_customer,1,0,0,0-7 days,low_risk_electronics,0,0,0,moderate_risk,0,0,1,medium_value,166.94,0,0,2,0
1,6.0,5,2,1,5,166.74,Laptop & Accessory,Divorced,0,0,0,new_high_risk,1,0,0-3 months,recent_new_customer,1,0,0,0-7 days,low_risk_electronics,0,0,0,moderate_risk,0,0,1,medium_value,166.74,0,0,1,0
1,7.0,5,1,1,5,166.74,Laptop & Accessory,Married,0,0,0,new_high_risk,1,0,0-3 months,recent_new_customer,1,0,0,0-7 days,low_risk_electronics,0,0,0,stable_low_risk,0,1,0,medium_value,166.74,0,0,1,0
1,35.0,3,5,8,0,166.73,Laptop & Accessory,Divorced,1,0,0,new_high_risk,1,0,0-3 months,recent_new_customer,1,0,0,0-7 days,low_risk_electronics,0,0,0,moderate_risk,0,0,1,medium_value,166.73,0,0,2,1
1,35.0,3,5,8,0,166.73,Laptop & Accessory,Married,1,0,0,new_high_risk,1,0,0-3 months,recent_new_customer,1,0,0,0-7 days,low_risk_electronics,0,0,0,stable_low_risk,0,1,0,medium_value,166.73,0,0,2,1
1,10.0,4,3,2,3,166.71,Laptop & Accessory,Divorced,1,0,0,new_high_risk,1,0,0-3 months,recent_new_customer,1,0,0,0-7 days,low_risk_electronics,0,0,0,moderate_risk,0,0,1,medium_value,166.71,0,0,2,1
1,11.0,4,3,3,4,166.62,Laptop & Accessory,Divorced,1,0,0,new_high_risk,1,0,0-3 months,recent_new_customer,1,0,0,0-7 days,low_risk_electronics,0,0,0,moderate_risk,0,0,1,medium_value,166.62,0,0,2,0
1,30.0,5,1,9,1,166.57,Laptop & Accessory,Married,1,0,0,new_high_risk,1,0,0-3 months,recent_new_customer,1,0,0,0-7 days,low_risk_electronics,0,0,0,stable_low_risk,0,1,0,medium_value,166.57,0,0,2,0
1,16.0,4,1,3,8,166.05,Laptop & Accessory,Single,0,0,0,new_high_risk,1,0,0-3 months,active_low_risk,0,0,1,8-14 days,low_risk_electronics,0,0,0,unstable_high_risk,1,0,0,medium_value,166.05,0,0,2,0
1,10.0,4,3,3,8,165.84,Mobile Phone,Single,0,0,0,new_high_risk,1,0,0-3 months,active_low_risk,0,0,1,8-14 days,high_risk_tech,1,0,0,unstable_high_risk,1,0,0,medium_value,165.84,0,0,3,1
1,26.0,5,5,3,8,165.66,Mobile Phone,Married,0,0,0,new_high_risk,1,0,0-3 months,active_low_risk,0,0,1,8-14 days,high_risk_tech,1,0,0,stable_low_risk,0,1,0,medium_value,165.66,0,0,2,0
1,35.0,5,4,2,7,165.49,Laptop & Accessory,Married,0,0,0,new_high_risk,1,0,0-3 months,recent_new_customer,1,0,0,0-7 days,low_risk_electronics,0,0,0,stable_low_risk,0,1,0,medium_value,165.49,0,0,1,0
1,35.0,5,4,2,7,165.49,Laptop & Accessory,Divorced,0,0,0,new_high_risk,1,0,0-3 months,recent_new_customer,1,0,0,0-7 days,low_risk_electronics,0,0,0,moderate_risk,0,0,1,medium_value,165.49,0,0,1,0
1,10.0,4,5,7,3,165.31,Mobile Phone,Married,0,0,0,new_high_risk,1,0,0-3 months,recent_new_customer,1,0,0,0-7 days,high_risk_tech,1,0,0,stable_low_risk,0,1,0,medium_value,165.31,0,0,2,1
1,18.0,2,3,2,4,165.11,Laptop & Accessory,Married,0,0,0,new_high_risk,1,0,0-3 months,recent_new_customer,1,0,0,0-7 days,low_risk_electronics,0,0,0,stable_low_risk,0,1,0,medium_value,165.11,0,0,1,0
1,12.0,3,5,3,6,165.0,Laptop & Accessory,Married,0,0,0,new_high_risk,1,0,0-3 months,recent_new_customer,1,0,0,0-7 days,low_risk_electronics,0,0,0,stable_low_risk,0,1,0,medium_value,165.0,0,0,1,0
1,12.0,2,5,3,6,165.0,Laptop & Accessory,Married,0,0,0,new_high_risk,1,0,0-3 months,recent_new_customer,1,0,0,0-7 days,low_risk_electronics,0,0,0,stable_low_risk,0,1,0,medium_value,165.0,0,0,1,0
1,15.0,5,3,3,3,164.89,Mobile Phone,Single,1,0,0,new_high_risk,1,0,0-3 months,recent_new_customer,1,0,0,0-7 days,high_risk_tech,1,0,0,unstable_high_risk,1,0,0,medium_value,164.89,0,0,4,1
1,9.0,4,3,8,3,164.77,Mobile Phone,Married,1,0,0,new_high_risk,1,0,0-3 months,recent_new_customer,1,0,0,0-7 days,high_risk_tech,1,0,0,stable_low_risk,0,1,0,medium_value,164.77,0,0,3,0
1,23.0,6,5,3,8,164.19,Mobile Phone,Single,1,0,0,new_high_risk,1,0,0-3 months,active_low_risk,0,0,1,8-14 days,high_risk_tech,1,0,0,unstable_high_risk,1,0,0,medium_value,164.19,0,0,4,1
1,36.0,4,5,3,3,164.07,Mobile Phone,Married,0,0,0,new_high_risk,1,0,0-3 months,recent_new_customer,1,0,0,0-7 days,high_risk_tech,1,0,0,stable_low_risk,0,1,0,medium_value,164.07,0,0,2,0
1,9.0,5,1,2,2,164.04,Mobile Phone,Single,0,0,0,new_high_risk,1,0,0-3 months,recent_new_customer,1,0,0,0-7 days,high_risk_tech,1,0,0,unstable_high_risk,1,0,0,medium_value,164.04,0,0,3,0
1,11.0,5,3,7,3,163.94,Mobile Phone,Single,0,0,0,new_high_risk,1,0,0-3 months,recent_new_customer,1,0,0,0-7 days,high_risk_tech,1,0,0,unstable_high_risk,1,0,0,medium_value,163.94,0,0,3,1
1,7.0,4,4,3,5,163.16,Mobile Phone,Married,0,0,0,new_high_risk,1,0,0-3 months,recent_new_customer,1,0,0,0-7 days,high_risk_tech,1,0,0,stable_low_risk,0,1,0,medium_value,163.16,0,0,2,0
1,21.0,5,4,3,3,162.43,Mobile Phone,Married,1,0,0,new_high_risk,1,0,0-3 months,recent_new_customer,1,0,0,0-7 days,high_risk_tech,1,0,0,stable_low_risk,0,1,0,medium_value,162.43,0,0,3,1
1,9.0,4,1,8,3,162.22,Mobile Phone,Married,1,0,0,new_high_risk,1,0,0-3 months,recent_new_customer,1,0,0,0-7 days,high_risk_tech,1,0,0,stable_low_risk,0,1,0,medium_value,162.22,0,0,3,1
1,11.0,4,2,3,7,161.91,Mobile Phone,Divorced,1,0,0,new_high_risk,1,0,0-3 months,recent_new_customer,1,0,0,0-7 days,high_risk_tech,1,0,0,moderate_risk,0,0,1,medium_value,161.91,0,0,3,1
1,26.0,4,1,5,3,161.69,Mobile Phone,Married,0,0,0,new_high_risk,1,0,0-3 months,recent_new_customer,1,0,0,0-7 days,high_risk_tech,1,0,0,stable_low_risk,0,1,0,medium_value,161.69,0,0,2,0
1,31.0,4,4,10,3,160.97,Mobile Phone,Single,0,0,0,new_high_risk,1,0,0-3 months,recent_new_customer,1,0,0,0-7 days,high_risk_tech,1,0,0,unstable_high_risk,1,0,0,medium_value,160.97,0,0,3,0
1,14.0,2,5,2,8,160.78,Mobile Phone,Single,0,0,0,new_high_risk,1,0,0-3 months,active_low_risk,0,0,1,8-14 days,high_risk_tech,1,0,0,unstable_high_risk,1,0,0,medium_value,160.78,0,0,3,0
1,30.0,5,3,3,9,160.4,Laptop & Accessory,Married,0,0,0,new_high_risk,1,0,0-3 months,active_low_risk,0,0,1,8-14 days,low_risk_electronics,0,0,0,stable_low_risk,0,1,0,medium_value,160.4,0,0,1,0
1,15.0,2,3,9,3,160.17,Mobile Phone,Married,0,0,0,new_high_risk,1,0,0-3 months,recent_new_customer,1,0,0,0-7 days,high_risk_tech,1,0,0,stable_low_risk,0,1,0,medium_value,160.17,0,0,2,0
1,17.0,2,3,3,3,160.05,Mobile Phone,Single,0,0,0,new_high_risk,1,0,0-3 months,recent_new_customer,1,0,0,0-7 days,high_risk_tech,1,0,0,unstable_high_risk,1,0,0,medium_value,160.05,0,0,3,0
1,9.0,4,3,4,1,159.85,Mobile Phone,Single,0,0,0,new_high_risk,1,0,0-3 months,recent_new_customer,1,0,0,0-7 days,high_risk_tech,1,0,0,unstable_high_risk,1,0,0,medium_value,159.85,0,0,3,1
1,36.0,5,4,2,5,159.79,Mobile Phone,Single,0,0,0,new_high_risk,1,0,0-3 months,recent_new_customer,1,0,0,0-7 days,high_risk_tech,1,0,0,unstable_high_risk,1,0,0,medium_value,159.79,0,0,3,1
1,9.0,4,4,11,3,159.68,Mobile Phone,Married,0,0,0,new_high_risk,1,0,0-3 months,recent_new_customer,1,0,0,0-7 days,high_risk_tech,1,0,0,stable_low_risk,0,1,0,medium_value,159.68,0,0,2,0
1,9.0,6,1,7,3,159.64,Mobile Phone,Married,1,0,0,new_high_risk,1,0,0-3 months,recent_new_customer,1,0,0,0-7 days,high_risk_tech,1,0,0,stable_low_risk,0,1,0,medium_value,159.64,0,0,3,1
1,29.0,4,3,3,3,159.47,Mobile Phone,Single,0,0,0,new_high_risk,1,0,0-3 months,recent_new_customer,1,0,0,0-7 days,high_risk_tech,1,0,0,unstable_high_risk,1,0,0,medium_value,159.47,0,0,3,0
1,15.0,4,1,3,5,159.45,Mobile Phone,Single,0,0,0,new_high_risk,1,0,0-3 months,recent_new_customer,1,0,0,0-7 days,high_risk_tech,1,0,0,unstable_high_risk,1,0,0,medium_value,159.45,0,0,3,0
1,12.0,4,3,3,3,159.41,Mobile Phone,Single,1,0,0,new_high_risk,1,0,0-3 months,recent_new_customer,1,0,0,0-7 days,high_risk_tech,1,0,0,unstable_high_risk,1,0,0,medium_value,159.41,0,0,4,1
1,9.0,2,5,9,2,159.24,Mobile Phone,Single,0,0,0,new_high_risk,1,0,0-3 months,recent_new_customer,1,0,0,0-7 days,high_risk_tech,1,0,0,unstable_high_risk,1,0,0,medium_value,159.24,0,0,3,0
1,16.0,5,5,9,4,159.07,Mobile Phone,Single,0,0,0,new_high_risk,1,0,0-3 months,recent_new_customer,1,0,0,0-7 days,high_risk_tech,1,0,0,unstable_high_risk,1,0,0,medium_value,159.07,0,0,3,1
1,16.0,5,5,9,4,159.07,Laptop & Accessory,Single,0,0,0,new_high_risk,1,0,0-3 months,recent_new_customer,1,0,0,0-7 days,low_risk_electronics,0,0,0,unstable_high_risk,1,0,0,medium_value,159.07,0,0,2,1
1,16.0,5,3,2,1,158.88,Mobile Phone,Divorced,1,0,0,new_high_risk,1,0,0-3 months,recent_new_customer,1,0,0,0-7 days,high_risk_tech,1,0,0,moderate_risk,0,0,1,medium_value,158.88,0,0,3,1
1,16.0,5,3,2,1,158.88,Mobile Phone,Married,1,0,0,new_high_risk,1,0,0-3 months,recent_new_customer,1,0,0,0-7 days,high_risk_tech,1,0,0,stable_low_risk,0,1,0,medium_value,158.88,0,0,3,1
1,8.0,4,3,2,3,158.75,Mobile Phone,Single,0,0,0,new_high_risk,1,0,0-3 months,recent_new_customer,1,0,0,0-7 days,high_risk_tech,1,0,0,unstable_high_risk,1,0,0,medium_value,158.75,0,0,3,0
1,10.0,4,5,3,8,158.48,Mobile Phone,Single,1,0,0,new_high_risk,1,0,0-3 months,active_low_risk,0,0,1,8-14 days,high_risk_tech,1,0,0,unstable_high_risk,1,0,0,medium_value,158.48,0,0,4,1
1,14.0,4,3,5,8,158.39,Mobile Phone,Married,1,0,0,new_high_risk,1,0,0-3 months,active_low_risk,0,0,1,8-14 days,high_risk_tech,1,0,0,stable_low_risk,0,1,0,medium_value,158.39,0,0,3,1
1,11.0,4,4,3,3,157.95,Mobile Phone,Single,0,0,0,new_high_risk,1,0,0-3 months,recent_new_customer,1,0,0,0-7 days,high_risk_tech,1,0,0,unstable_high_risk,1,0,0,medium_value,157.95,0,0,3,0
1,10.0,5,3,3,1,157.3,Mobile Phone,Single,0,0,0,new_high_risk,1,0,0-3 months,recent_new_customer,1,0,0,0-7 days,high_risk_tech,1,0,0,unstable_high_risk,1,0,0,medium_value,157.3,0,0,3,0
1,7.0,4,4,3,5,157.02,Mobile Phone,Single,1,0,0,new_high_risk,1,0,0-3 months,recent_new_customer,1,0,0,0-7 days,high_risk_tech,1,0,0,unstable_high_risk,1,0,0,medium_value,157.02,0,0,4,1
1,16.0,4,5,4,1,156.72,Mobile Phone,Single,1,0,0,new_high_risk,1,0,0-3 months,recent_new_customer,1,0,0,0-7 days,high_risk_tech,1,0,0,unstable_high_risk,1,0,0,medium_value,156.72,0,0,4,1
1,11.0,5,2,2,5,156.62,Mobile Phone,Divorced,0,0,0,new_high_risk,1,0,0-3 months,recent_new_customer,1,0,0,0-7 days,high_risk_tech,1,0,0,moderate_risk,0,0,1,medium_value,156.62,0,0,2,0
1,11.0,5,1,2,5,156.62,Mobile Phone,Married,0,0,0,new_high_risk,1,0,0-3 months,recent_new_customer,1,0,0,0-7 days,high_risk_tech,1,0,0,stable_low_risk,0,1,0,medium_value,156.62,0,0,2,0
1,22.0,1,5,1,7,156.61,Laptop & Accessory,Single,0,0,0,new_high_risk,1,0,0-3 months,recent_new_customer,1,0,0,0-7 days,low_risk_electronics,0,0,0,unstable_high_risk,1,0,0,medium_value,156.61,0,0,2,0
1,22.0,2,5,1,7,156.61,Laptop & Accessory,Single,0,0,0,new_high_risk,1,0,0-3 months,recent_new_customer,1,0,0,0-7 days,low_risk_electronics,0,0,0,unstable_high_risk,1,0,0,medium_value,156.61,0,0,2,0
1,12.0,4,1,3,3,156.17,Mobile Phone,Single,0,0,0,new_high_risk,1,0,0-3 months,recent_new_customer,1,0,0,0-7 days,high_risk_tech,1,0,0,unstable_high_risk,1,0,0,medium_value,156.17,0,0,3,0
1,10.0,4,5,2,5,156.02,Mobile Phone,Single,0,0,0,new_high_risk,1,0,0-3 months,recent_new_customer,1,0,0,0-7 days,high_risk_tech,1,0,0,unstable_high_risk,1,0,0,medium_value,156.02,0,0,3,1
1,24.0,4,4,2,2,155.58,Mobile Phone,Divorced,1,0,0,new_high_risk,1,0,0-3 months,recent_new_customer,1,0,0,0-7 days,high_risk_tech,1,0,0,moderate_risk,0,0,1,medium_value,155.58,0,0,3,0
1,24.0,4,4,2,2,155.58,Mobile Phone,Married,1,0,0,new_high_risk,1,0,0-3 months,recent_new_customer,1,0,0,0-7 days,high_risk_tech,1,0,0,stable_low_risk,0,1,0,medium_value,155.58,0,0,3,0
1,9.0,4,5,2,3,155.41,Mobile Phone,Married,0,0,0,new_high_risk,1,0,0-3 months,recent_new_customer,1,0,0,0-7 days,high_risk_tech,1,0,0,stable_low_risk,0,1,0,medium_value,155.41,0,0,2,1
1,10.0,5,3,3,3,155.33,Mobile Phone,Single,0,0,0,new_high_risk,1,0,0-3 months,recent_new_customer,1,0,0,0-7 days,high_risk_tech,1,0,0,unstable_high_risk,1,0,0,medium_value,155.33,0,0,3,0
1,6.0,5,3,3,3,155.33,Mobile Phone,Single,0,0,0,new_high_risk,1,0,0-3 months,recent_new_customer,1,0,0,0-7 days,high_risk_tech,1,0,0,unstable_high_risk,1,0,0,medium_value,155.33,0,0,3,0
1,32.0,2,1,3,2,154.94,Mobile Phone,Single,1,0,0,new_high_risk,1,0,0-3 months,recent_new_customer,1,0,0,0-7 days,high_risk_tech,1,0,0,unstable_high_risk,1,0,0,medium_value,154.94,0,0,4,0
1,32.0,2,2,3,2,154.94,Mobile Phone,Single,1,0,0,new_high_risk,1,0,0-3 months,recent_new_customer,1,0,0,0-7 days,high_risk_tech,1,0,0,unstable_high_risk,1,0,0,medium_value,154.94,0,0,4,0
1,11.0,4,5,3,1,154.73,Mobile Phone,Single,0,0,0,new_high_risk,1,0,0-3 months,recent_new_customer,1,0,0,0-7 days,high_risk_tech,1,0,0,unstable_high_risk,1,0,0,medium_value,154.73,0,0,3,1
1,12.0,5,3,2,1,154.66,Mobile Phone,Single,0,0,0,new_high_risk,1,0,0-3 months,recent_new_customer,1,0,0,0-7 days,high_risk_tech,1,0,0,unstable_high_risk,1,0,0,medium_value,154.66,0,0,3,0
1,13.0,4,5,4,4,154.6,Mobile Phone,Single,0,0,0,new_high_risk,1,0,0-3 months,recent_new_customer,1,0,0,0-7 days,high_risk_tech,1,0,0,unstable_high_risk,1,0,0,medium_value,154.6,0,0,3,1
1,25.0,2,5,2,1,154.56,Mobile Phone,Married,0,0,0,new_high_risk,1,0,0-3 months,recent_new_customer,1,0,0,0-7 days,high_risk_tech,1,0,0,stable_low_risk,0,1,0,medium_value,154.56,0,0,2,1
1,32.0,4,3,3,8,154.42,Mobile Phone,Married,0,0,0,new_high_risk,1,0,0-3 months,active_low_risk,0,0,1,8-14 days,high_risk_tech,1,0,0,stable_low_risk,0,1,0,medium_value,154.42,0,0,2,0
1,23.0,2,1,3,1,154.35,Mobile Phone,Married,1,0,0,new_high_risk,1,0,0-3 months,recent_new_customer,1,0,0,0-7 days,high_risk_tech,1,0,0,stable_low_risk,0,1,0,medium_value,154.35,0,0,3,0
1,8.0,5,3,3,1,154.33,Mobile Phone,Married,1,0,0,new_high_risk,1,0,0-3 months,recent_new_customer,1,0,0,0-7 days,high_risk_tech,1,0,0,stable_low_risk,0,1,0,medium_value,154.33,0,0,3,0
1,7.0,5,3,3,1,154.33,Mobile Phone,Married,1,0,0,new_high_risk,1,0,0-3 months,recent_new_customer,1,0,0,0-7 days,high_risk_tech,1,0,0,stable_low_risk,0,1,0,medium_value,154.33,0,0,3,0
1,13.0,5,1,3,1,154.26,Mobile Phone,Single,1,0,0,new_high_risk,1,0,0-3 months,recent_new_customer,1,0,0,0-7 days,high_risk_tech,1,0,0,unstable_high_risk,1,0,0,medium_value,154.26,0,0,4,1
1,8.0,4,3,5,3,154.09,Mobile Phone,Married,0,0,0,new_high_risk,1,0,0-3 months,recent_new_customer,1,0,0,0-7 days,high_risk_tech,1,0,0,stable_low_risk,0,1,0,medium_value,154.09,0,0,2,1
1,7.0,4,3,5,3,154.09,Mobile Phone,Divorced,0,0,0,new_high_risk,1,0,0-3 months,recent_new_customer,1,0,0,0-7 days,high_risk_tech,1,0,0,moderate_risk,0,0,1,medium_value,154.09,0,0,2,1
1,33.0,4,1,3,3,154.04,Mobile Phone,Married,0,0,0,new_high_risk,1,0,0-3 months,recent_new_customer,1,0,0,0-7 days,high_risk_tech,1,0,0,stable_low_risk,0,1,0,medium_value,154.04,0,0,2,0
1,14.0,5,1,3,2,153.89,Mobile Phone,Married,0,0,0,new_high_risk,1,0,0-3 months,recent_new_customer,1,0,0,0-7 days,high_risk_tech,1,0,0,stable_low_risk,0,1,0,medium_value,153.89,0,0,2,0
1,14.0,4,3,3,3,153.86,Mobile Phone,Divorced,1,0,0,new_high_risk,1,0,0-3 months,recent_new_customer,1,0,0,0-7 days,high_risk_tech,1,0,0,moderate_risk,0,0,1,medium_value,153.86,0,0,3,1
1,11.0,4,1,3,3,153.75,Mobile Phone,Single,1,0,0,new_high_risk,1,0,0-3 months,recent_new_customer,1,0,0,0-7 days,high_risk_tech,1,0,0,unstable_high_risk,1,0,0,medium_value,153.75,0,0,4,0
1,11.0,4,2,3,3,153.75,Mobile Phone,Single,1,0,0,new_high_risk,1,0,0-3 months,recent_new_customer,1,0,0,0-7 days,high_risk_tech,1,0,0,unstable_high_risk,1,0,0,medium_value,153.75,0,0,4,0
1,22.0,4,1,3,1,153.71,Mobile Phone,Single,0,0,0,new_high_risk,1,0,0-3 months,recent_new_customer,1,0,0,0-7 days,high_risk_tech,1,0,0,unstable_high_risk,1,0,0,medium_value,153.71,0,0,3,0
1,8.0,4,5,2,7,153.67,Mobile Phone,Single,0,0,0,new_high_risk,1,0,0-3 months,recent_new_customer,1,0,0,0-7 days,high_risk_tech,1,0,0,unstable_high_risk,1,0,0,medium_value,153.67,0,0,3,0
1,29.0,5,4,3,1,153.63,Mobile Phone,Married,0,0,0,new_high_risk,1,0,0-3 months,recent_new_customer,1,0,0,0-7 days,high_risk_tech,1,0,0,stable_low_risk,0,1,0,medium_value,153.63,0,0,2,1
1,12.0,4,3,3,1,153.51,Mobile Phone,Single,1,0,0,new_high_risk,1,0,0-3 months,recent_new_customer,1,0,0,0-7 days,high_risk_tech,1,0,0,unstable_high_risk,1,0,0,medium_value,153.51,0,0,4,1
1,7.0,5,4,3,1,153.36,Mobile Phone,Single,0,0,0,new_high_risk,1,0,0-3 months,recent_new_customer,1,0,0,0-7 days,high_risk_tech,1,0,0,unstable_high_risk,1,0,0,medium_value,153.36,0,0,3,0
1,11.0,2,5,4,3,153.19,Mobile Phone,Married,0,0,0,new_high_risk,1,0,0-3 months,recent_new_customer,1,0,0,0-7 days,high_risk_tech,1,0,0,stable_low_risk,0,1,0,medium_value,153.19,0,0,2,0
1,11.0,3,5,4,3,153.19,Mobile Phone,Divorced,0,0,0,new_high_risk,1,0,0-3 months,recent_new_customer,1,0,0,0-7 days,high_risk_tech,1,0,0,moderate_risk,0,0,1,medium_value,153.19,0,0,2,0
1,33.0,5,3,3,4,153.14,Mobile Phone,Married,1,0,0,new_high_risk,1,0,0-3 months,recent_new_customer,1,0,0,0-7 days,high_risk_tech,1,0,0,stable_low_risk,0,1,0,medium_value,153.14,0,0,3,0
1,23.0,4,4,11,3,153.11,Mobile Phone,Married,0,0,0,new_high_risk,1,0,0-3 months,recent_new_customer,1,0,0,0-7 days,high_risk_tech,1,0,0,stable_low_risk,0,1,0,medium_value,153.11,0,0,2,0
1,7.0,5,3,8,3,153.0,Mobile Phone,Married,1,0,0,new_high_risk,1,0,0-3 months,recent_new_customer,1,0,0,0-7 days,high_risk_tech,1,0,0,stable_low_risk,0,1,0,medium_value,153.0,0,0,3,1
1,32.0,4,2,3,2,152.95,Mobile Phone,Single,1,0,0,new_high_risk,1,0,0-3 months,recent_new_customer,1,0,0,0-7 days,high_risk_tech,1,0,0,unstable_high_risk,1,0,0,medium_value,152.95,0,0,4,1
1,9.0,5,2,9,1,152.85,Mobile Phone,Single,0,0,0,new_high_risk,1,0,0-3 months,recent_new_customer,1,0,0,0-7 days,high_risk_tech,1,0,0,unstable_high_risk,1,0,0,medium_value,152.85,0,0,3,1
1,9.0,4,3,3,3,152.83,Mobile Phone,Single,0,0,0,new_high_risk,1,0,0-3 months,recent_new_customer,1,0,0,0-7 days,high_risk_tech,1,0,0,unstable_high_risk,1,0,0,medium_value,152.83,0,0,3,0
1,25.0,4,3,2,3,152.74,Mobile Phone,Married,0,0,0,new_high_risk,1,0,0-3 months,recent_new_customer,1,0,0,0-7 days,high_risk_tech,1,0,0,stable_low_risk,0,1,0,medium_value,152.74,0,0,2,0
1,16.0,6,4,3,3,152.6,Mobile Phone,Single,0,0,0,new_high_risk,1,0,0-3 months,recent_new_customer,1,0,0,0-7 days,high_risk_tech,1,0,0,unstable_high_risk,1,0,0,medium_value,152.6,0,0,3,1
1,15.0,3,1,2,7,152.53,Laptop & Accessory,Single,0,0,0,new_high_risk,1,0,0-3 months,recent_new_customer,1,0,0,0-7 days,low_risk_electronics,0,0,0,unstable_high_risk,1,0,0,medium_value,152.53,0,0,2,0
1,15.0,3,2,2,7,152.53,Laptop & Accessory,Single,0,0,0,new_high_risk,1,0,0-3 months,recent_new_customer,1,0,0,0-7 days,low_risk_electronics,0,0,0,unstable_high_risk,1,0,0,medium_value,152.53,0,0,2,0
1,16.0,4,3,3,3,152.42,Mobile Phone,Married,0,0,0,new_high_risk,1,0,0-3 months,recent_new_customer,1,0,0,0-7 days,high_risk_tech,1,0,0,stable_low_risk,0,1,0,medium_value,152.42,0,0,2,1
1,16.0,4,3,3,3,152.42,Mobile Phone,Divorced,0,0,0,new_high_risk,1,0,0-3 months,recent_new_customer,1,0,0,0-7 days,high_risk_tech,1,0,0,moderate_risk,0,0,1,medium_value,152.42,0,0,2,1
1,24.0,4,3,2,1,152.41,Mobile Phone,Married,1,0,0,new_high_risk,1,0,0-3 months,recent_new_customer,1,0,0,0-7 days,high_risk_tech,1,0,0,stable_low_risk,0,1,0,medium_value,152.41,0,0,3,1
1,16.0,4,5,3,3,152.28,Mobile Phone,Single,0,0,0,new_high_risk,1,0,0-3 months,recent_new_customer,1,0,0,0-7 days,high_risk_tech,1,0,0,unstable_high_risk,1,0,0,medium_value,152.28,0,0,3,0
1,30.0,2,1,3,5,152.25,Mobile Phone,Married,1,0,0,new_high_risk,1,0,0-3 months,recent_new_customer,1,0,0,0-7 days,high_risk_tech,1,0,0,stable_low_risk,0,1,0,medium_value,152.25,0,0,3,0
1,19.0,3,4,3,1,152.16,Mobile Phone,Single,0,0,0,new_high_risk,1,0,0-3 months,recent_new_customer,1,0,0,0-7 days,high_risk_tech,1,0,0,unstable_high_risk,1,0,0,medium_value,152.16,0,0,3,1
1,9.0,4,5,9,8,152.07,Mobile Phone,Married,0,0,0,new_high_risk,1,0,0-3 months,active_low_risk,0,0,1,8-14 days,high_risk_tech,1,0,0,stable_low_risk,0,1,0,medium_value,152.07,0,0,2,1
1,9.0,4,5,9,8,152.07,Mobile Phone,Divorced,0,0,0,new_high_risk,1,0,0-3 months,active_low_risk,0,0,1,8-14 days,high_risk_tech,1,0,0,moderate_risk,0,0,1,medium_value,152.07,0,0,2,1
1,16.0,5,4,3,1,151.94,Mobile Phone,Married,0,0,0,new_high_risk,1,0,0-3 months,recent_new_customer,1,0,0,0-7 days,high_risk_tech,1,0,0,stable_low_risk,0,1,0,medium_value,151.94,0,0,2,0
1,25.0,4,2,3,1,151.93,Mobile Phone,Single,0,0,0,new_high_risk,1,0,0-3 months,recent_new_customer,1,0,0,0-7 days,high_risk_tech,1,0,0,unstable_high_risk,1,0,0,medium_value,151.93,0,0,3,1
1,7.0,4,2,3,9,151.86,Mobile Phone,Single,1,0,0,new_high_risk,1,0,0-3 months,active_low_risk,0,0,1,8-14 days,high_risk_tech,1,0,0,unstable_high_risk,1,0,0,medium_value,151.86,0,0,4,1
1,7.0,4,1,3,9,151.86,Mobile Phone,Single,1,0,0,new_high_risk,1,0,0-3 months,active_low_risk,0,0,1,8-14 days,high_risk_tech,1,0,0,unstable_high_risk,1,0,0,medium_value,151.86,0,0,4,1
1,14.0,4,4,3,1,151.79,Mobile Phone,Single,0,0,0,new_high_risk,1,0,0-3 months,recent_new_customer,1,0,0,0-7 days,high_risk_tech,1,0,0,unstable_high_risk,1,0,0,medium_value,151.79,0,0,3,1
1,28.0,2,1,3,3,151.78,Mobile Phone,Single,0,0,0,new_high_risk,1,0,0-3 months,recent_new_customer,1,0,0,0-7 days,high_risk_tech,1,0,0,unstable_high_risk,1,0,0,medium_value,151.78,0,0,3,0
1,28.0,2,2,3,3,151.78,Mobile Phone,Single,0,0,0,new_high_risk,1,0,0-3 months,recent_new_customer,1,0,0,0-7 days,high_risk_tech,1,0,0,unstable_high_risk,1,0,0,medium_value,151.78,0,0,3,0
1,13.0,4,2,3,3,151.59,Mobile Phone,Divorced,1,0,0,new_high_risk,1,0,0-3 months,recent_new_customer,1,0,0,0-7 days,high_risk_tech,1,0,0,moderate_risk,0,0,1,medium_value,151.59,0,0,3,0
1,10.0,4,5,7,5,151.57,Mobile Phone,Single,1,0,0,new_high_risk,1,0,0-3 months,recent_new_customer,1,0,0,0-7 days,high_risk_tech,1,0,0,unstable_high_risk,1,0,0,medium_value,151.57,0,0,4,1
1,19.0,4,1,3,5,151.47,Mobile Phone,Single,0,0,0,new_high_risk,1,0,0-3 months,recent_new_customer,1,0,0,0-7 days,high_risk_tech,1,0,0,unstable_high_risk,1,0,0,medium_value,151.47,0,0,3,0
1,17.0,5,3,3,3,151.25,Mobile Phone,Single,0,0,0,new_high_risk,1,0,0-3 months,recent_new_customer,1,0,0,0-7 days,high_risk_tech,1,0,0,unstable_high_risk,1,0,0,medium_value,151.25,0,0,3,1
1,16.0,4,1,3,3,151.1,Mobile Phone,Single,0,0,0,new_high_risk,1,0,0-3 months,recent_new_customer,1,0,0,0-7 days,high_risk_tech,1,0,0,unstable_high_risk,1,0,0,medium_value,151.1,0,0,3,0
1,22.0,4,3,3,3,151.1,Mobile Phone,Married,0,0,0,new_high_risk,1,0,0-3 months,recent_new_customer,1,0,0,0-7 days,high_risk_tech,1,0,0,stable_low_risk,0,1,0,medium_value,151.1,0,0,2,1
1,16.0,4,2,3,3,151.1,Mobile Phone,Single,0,0,0,new_high_risk,1,0,0-3 months,recent_new_customer,1,0,0,0-7 days,high_risk_tech,1,0,0,unstable_high_risk,1,0,0,medium_value,151.1,0,0,3,0
1,22.0,4,3,3,3,151.1,Mobile Phone,Divorced,0,0,0,new_high_risk,1,0,0-3 months,recent_new_customer,1,0,0,0-7 days,high_risk_tech,1,0,0,moderate_risk,0,0,1,medium_value,151.1,0,0,2,1
1,18.0,5,5,3,1,151.0,Mobile Phone,Single,1,0,0,new_high_risk,1,0,0-3 months,recent_new_customer,1,0,0,0-7 days,high_risk_tech,1,0,0,unstable_high_risk,1,0,0,medium_value,151.0,0,0,4,1
1,5.0,5,4,3,1,150.96,Mobile Phone,Married,0,0,0,new_high_risk,1,0,0-3 months,recent_new_customer,1,0,0,0-7 days,high_risk_tech,1,0,0,stable_low_risk,0,1,0,medium_value,150.96,0,0,2,1
1,9.0,4,1,4,3,150.8,Mobile Phone,Single,0,0,0,new_high_risk,1,0,0-3 months,recent_new_customer,1,0,0,0-7 days,high_risk_tech,1,0,0,unstable_high_risk,1,0,0,medium_value,150.8,0,0,3,0
1,14.0,4,1,3,8,150.7,Mobile Phone,Single,0,0,0,new_high_risk,1,0,0-3 months,active_low_risk,0,0,1,8-14 days,high_risk_tech,1,0,0,unstable_high_risk,1,0,0,medium_value,150.7,0,0,3,0
1,10.0,5,3,3,2,150.66,Mobile Phone,Married,1,0,0,new_high_risk,1,0,0-3 months,recent_new_customer,1,0,0,0-7 days,high_risk_tech,1,0,0,stable_low_risk,0,1,0,medium_value,150.66,0,0,3,0
1,9.0,5,2,3,1,150.64,Mobile Phone,Single,0,0,0,new_high_risk,1,0,0-3 months,recent_new_customer,1,0,0,0-7 days,high_risk_tech,1,0,0,unstable_high_risk,1,0,0,medium_value,150.64,0,0,3,1
1,9.0,5,1,3,1,150.64,Mobile Phone,Single,0,0,0,new_high_risk,1,0,0-3 months,recent_new_customer,1,0,0,0-7 days,high_risk_tech,1,0,0,unstable_high_risk,1,0,0,medium_value,150.64,0,0,3,1
1,16.0,4,5,3,1,150.52,Mobile Phone,Single,0,0,0,new_high_risk,1,0,0-3 months,recent_new_customer,1,0,0,0-7 days,high_risk_tech,1,0,0,unstable_high_risk,1,0,0,medium_value,150.52,0,0,3,0
1,32.0,5,4,7,2,150.46,Mobile Phone,Divorced,0,0,0,new_high_risk,1,0,0-3 months,recent_new_customer,1,0,0,0-7 days,high_risk_tech,1,0,0,moderate_risk,0,0,1,medium_value,150.46,0,0,2,1
1,13.0,2,1,2,8,150.44,Mobile Phone,Married,0,0,0,new_high_risk,1,0,0-3 months,active_low_risk,0,0,1,8-14 days,high_risk_tech,1,0,0,stable_low_risk,0,1,0,medium_value,150.44,0,0,2,0
1,9.0,4,1,2,2,150.23,Mobile Phone,Married,0,0,0,new_high_risk,1,0,0-3 months,recent_new_customer,1,0,0,0-7 days,high_risk_tech,1,0,0,stable_low_risk,0,1,0,medium_value,150.23,0,0,2,0
1,19.0,4,2,3,1,150.15,Mobile Phone,Divorced,1,0,0,new_high_risk,1,0,0-3 months,recent_new_customer,1,0,0,0-7 days,high_risk_tech,1,0,0,moderate_risk,0,0,1,medium_value,150.15,0,0,3,1
1,16.0,4,5,3,3,150.0,Mobile Phone,Married,0,0,0,new_high_risk,1,0,0-3 months,recent_new_customer,1,0,0,0-7 days,high_risk_tech,1,0,0,stable_low_risk,0,1,0,medium_value,150.0,0,0,2,0
1,16.0,4,5,3,3,150.0,Mobile Phone,Divorced,0,0,0,new_high_risk,1,0,0-3 months,recent_new_customer,1,0,0,0-7 days,high_risk_tech,1,0,0,moderate_risk,0,0,1,medium_value,150.0,0,0,2,0
1,12.0,4,4,3,3,149.78,Mobile Phone,Single,1,0,0,new_high_risk,1,0,0-3 months,recent_new_customer,1,0,0,0-7 days,high_risk_tech,1,0,0,unstable_high_risk,1,0,0,low_value,149.78,0,0,4,0
1,14.0,4,4,3,1,149.72,Mobile Phone,Single,1,0,0,new_high_risk,1,0,0-3 months,recent_new_customer,1,0,0,0-7 days,high_risk_tech,1,0,0,unstable_high_risk,1,0,0,low_value,149.72,0,0,4,1
1,15.0,6,5,3,2,149.51,Mobile Phone,Divorced,0,0,0,new_high_risk,1,0,0-3 months,recent_new_customer,1,0,0,0-7 days,high_risk_tech,1,0,0,moderate_risk,0,0,1,low_value,149.51,0,0,2,0
1,15.0,6,5,3,2,149.51,Mobile Phone,Married,0,0,0,new_high_risk,1,0,0-3 months,recent_new_customer,1,0,0,0-7 days,high_risk_tech,1,0,0,stable_low_risk,0,1,0,low_value,149.51,0,0,2,0
1,21.0,4,2,7,5,149.36,Mobile Phone,Divorced,1,0,0,new_high_risk,1,0,0-3 months,recent_new_customer,1,0,0,0-7 days,high_risk_tech,1,0,0,moderate_risk,0,0,1,low_value,149.36,0,0,3,1
1,21.0,4,1,7,5,149.36,Mobile Phone,Married,1,0,0,new_high_risk,1,0,0-3 months,recent_new_customer,1,0,0,0-7 days,high_risk_tech,1,0,0,stable_low_risk,0,1,0,low_value,149.36,0,0,3,1
1,14.0,4,2,2,4,149.36,Mobile Phone,Married,0,0,0,new_high_risk,1,0,0-3 months,recent_new_customer,1,0,0,0-7 days,high_risk_tech,1,0,0,stable_low_risk,0,1,0,low_value,149.36,0,0,2,0
1,12.0,2,3,5,4,149.32,Mobile Phone,Single,1,0,0,new_high_risk,1,0,0-3 months,recent_new_customer,1,0,0,0-7 days,high_risk_tech,1,0,0,unstable_high_risk,1,0,0,low_value,149.32,0,0,4,1
1,12.0,4,4,2,3,149.22,Mobile Phone,Single,0,0,0,new_high_risk,1,0,0-3 months,recent_new_customer,1,0,0,0-7 days,high_risk_tech,1,0,0,unstable_high_risk,1,0,0,low_value,149.22,0,0,3,1
1,26.0,5,4,3,1,149.13,Mobile Phone,Married,1,0,0,new_high_risk,1,0,0-3 months,recent_new_customer,1,0,0,0-7 days,high_risk_tech,1,0,0,stable_low_risk,0,1,0,low_value,149.13,0,0,3,1
1,31.0,4,4,3,1,149.08,Mobile Phone,Married,1,0,0,new_high_risk,1,0,0-3 months,recent_new_customer,1,0,0,0-7 days,high_risk_tech,1,0,0,stable_low_risk,0,1,0,low_value,149.08,0,0,3,1
1,11.0,3,1,2,2,149.08,Laptop & Accessory,Single,0,0,0,new_high_risk,1,0,0-3 months,recent_new_customer,1,0,0,0-7 days,low_risk_electronics,0,0,0,unstable_high_risk,1,0,0,low_value,149.08,0,0,2,0
1,17.0,5,5,8,1,149.04,Mobile Phone,Single,1,0,0,new_high_risk,1,0,0-3 months,recent_new_customer,1,0,0,0-7 days,high_risk_tech,1,0,0,unstable_high_risk,1,0,0,low_value,149.04,0,0,4,1
1,31.0,4,2,2,2,149.0,Mobile Phone,Divorced,0,0,0,new_high_risk,1,0,0-3 months,recent_new_customer,1,0,0,0-7 days,high_risk_tech,1,0,0,moderate_risk,0,0,1,low_value,149.0,0,0,2,0
1,13.0,3,5,1,3,148.98,Laptop & Accessory,Single,0,0,0,new_high_risk,1,0,0-3 months,recent_new_customer,1,0,0,0-7 days,low_risk_electronics,0,0,0,unstable_high_risk,1,0,0,low_value,148.98,0,0,2,0
1,15.0,4,5,3,1,148.98,Mobile Phone,Married,1,0,0,new_high_risk,1,0,0-3 months,recent_new_customer,1,0,0,0-7 days,high_risk_tech,1,0,0,stable_low_risk,0,1,0,low_value,148.98,0,0,3,1
1,24.0,4,3,3,8,148.94,Mobile Phone,Single,1,0,0,new_high_risk,1,0,0-3 months,active_low_risk,0,0,1,8-14 days,high_risk_tech,1,0,0,unstable_high_risk,1,0,0,low_value,148.94,0,0,4,1
1,25.0,5,2,3,2,148.89,Mobile Phone,Single,1,0,0,new_high_risk,1,0,0-3 months,recent_new_customer,1,0,0,0-7 days,high_risk_tech,1,0,0,unstable_high_risk,1,0,0,low_value,148.89,0,0,4,1
1,12.0,4,5,3,3,148.8,Mobile Phone,Single,1,0,0,new_high_risk,1,0,0-3 months,recent_new_customer,1,0,0,0-7 days,high_risk_tech,1,0,0,unstable_high_risk,1,0,0,low_value,148.8,0,0,4,0
1,12.0,4,1,2,3,148.79,Mobile Phone,Single,1,0,0,new_high_risk,1,0,0-3 months,recent_new_customer,1,0,0,0-7 days,high_risk_tech,1,0,0,unstable_high_risk,1,0,0,low_value,148.79,0,0,4,0
1,28.0,4,3,3,1,148.77,Mobile Phone,Married,0,0,0,new_high_risk,1,0,0-3 months,recent_new_customer,1,0,0,0-7 days,high_risk_tech,1,0,0,stable_low_risk,0,1,0,low_value,148.77,0,0,2,1
1,33.0,5,5,1,0,148.77,Laptop & Accessory,Married,0,0,0,new_high_risk,1,0,0-3 months,recent_new_customer,1,0,0,0-7 days,low_risk_electronics,0,0,0,stable_low_risk,0,1,0,low_value,148.77,0,0,1,0
1,23.0,4,4,4,3,148.73,Mobile Phone,Married,1,0,0,new_high_risk,1,0,0-3 months,recent_new_customer,1,0,0,0-7 days,high_risk_tech,1,0,0,stable_low_risk,0,1,0,low_value,148.73,0,0,3,1
1,13.0,5,4,3,4,148.68,Mobile Phone,Married,0,0,0,new_high_risk,1,0,0-3 months,recent_new_customer,1,0,0,0-7 days,high_risk_tech,1,0,0,stable_low_risk,0,1,0,low_value,148.68,0,0,2,0
1,24.0,5,1,7,4,148.67,Mobile Phone,Married,0,0,0,new_high_risk,1,0,0-3 months,recent_new_customer,1,0,0,0-7 days,high_risk_tech,1,0,0,stable_low_risk,0,1,0,low_value,148.67,0,0,2,1
1,12.0,5,3,3,8,148.66,Mobile Phone,Married,1,0,0,new_high_risk,1,0,0-3 months,active_low_risk,0,0,1,8-14 days,high_risk_tech,1,0,0,stable_low_risk,0,1,0,low_value,148.66,0,0,3,1
1,8.0,5,5,8,8,148.62,Mobile Phone,Single,0,0,0,new_high_risk,1,0,0-3 months,active_low_risk,0,0,1,8-14 days,high_risk_tech,1,0,0,unstable_high_risk,1,0,0,low_value,148.62,0,0,3,1
1,7.0,5,5,8,8,148.62,Mobile Phone,Single,0,0,0,new_high_risk,1,0,0-3 months,active_low_risk,0,0,1,8-14 days,high_risk_tech,1,0,0,unstable_high_risk,1,0,0,low_value,148.62,0,0,3,1
1,8.0,3,4,5,4,148.55,Laptop & Accessory,Married,0,0,0,new_high_risk,1,0,0-3 months,recent_new_customer,1,0,0,0-7 days,low_risk_electronics,0,0,0,stable_low_risk,0,1,0,low_value,148.55,0,0,1,1
1,13.0,6,3,2,1,148.51,Mobile Phone,Married,0,0,0,new_high_risk,1,0,0-3 months,recent_new_customer,1,0,0,0-7 days,high_risk_tech,1,0,0,stable_low_risk,0,1,0,low_value,148.51,0,0,2,1
1,9.0,4,5,3,1,148.41,Mobile Phone,Married,0,0,0,new_high_risk,1,0,0-3 months,recent_new_customer,1,0,0,0-7 days,high_risk_tech,1,0,0,stable_low_risk,0,1,0,low_value,148.41,0,0,2,0
1,31.0,6,1,3,1,148.4,Mobile Phone,Single,1,0,0,new_high_risk,1,0,0-3 months,recent_new_customer,1,0,0,0-7 days,high_risk_tech,1,0,0,unstable_high_risk,1,0,0,low_value,148.4,0,0,4,1
1,31.0,6,2,3,1,148.4,Mobile Phone,Single,1,0,0,new_high_risk,1,0,0-3 months,recent_new_customer,1,0,0,0-7 days,high_risk_tech,1,0,0,unstable_high_risk,1,0,0,low_value,148.4,0,0,4,1
1,20.0,5,5,6,1,148.35,Mobile Phone,Married,1,0,0,new_high_risk,1,0,0-3 months,recent_new_customer,1,0,0,0-7 days,high_risk_tech,1,0,0,stable_low_risk,0,1,0,low_value,148.35,0,0,3,1
1,12.0,2,4,3,3,148.28,Mobile Phone,Married,1,0,0,new_high_risk,1,0,0-3 months,recent_new_customer,1,0,0,0-7 days,high_risk_tech,1,0,0,stable_low_risk,0,1,0,low_value,148.28,0,0,3,0
1,12.0,3,4,3,3,148.28,Mobile Phone,Married,1,0,0,new_high_risk,1,0,0-3 months,recent_new_customer,1,0,0,0-7 days,high_risk_tech,1,0,0,stable_low_risk,0,1,0,low_value,148.28,0,0,3,0
1,7.0,6,5,2,1,148.25,Mobile Phone,Single,0,0,0,new_high_risk,1,0,0-3 months,recent_new_customer,1,0,0,0-7 days,high_risk_tech,1,0,0,unstable_high_risk,1,0,0,low_value,148.25,0,0,3,1
1,26.0,4,1,3,3,148.23,Mobile Phone,Married,0,0,0,new_high_risk,1,0,0-3 months,recent_new_customer,1,0,0,0-7 days,high_risk_tech,1,0,0,stable_low_risk,0,1,0,low_value,148.23,0,0,2,0
1,16.0,4,2,3,3,148.23,Mobile Phone,Single,1,0,0,new_high_risk,1,0,0-3 months,recent_new_customer,1,0,0,0-7 days,high_risk_tech,1,0,0,unstable_high_risk,1,0,0,low_value,148.23,0,0,4,1
1,26.0,4,2,3,3,148.23,Mobile Phone,Divorced,0,0,0,new_high_risk,1,0,0-3 months,recent_new_customer,1,0,0,0-7 days,high_risk_tech,1,0,0,moderate_risk,0,0,1,low_value,148.23,0,0,2,0
1,9.0,4,5,5,1,148.22,Mobile Phone,Married,0,0,0,new_high_risk,1,0,0-3 months,recent_new_customer,1,0,0,0-7 days,high_risk_tech,1,0,0,stable_low_risk,0,1,0,low_value,148.22,0,0,2,0
1,16.0,5,5,2,3,148.21,Mobile Phone,Single,1,0,0,new_high_risk,1,0,0-3 months,recent_new_customer,1,0,0,0-7 days,high_risk_tech,1,0,0,unstable_high_risk,1,0,0,low_value,148.21,0,0,4,1
1,7.0,5,5,3,1,148.19,Mobile Phone,Divorced,1,0,0,new_high_risk,1,0,0-3 months,recent_new_customer,1,0,0,0-7 days,high_risk_tech,1,0,0,moderate_risk,0,0,1,low_value,148.19,0,0,3,1
1,11.0,4,3,3,1,148.18,Mobile Phone,Single,0,0,0,new_high_risk,1,0,0-3 months,recent_new_customer,1,0,0,0-7 days,high_risk_tech,1,0,0,unstable_high_risk,1,0,0,low_value,148.18,0,0,3,0
1,32.0,5,4,6,3,148.13,Mobile Phone,Single,1,0,0,new_high_risk,1,0,0-3 months,recent_new_customer,1,0,0,0-7 days,high_risk_tech,1,0,0,unstable_high_risk,1,0,0,low_value,148.13,0,0,4,1
1,23.0,6,5,3,1,148.07,Mobile Phone,Married,1,0,0,new_high_risk,1,0,0-3 months,recent_new_customer,1,0,0,0-7 days,high_risk_tech,1,0,0,stable_low_risk,0,1,0,low_value,148.07,0,0,3,1
1,7.0,4,4,3,3,148.02,Mobile Phone,Single,1,0,0,new_high_risk,1,0,0-3 months,recent_new_customer,1,0,0,0-7 days,high_risk_tech,1,0,0,unstable_high_risk,1,0,0,low_value,148.02,0,0,4,1
1,8.0,4,4,3,3,148.02,Mobile Phone,Single,1,0,0,new_high_risk,1,0,0-3 months,recent_new_customer,1,0,0,0-7 days,high_risk_tech,1,0,0,unstable_high_risk,1,0,0,low_value,148.02,0,0,4,1
1,28.0,5,5,2,1,147.96,Mobile Phone,Married,0,0,0,new_high_risk,1,0,0-3 months,recent_new_customer,1,0,0,0-7 days,high_risk_tech,1,0,0,stable_low_risk,0,1,0,low_value,147.96,0,0,2,0
1,7.0,4,2,4,1,147.93,Mobile Phone,Divorced,1,0,0,new_high_risk,1,0,0-3 months,recent_new_customer,1,0,0,0-7 days,high_risk_tech,1,0,0,moderate_risk,0,0,1,low_value,147.93,0,0,3,1
1,32.0,6,3,3,2,147.93,Mobile Phone,Single,0,0,0,new_high_risk,1,0,0-3 months,recent_new_customer,1,0,0,0-7 days,high_risk_tech,1,0,0,unstable_high_risk,1,0,0,low_value,147.93,0,0,3,1
1,11.0,4,1,11,1,147.85,Mobile Phone,Single,1,0,0,new_high_risk,1,0,0-3 months,recent_new_customer,1,0,0,0-7 days,high_risk_tech,1,0,0,unstable_high_risk,1,0,0,low_value,147.85,0,0,4,1
1,16.0,4,4,3,4,147.79,Mobile Phone,Single,0,0,0,new_high_risk,1,0,0-3 months,recent_new_customer,1,0,0,0-7 days,high_risk_tech,1,0,0,unstable_high_risk,1,0,0,low_value,147.79,0,0,3,0
1,14.0,4,1,3,3,147.75,Mobile Phone,Married,1,0,0,new_high_risk,1,0,0-3 months,recent_new_customer,1,0,0,0-7 days,high_risk_tech,1,0,0,stable_low_risk,0,1,0,low_value,147.75,0,0,3,1
1,27.0,4,3,2,3,147.72,Laptop & Accessory,Single,0,0,0,new_high_risk,1,0,0-3 months,recent_new_customer,1,0,0,0-7 days,low_risk_electronics,0,0,0,unstable_high_risk,1,0,0,low_value,147.72,0,0,2,0
1,18.0,4,4,3,3,147.44,Mobile Phone,Married,0,0,0,new_high_risk,1,0,0-3 months,recent_new_customer,1,0,0,0-7 days,high_risk_tech,1,0,0,stable_low_risk,0,1,0,low_value,147.44,0,0,2,0
1,18.0,4,4,3,3,147.44,Mobile Phone,Divorced,0,0,0,new_high_risk,1,0,0-3 months,recent_new_customer,1,0,0,0-7 days,high_risk_tech,1,0,0,moderate_risk,0,0,1,low_value,147.44,0,0,2,0
1,21.0,4,5,3,9,147.35,Mobile Phone,Divorced,1,0,0,new_high_risk,1,0,0-3 months,active_low_risk,0,0,1,8-14 days,high_risk_tech,1,0,0,moderate_risk,0,0,1,low_value,147.35,0,0,3,0
1,21.0,4,5,3,9,147.35,Mobile Phone,Married,1,0,0,new_high_risk,1,0,0-3 months,active_low_risk,0,0,1,8-14 days,high_risk_tech,1,0,0,stable_low_risk,0,1,0,low_value,147.35,0,0,3,0
1,9.0,4,4,3,3,147.26,Mobile Phone,Married,0,0,0,new_high_risk,1,0,0-3 months,recent_new_customer,1,0,0,0-7 days,high_risk_tech,1,0,0,stable_low_risk,0,1,0,low_value,147.26,0,0,2,0
1,32.0,4,5,2,4,147.24,Laptop & Accessory,Divorced,0,0,0,new_high_risk,1,0,0-3 months,recent_new_customer,1,0,0,0-7 days,low_risk_electronics,0,0,0,moderate_risk,0,0,1,low_value,147.24,0,0,1,0
1,32.0,4,5,2,4,147.24,Laptop & Accessory,Married,0,0,0,new_high_risk,1,0,0-3 months,recent_new_customer,1,0,0,0-7 days,low_risk_electronics,0,0,0,stable_low_risk,0,1,0,low_value,147.24,0,0,1,0
1,7.0,6,4,9,8,147.16,Mobile Phone,Single,1,0,0,new_high_risk,1,0,0-3 months,active_low_risk,0,0,1,8-14 days,high_risk_tech,1,0,0,unstable_high_risk,1,0,0,low_value,147.16,0,0,4,1
1,24.0,4,4,3,1,147.1,Mobile Phone,Married,0,0,0,new_high_risk,1,0,0-3 months,recent_new_customer,1,0,0,0-7 days,high_risk_tech,1,0,0,stable_low_risk,0,1,0,low_value,147.1,0,0,2,1
1,9.0,4,4,6,3,146.87,Mobile Phone,Married,0,0,0,new_high_risk,1,0,0-3 months,recent_new_customer,1,0,0,0-7 days,high_risk_tech,1,0,0,stable_low_risk,0,1,0,low_value,146.87,0,0,2,0
1,15.0,5,1,8,3,146.8,Mobile Phone,Married,0,0,0,new_high_risk,1,0,0-3 months,recent_new_customer,1,0,0,0-7 days,high_risk_tech,1,0,0,stable_low_risk,0,1,0,low_value,146.8,0,0,2,1
1,7.0,5,4,3,3,146.74,Mobile Phone,Single,1,0,0,new_high_risk,1,0,0-3 months,recent_new_customer,1,0,0,0-7 days,high_risk_tech,1,0,0,unstable_high_risk,1,0,0,low_value,146.74,0,0,4,1
1,27.0,4,4,2,5,146.48,Mobile Phone,Married,1,0,0,new_high_risk,1,0,0-3 months,recent_new_customer,1,0,0,0-7 days,high_risk_tech,1,0,0,stable_low_risk,0,1,0,low_value,146.48,0,0,3,1
1,17.0,4,1,2,2,146.45,Mobile Phone,Married,0,0,0,new_high_risk,1,0,0-3 months,recent_new_customer,1,0,0,0-7 days,high_risk_tech,1,0,0,stable_low_risk,0,1,0,low_value,146.45,0,0,2,0
1,29.0,4,3,6,2,146.32,Mobile Phone,Divorced,1,0,0,new_high_risk,1,0,0-3 months,recent_new_customer,1,0,0,0-7 days,high_risk_tech,1,0,0,moderate_risk,0,0,1,low_value,146.32,0,0,3,1
1,29.0,4,3,6,2,146.32,Mobile Phone,Married,1,0,0,new_high_risk,1,0,0-3 months,recent_new_customer,1,0,0,0-7 days,high_risk_tech,1,0,0,stable_low_risk,0,1,0,low_value,146.32,0,0,3,1
1,24.0,5,4,3,1,146.27,Mobile Phone,Married,0,0,0,new_high_risk,1,0,0-3 months,recent_new_customer,1,0,0,0-7 days,high_risk_tech,1,0,0,stable_low_risk,0,1,0,low_value,146.27,0,0,2,0
1,28.0,5,4,3,1,146.21,Mobile Phone,Single,1,0,0,new_high_risk,1,0,0-3 months,recent_new_customer,1,0,0,0-7 days,high_risk_tech,1,0,0,unstable_high_risk,1,0,0,low_value,146.21,0,0,4,1
1,15.0,6,5,3,8,146.19,Mobile Phone,Divorced,1,0,0,new_high_risk,1,0,0-3 months,active_low_risk,0,0,1,8-14 days,high_risk_tech,1,0,0,moderate_risk,0,0,1,low_value,146.19,0,0,3,1
1,15.0,6,5,3,8,146.19,Mobile Phone,Married,1,0,0,new_high_risk,1,0,0-3 months,active_low_risk,0,0,1,8-14 days,high_risk_tech,1,0,0,stable_low_risk,0,1,0,low_value,146.19,0,0,3,1
1,18.0,4,5,2,5,145.99,Mobile Phone,Divorced,0,0,0,new_high_risk,1,0,0-3 months,recent_new_customer,1,0,0,0-7 days,high_risk_tech,1,0,0,moderate_risk,0,0,1,low_value,145.99,0,0,2,0
1,18.0,4,5,2,5,145.99,Mobile Phone,Married,0,0,0,new_high_risk,1,0,0-3 months,recent_new_customer,1,0,0,0-7 days,high_risk_tech,1,0,0,stable_low_risk,0,1,0,low_value,145.99,0,0,2,0
1,20.0,4,3,3,7,145.96,Mobile Phone,Divorced,0,0,0,new_high_risk,1,0,0-3 months,recent_new_customer,1,0,0,0-7 days,high_risk_tech,1,0,0,moderate_risk,0,0,1,low_value,145.96,0,0,2,0
1,7.0,4,4,3,2,145.96,Mobile Phone,Single,0,0,0,new_high_risk,1,0,0-3 months,recent_new_customer,1,0,0,0-7 days,high_risk_tech,1,0,0,unstable_high_risk,1,0,0,low_value,145.96,0,0,3,0
1,9.0,5,3,8,1,145.9,Mobile Phone,Single,1,0,0,new_high_risk,1,0,0-3 months,recent_new_customer,1,0,0,0-7 days,high_risk_tech,1,0,0,unstable_high_risk,1,0,0,low_value,145.9,0,0,4,1
1,9.0,4,5,3,1,145.74,Mobile Phone,Married,1,0,0,new_high_risk,1,0,0-3 months,recent_new_customer,1,0,0,0-7 days,high_risk_tech,1,0,0,stable_low_risk,0,1,0,low_value,145.74,0,0,3,1
1,13.0,4,5,6,3,145.73,Mobile Phone,Married,1,0,0,new_high_risk,1,0,0-3 months,recent_new_customer,1,0,0,0-7 days,high_risk_tech,1,0,0,stable_low_risk,0,1,0,low_value,145.73,0,0,3,1
1,17.0,2,3,4,3,145.73,Mobile Phone,Married,0,0,0,new_high_risk,1,0,0-3 months,recent_new_customer,1,0,0,0-7 days,high_risk_tech,1,0,0,stable_low_risk,0,1,0,low_value,145.73,0,0,2,0
1,7.0,5,4,3,3,145.7,Mobile Phone,Single,1,0,0,new_high_risk,1,0,0-3 months,recent_new_customer,1,0,0,0-7 days,high_risk_tech,1,0,0,unstable_high_risk,1,0,0,low_value,145.7,0,0,4,0
1,10.0,4,1,3,1,145.61,Mobile Phone,Married,0,0,0,new_high_risk,1,0,0-3 months,recent_new_customer,1,0,0,0-7 days,high_risk_tech,1,0,0,stable_low_risk,0,1,0,low_value,145.61,0,0,2,0
1,7.0,4,3,2,6,145.58,Mobile Phone,Single,0,0,0,new_high_risk,1,0,0-3 months,recent_new_customer,1,0,0,0-7 days,high_risk_tech,1,0,0,unstable_high_risk,1,0,0,low_value,145.58,0,0,3,1
1,23.0,3,5,2,8,145.58,Laptop & Accessory,Married,0,0,0,new_high_risk,1,0,0-3 months,active_low_risk,0,0,1,8-14 days,low_risk_electronics,0,0,0,stable_low_risk,0,1,0,low_value,145.58,0,0,1,0
1,10.0,5,1,2,2,145.45,Mobile Phone,Single,0,0,0,new_high_risk,1,0,0-3 months,recent_new_customer,1,0,0,0-7 days,high_risk_tech,1,0,0,unstable_high_risk,1,0,0,low_value,145.45,0,0,3,0
1,9.0,5,3,3,3,145.44,Mobile Phone,Single,0,0,0,new_high_risk,1,0,0-3 months,recent_new_customer,1,0,0,0-7 days,high_risk_tech,1,0,0,unstable_high_risk,1,0,0,low_value,145.44,0,0,3,1
1,9.0,4,5,8,3,145.42,Mobile Phone,Married,1,0,0,new_high_risk,1,0,0-3 months,recent_new_customer,1,0,0,0-7 days,high_risk_tech,1,0,0,stable_low_risk,0,1,0,low_value,145.42,0,0,3,1
1,9.0,4,5,8,3,145.42,Mobile Phone,Divorced,1,0,0,new_high_risk,1,0,0-3 months,recent_new_customer,1,0,0,0-7 days,high_risk_tech,1,0,0,moderate_risk,0,0,1,low_value,145.42,0,0,3,1
1,20.0,4,4,3,1,145.33,Mobile Phone,Divorced,0,0,0,new_high_risk,1,0,0-3 months,recent_new_customer,1,0,0,0-7 days,high_risk_tech,1,0,0,moderate_risk,0,0,1,low_value,145.33,0,0,2,0
1,19.0,5,5,3,1,145.33,Mobile Phone,Married,0,0,0,new_high_risk,1,0,0-3 months,recent_new_customer,1,0,0,0-7 days,high_risk_tech,1,0,0,stable_low_risk,0,1,0,low_value,145.33,0,0,2,1
1,31.0,5,3,7,4,145.28,Mobile Phone,Single,1,0,0,new_high_risk,1,0,0-3 months,recent_new_customer,1,0,0,0-7 days,high_risk_tech,1,0,0,unstable_high_risk,1,0,0,low_value,145.28,0,0,4,1
1,16.0,4,4,8,3,145.24,Mobile Phone,Married,0,0,0,new_high_risk,1,0,0-3 months,recent_new_customer,1,0,0,0-7 days,high_risk_tech,1,0,0,stable_low_risk,0,1,0,low_value,145.24,0,0,2,0
1,7.0,5,3,3,4,145.07,Mobile Phone,Married,0,0,0,new_high_risk,1,0,0-3 months,recent_new_customer,1,0,0,0-7 days,high_risk_tech,1,0,0,stable_low_risk,0,1,0,low_value,145.07,0,0,2,0
1,15.0,4,3,3,1,144.04,Mobile Phone,Single,0,0,0,new_high_risk,1,0,0-3 months,recent_new_customer,1,0,0,0-7 days,high_risk_tech,1,0,0,unstable_high_risk,1,0,0,low_value,144.04,0,0,3,1
1,12.0,4,4,3,1,143.78,Mobile Phone,Single,1,0,0,new_high_risk,1,0,0-3 months,recent_new_customer,1,0,0,0-7 days,high_risk_tech,1,0,0,unstable_high_risk,1,0,0,low_value,143.78,0,0,4,1
1,17.0,5,4,3,1,143.59,Mobile Phone,Single,1,0,0,new_high_risk,1,0,0-3 months,recent_new_customer,1,0,0,0-7 days,high_risk_tech,1,0,0,unstable_high_risk,1,0,0,low_value,143.59,0,0,4,1
1,16.0,4,5,3,1,142.9,Mobile Phone,Married,0,0,0,new_high_risk,1,0,0-3 months,recent_new_customer,1,0,0,0-7 days,high_risk_tech,1,0,0,stable_low_risk,0,1,0,low_value,142.9,0,0,2,1
1,10.0,4,1,3,1,142.06,Mobile Phone,Married,0,0,0,new_high_risk,1,0,0-3 months,recent_new_customer,1,0,0,0-7 days,high_risk_tech,1,0,0,stable_low_risk,0,1,0,low_value,142.06,0,0,2,0
1,29.0,4,3,3,1,141.75,Mobile Phone,Single,1,0,0,new_high_risk,1,0,0-3 months,recent_new_customer,1,0,0,0-7 days,high_risk_tech,1,0,0,unstable_high_risk,1,0,0,low_value,141.75,0,0,4,1
1,8.0,4,1,3,1,141.11,Mobile Phone,Single,0,0,0,new_high_risk,1,0,0-3 months,recent_new_customer,1,0,0,0-7 days,high_risk_tech,1,0,0,unstable_high_risk,1,0,0,low_value,141.11,0,0,3,0
1,7.0,4,2,3,1,141.11,Mobile Phone,Single,0,0,0,new_high_risk,1,0,0-3 months,recent_new_customer,1,0,0,0-7 days,high_risk_tech,1,0,0,unstable_high_risk,1,0,0,low_value,141.11,0,0,3,0
1,13.0,2,5,3,1,141.01,Mobile Phone,Married,1,0,0,new_high_risk,1,0,0-3 months,recent_new_customer,1,0,0,0-7 days,high_risk_tech,1,0,0,stable_low_risk,0,1,0,low_value,141.01,0,0,3,1
1,13.0,2,5,3,1,141.01,Mobile Phone,Divorced,1,0,0,new_high_risk,1,0,0-3 months,recent_new_customer,1,0,0,0-7 days,high_risk_tech,1,0,0,moderate_risk,0,0,1,low_value,141.01,0,0,3,1
1,10.0,4,1,3,1,140.69,Mobile Phone,Single,1,0,0,new_high_risk,1,0,0-3 months,recent_new_customer,1,0,0,0-7 days,high_risk_tech,1,0,0,unstable_high_risk,1,0,0,low_value,140.69,0,0,4,1
1,29.0,6,3,3,1,140.55,Mobile Phone,Married,0,0,0,new_high_risk,1,0,0-3 months,recent_new_customer,1,0,0,0-7 days,high_risk_tech,1,0,0,stable_low_risk,0,1,0,low_value,140.55,0,0,2,1
1,21.0,4,3,3,1,140.14,Mobile Phone,Single,0,0,0,new_high_risk,1,0,0-3 months,recent_new_customer,1,0,0,0-7 days,high_risk_tech,1,0,0,unstable_high_risk,1,0,0,low_value,140.14,0,0,3,0
1,10.0,4,3,3,1,139.2,Mobile Phone,Single,0,0,0,new_high_risk,1,0,0-3 months,recent_new_customer,1,0,0,0-7 days,high_risk_tech,1,0,0,unstable_high_risk,1,0,0,low_value,139.2,0,0,3,1
1,17.0,5,5,3,1,139.16,Mobile Phone,Single,0,0,0,new_high_risk,1,0,0-3 months,recent_new_customer,1,0,0,0-7 days,high_risk_tech,1,0,0,unstable_high_risk,1,0,0,low_value,139.16,0,0,3,1
1,9.0,4,4,3,1,138.93,Mobile Phone,Single,0,0,0,new_high_risk,1,0,0-3 months,recent_new_customer,1,0,0,0-7 days,high_risk_tech,1,0,0,unstable_high_risk,1,0,0,low_value,138.93,0,0,3,1
1,8.0,4,2,2,2,138.67,Mobile Phone,Divorced,1,0,0,new_high_risk,1,0,0-3 months,recent_new_customer,1,0,0,0-7 days,high_risk_tech,1,0,0,moderate_risk,0,0,1,low_value,138.67,0,0,3,0
1,8.0,4,1,2,2,138.67,Mobile Phone,Married,1,0,0,new_high_risk,1,0,0-3 months,recent_new_customer,1,0,0,0-7 days,high_risk_tech,1,0,0,stable_low_risk,0,1,0,low_value,138.67,0,0,3,0
1,7.0,6,3,3,1,138.59,Mobile Phone,Single,0,0,0,new_high_risk,1,0,0-3 months,recent_new_customer,1,0,0,0-7 days,high_risk_tech,1,0,0,unstable_high_risk,1,0,0,low_value,138.59,0,0,3,1
1,8.0,6,3,3,1,138.59,Mobile Phone,Single,0,0,0,new_high_risk,1,0,0-3 months,recent_new_customer,1,0,0,0-7 days,high_risk_tech,1,0,0,unstable_high_risk,1,0,0,low_value,138.59,0,0,3,1
1,15.0,5,4,3,1,137.61,Mobile Phone,Single,0,0,0,new_high_risk,1,0,0-3 months,recent_new_customer,1,0,0,0-7 days,high_risk_tech,1,0,0,unstable_high_risk,1,0,0,low_value,137.61,0,0,3,1
1,22.0,4,1,3,1,137.32,Mobile Phone,Single,0,0,0,new_high_risk,1,0,0-3 months,recent_new_customer,1,0,0,0-7 days,high_risk_tech,1,0,0,unstable_high_risk,1,0,0,low_value,137.32,0,0,3,0
1,8.0,4,3,3,2,137.23,Mobile Phone,Married,0,0,0,new_high_risk,1,0,0-3 months,recent_new_customer,1,0,0,0-7 days,high_risk_tech,1,0,0,stable_low_risk,0,1,0,low_value,137.23,0,0,2,0
1,17.0,5,3,3,1,137.0,Mobile Phone,Single,0,0,0,new_high_risk,1,0,0-3 months,recent_new_customer,1,0,0,0-7 days,high_risk_tech,1,0,0,unstable_high_risk,1,0,0,low_value,137.0,0,0,3,0
1,16.0,3,3,4,7,136.6,Laptop & Accessory,Single,0,0,0,new_high_risk,1,0,0-3 months,recent_new_customer,1,0,0,0-7 days,low_risk_electronics,0,0,0,unstable_high_risk,1,0,0,low_value,136.6,0,0,2,0
1,31.0,6,2,3,1,136.18,Mobile Phone,Single,1,0,0,new_high_risk,1,0,0-3 months,recent_new_customer,1,0,0,0-7 days,high_risk_tech,1,0,0,unstable_high_risk,1,0,0,low_value,136.18,0,0,4,1
1,31.0,6,1,3,1,136.18,Mobile Phone,Single,1,0,0,new_high_risk,1,0,0-3 months,recent_new_customer,1,0,0,0-7 days,high_risk_tech,1,0,0,unstable_high_risk,1,0,0,low_value,136.18,0,0,4,1
1,9.0,5,1,3,1,136.02,Mobile Phone,Single,0,0,0,new_high_risk,1,0,0-3 months,recent_new_customer,1,0,0,0-7 days,high_risk_tech,1,0,0,unstable_high_risk,1,0,0,low_value,136.02,0,0,3,1
1,9.0,5,2,3,1,136.02,Mobile Phone,Single,0,0,0,new_high_risk,1,0,0-3 months,recent_new_customer,1,0,0,0-7 days,high_risk_tech,1,0,0,unstable_high_risk,1,0,0,low_value,136.02,0,0,3,1
1,31.0,2,5,3,1,135.91,Mobile Phone,Single,0,0,0,new_high_risk,1,0,0-3 months,recent_new_customer,1,0,0,0-7 days,high_risk_tech,1,0,0,unstable_high_risk,1,0,0,low_value,135.91,0,0,3,1
1,7.0,3,5,2,2,135.91,Mobile Phone,Married,0,0,0,new_high_risk,1,0,0-3 months,recent_new_customer,1,0,0,0-7 days,high_risk_tech,1,0,0,stable_low_risk,0,1,0,low_value,135.91,0,0,2,0
1,6.0,3,5,2,2,135.91,Mobile Phone,Married,0,0,0,new_high_risk,1,0,0-3 months,recent_new_customer,1,0,0,0-7 days,high_risk_tech,1,0,0,stable_low_risk,0,1,0,low_value,135.91,0,0,2,0
1,16.0,4,1,3,1,135.81,Mobile Phone,Single,0,0,0,new_high_risk,1,0,0-3 months,recent_new_customer,1,0,0,0-7 days,high_risk_tech,1,0,0,unstable_high_risk,1,0,0,low_value,135.81,0,0,3,1
1,12.0,4,2,3,1,135.51,Mobile,Single,0,0,0,new_high_risk,1,0,0-3 months,recent_new_customer,1,0,0,0-7 days,high_risk_tech,1,0,0,unstable_high_risk,1,0,0,low_value,135.51,0,0,3,0
1,17.0,4,3,3,2,135.09,Mobile,Single,1,0,0,new_high_risk,1,0,0-3 months,recent_new_customer,1,0,0,0-7 days,high_risk_tech,1,0,0,unstable_high_risk,1,0,0,low_value,135.09,0,0,4,1
1,14.0,3,2,2,2,133.1,Mobile,Single,0,0,0,new_high_risk,1,0,0-3 months,recent_new_customer,1,0,0,0-7 days,high_risk_tech,1,0,0,unstable_high_risk,1,0,0,low_value,133.1,0,0,3,0
1,14.0,3,1,2,2,133.1,Mobile,Single,0,0,0,new_high_risk,1,0,0-3 months,recent_new_customer,1,0,0,0-7 days,high_risk_tech,1,0,0,unstable_high_risk,1,0,0,low_value,133.1,0,0,3,0
1,8.0,4,4,1,4,132.01,Mobile,Divorced,0,0,0,new_high_risk,1,0,0-3 months,recent_new_customer,1,0,0,0-7 days,high_risk_tech,1,0,0,moderate_risk,0,0,1,low_value,132.01,0,0,2,0
1,25.0,4,5,2,3,131.96,Mobile,Divorced,0,0,0,new_high_risk,1,0,0-3 months,recent_new_customer,1,0,0,0-7 days,high_risk_tech,1,0,0,moderate_risk,0,0,1,low_value,131.96,0,0,2,0
1,25.0,4,5,2,3,131.96,Mobile,Married,0,0,0,new_high_risk,1,0,0-3 months,recent_new_customer,1,0,0,0-7 days,high_risk_tech,1,0,0,stable_low_risk,0,1,0,low_value,131.96,0,0,2,0
1,9.0,3,4,2,0,128.56,Mobile,Married,0,0,0,new_high_risk,1,0,0-3 months,recent_new_customer,1,0,0,0-7 days,high_risk_tech,1,0,0,stable_low_risk,0,1,0,low_value,128.56,0,0,2,0
1,27.0,3,2,2,2,127.13,Mobile,Divorced,0,0,0,new_high_risk,1,0,0-3 months,recent_new_customer,1,0,0,0-7 days,high_risk_tech,1,0,0,moderate_risk,0,0,1,low_value,127.13,0,0,2,0
1,6.0,3,1,2,2,127.06,Mobile,Married,0,0,0,new_high_risk,1,0,0-3 months,recent_new_customer,1,0,0,0-7 days,high_risk_tech,1,0,0,stable_low_risk,0,1,0,low_value,127.06,0,0,2,0
1,7.0,3,1,2,2,127.06,Mobile,Married,0,0,0,new_high_risk,1,0,0-3 months,recent_new_customer,1,0,0,0-7 days,high_risk_tech,1,0,0,stable_low_risk,0,1,0,low_value,127.06,0,0,2,0
1,16.0,3,4,2,0,110.52,Mobile Phone,Married,0,0,0,new_high_risk,1,0,0-3 months,recent_new_customer,1,0,0,0-7 days,high_risk_tech,1,0,0,stable_low_risk,0,1,0,low_value,110.52,0,0,2,0
1,13.0,4,1,3,3,81.0,Mobile Phone,Married,1,0,0,new_high_risk,1,0,0-3 months,recent_new_customer,1,0,0,0-7 days,high_risk_tech,1,0,0,stable_low_risk,0,1,0,low_value,81.0,0,1,3,0
1,33.0,5,5,1,0,0.0,Laptop & Accessory,Married,0,0,0,new_high_risk,1,0,0-3 months,recent_new_customer,1,0,0,0-7 days,low_risk_electronics,0,0,0,stable_low_risk,0,1,0,minimal_value,0.0,0,1,1,0
0,11.0,3,3,7,0,283.03,Others,Married,0,0,0,new_high_risk,1,0,0-3 months,recent_new_customer,1,0,0,0-7 days,low_risk_other,0,0,0,stable_low_risk,0,1,0,medium_value,283.03,0,0,1,0
0,16.0,3,5,2,10,270.68,Grocery,Married,1,0,0,new_high_risk,1,0,0-3 months,active_low_risk,0,0,1,8-14 days,lowest_risk_grocery,0,1,0,stable_low_risk,0,1,0,medium_value,270.68,0,0,2,0
0,21.0,3,3,8,7,236.1,Fashion,Married,1,0,0,new_high_risk,1,0,0-3 months,recent_new_customer,1,0,0,0-7 days,moderate_risk_fashion,0,0,1,stable_low_risk,0,1,0,medium_value,236.1,0,0,2,1
0,21.0,3,3,8,7,236.1,Fashion,Divorced,1,0,0,new_high_risk,1,0,0-3 months,recent_new_customer,1,0,0,0-7 days,moderate_risk_fashion,0,0,1,moderate_risk,0,0,1,medium_value,236.1,0,0,2,1
0,11.0,4,2,2,47,228.08,Fashion,Married,1,1,0,new_high_risk,1,0,0-3 months,dormant_high_risk,0,1,0,31+ days,moderate_risk_fashion,0,0,1,stable_low_risk,0,1,0,medium_value,228.08,0,0,3,0
0,11.0,4,1,2,47,228.08,Fashion,Married,1,1,0,new_high_risk,1,0,0-3 months,dormant_high_risk,0,1,0,31+ days,moderate_risk_fashion,0,0,1,stable_low_risk,0,1,0,medium_value,228.08,0,0,3,0
0,13.0,4,2,10,47,215.57,Fashion,Married,0,1,0,new_high_risk,1,0,0-3 months,dormant_high_risk,0,1,0,31+ days,moderate_risk_fashion,0,0,1,stable_low_risk,0,1,0,medium_value,215.57,0,0,2,0
0,6.0,4,3,6,46,206.09,Fashion,Married,0,0,0,new_high_risk,1,0,0-3 months,dormant_high_risk,0,1,0,31+ days,moderate_risk_fashion,0,0,1,stable_low_risk,0,1,0,medium_value,206.09,0,0,2,1
0,6.0,4,3,6,7,206.09,Fashion,Divorced,0,0,0,new_high_risk,1,0,0-3 months,recent_new_customer,1,0,0,0-7 days,moderate_risk_fashion,0,0,1,moderate_risk,0,0,1,medium_value,206.09,0,0,1,1
0,10.0,5,2,2,8,204.0,Fashion,Divorced,0,0,0,new_high_risk,1,0,0-3 months,active_low_risk,0,0,1,8-14 days,moderate_risk_fashion,0,0,1,moderate_risk,0,0,1,medium_value,204.0,0,0,1,1
0,10.0,5,1,2,8,204.0,Fashion,Married,0,0,0,new_high_risk,1,0,0-3 months,active_low_risk,0,0,1,8-14 days,moderate_risk_fashion,0,0,1,stable_low_risk,0,1,0,medium_value,204.0,0,0,1,1
0,9.0,4,2,2,7,203.25,Fashion,Divorced,1,0,0,new_high_risk,1,0,0-3 months,recent_new_customer,1,0,0,0-7 days,moderate_risk_fashion,0,0,1,moderate_risk,0,0,1,medium_value,203.25,0,0,2,1
0,9.0,4,1,2,7,203.25,Fashion,Married,1,0,0,new_high_risk,1,0,0-3 months,recent_new_customer,1,0,0,0-7 days,moderate_risk_fashion,0,0,1,stable_low_risk,0,1,0,medium_value,203.25,0,0,2,1
0,16.0,4,5,10,0,203.06,Fashion,Married,0,0,0,new_high_risk,1,0,0-3 months,recent_new_customer,1,0,0,0-7 days,moderate_risk_fashion,0,0,1,stable_low_risk,0,1,0,medium_value,203.06,0,0,1,1
0,26.0,3,3,2,7,199.81,Laptop & Accessory,Single,0,0,0,new_high_risk,1,0,0-3 months,recent_new_customer,1,0,0,0-7 days,low_risk_electronics,0,0,0,unstable_high_risk,1,0,0,medium_value,199.81,0,0,2,0
0,29.0,3,5,10,2,199.5,Fashion,Married,1,0,0,new_high_risk,1,0,0-3 months,recent_new_customer,1,0,0,0-7 days,moderate_risk_fashion,0,0,1,stable_low_risk,0,1,0,medium_value,199.5,0,0,2,1
0,8.0,4,4,8,2,199.07,Laptop & Accessory,Single,1,0,0,new_high_risk,1,0,0-3 months,recent_new_customer,1,0,0,0-7 days,low_risk_electronics,0,0,0,unstable_high_risk,1,0,0,medium_value,199.07,0,0,3,1
0,19.0,3,3,4,2,198.54,Laptop & Accessory,Single,1,0,0,new_high_risk,1,0,0-3 months,recent_new_customer,1,0,0,0-7 days,low_risk_electronics,0,0,0,unstable_high_risk,1,0,0,medium_value,198.54,0,0,3,1
0,26.0,3,3,4,0,198.24,Fashion,Married,0,0,0,new_high_risk,1,0,0-3 months,recent_new_customer,1,0,0,0-7 days,moderate_risk_fashion,0,0,1,stable_low_risk,0,1,0,medium_value,198.24,0,0,1,1
0,7.0,4,5,2,7,197.14,Laptop & Accessory,Married,0,0,0,new_high_risk,1,0,0-3 months,recent_new_customer,1,0,0,0-7 days,low_risk_electronics,0,0,0,stable_low_risk,0,1,0,medium_value,197.14,0,0,1,1
0,6.0,4,5,2,7,197.14,Laptop & Accessory,Married,0,0,0,new_high_risk,1,0,0-3 months,recent_new_customer,1,0,0,0-7 days,low_risk_electronics,0,0,0,stable_low_risk,0,1,0,medium_value,197.14,0,0,1,1
0,10.0,3,5,1,7,195.82,Fashion,Single,1,0,0,new_high_risk,1,0,0-3 months,recent_new_customer,1,0,0,0-7 days,moderate_risk_fashion,0,0,1,unstable_high_risk,1,0,0,medium_value,195.82,0,0,3,1
0,16.0,3,5,2,7,187.93,Fashion,Married,0,0,0,new_high_risk,1,0,0-3 months,recent_new_customer,1,0,0,0-7 days,moderate_risk_fashion,0,0,1,stable_low_risk,0,1,0,medium_value,187.93,0,0,1,0
0,14.0,3,3,2,7,187.26,Fashion,Single,0,0,0,new_high_risk,1,0,0-3 months,recent_new_customer,1,0,0,0-7 days,moderate_risk_fashion,0,0,1,unstable_high_risk,1,0,0,medium_value,187.26,0,0,2,0
0,30.0,4,5,2,9,187.22,Fashion,Single,0,0,0,new_high_risk,1,0,0-3 months,active_low_risk,0,0,1,8-14 days,moderate_risk_fashion,0,0,1,unstable_high_risk,1,0,0,medium_value,187.22,0,0,2,1
0,34.0,4,3,3,2,186.39,Laptop & Accessory,Married,0,0,0,new_high_risk,1,0,0-3 months,recent_new_customer,1,0,0,0-7 days,low_risk_electronics,0,0,0,stable_low_risk,0,1,0,medium_value,186.39,0,0,1,0
0,22.0,3,5,3,0,185.64,Fashion,Single,1,0,0,new_high_risk,1,0,0-3 months,recent_new_customer,1,0,0,0-7 days,moderate_risk_fashion,0,0,1,unstable_high_risk,1,0,0,medium_value,185.64,0,0,3,1
0,15.0,3,5,4,3,182.24,Laptop & Accessory,Single,1,0,0,new_high_risk,1,0,0-3 months,recent_new_customer,1,0,0,0-7 days,low_risk_electronics,0,0,0,unstable_high_risk,1,0,0,medium_value,182.24,0,0,3,1
0,33.0,3,1,2,9,176.39,Fashion,Married,0,0,0,new_high_risk,1,0,0-3 months,active_low_risk,0,0,1,8-14 days,moderate_risk_fashion,0,0,1,stable_low_risk,0,1,0,medium_value,176.39,0,0,1,1
0,33.0,3,2,2,9,176.39,Fashion,Divorced,0,0,0,new_high_risk,1,0,0-3 months,active_low_risk,0,0,1,8-14 days,moderate_risk_fashion,0,0,1,moderate_risk,0,0,1,medium_value,176.39,0,0,1,1
0,20.0,3,1,1,7,175.53,Fashion,Single,1,0,0,new_high_risk,1,0,0-3 months,recent_new_customer,1,0,0,0-7 days,moderate_risk_fashion,0,0,1,unstable_high_risk,1,0,0,medium_value,175.53,0,0,3,1
0,6.0,1,4,2,7,174.46,Fashion,Single,0,0,0,new_high_risk,1,0,0-3 months,recent_new_customer,1,0,0,0-7 days,moderate_risk_fashion,0,0,1,unstable_high_risk,1,0,0,medium_value,174.46,0,0,2,1
0,29.0,4,5,2,10,173.36,Fashion,Married,0,0,0,new_high_risk,1,0,0-3 months,active_low_risk,0,0,1,8-14 days,moderate_risk_fashion,0,0,1,stable_low_risk,0,1,0,medium_value,173.36,0,0,1,1
0,29.0,4,5,2,10,173.36,Fashion,Divorced,0,0,0,new_high_risk,1,0,0-3 months,active_low_risk,0,0,1,8-14 days,moderate_risk_fashion,0,0,1,moderate_risk,0,0,1,medium_value,173.36,0,0,1,1
0,13.0,4,5,9,7,168.11,Laptop & Accessory,Single,0,0,0,new_high_risk,1,0,0-3 months,recent_new_customer,1,0,0,0-7 days,low_risk_electronics,0,0,0,unstable_high_risk,1,0,0,medium_value,168.11,0,0,2,0
0,6.0,5,4,7,0,167.35,Laptop & Accessory,Single,0,0,0,new_high_risk,1,0,0-3 months,recent_new_customer,1,0,0,0-7 days,low_risk_electronics,0,0,0,unstable_high_risk,1,0,0,medium_value,167.35,0,0,2,1
0,7.0,5,4,7,0,167.35,Laptop & Accessory,Single,0,0,0,new_high_risk,1,0,0-3 months,recent_new_customer,1,0,0,0-7 days,low_risk_electronics,0,0,0,unstable_high_risk,1,0,0,medium_value,167.35,0,0,2,1
0,32.0,4,5,6,1,166.96,Laptop & Accessory,Single,0,0,0,new_high_risk,1,0,0-3 months,recent_new_customer,1,0,0,0-7 days,low_risk_electronics,0,0,0,unstable_high_risk,1,0,0,medium_value,166.96,0,0,2,1
0,8.0,1,3,1,7,165.0,Laptop & Accessory,Single,0,0,0,new_high_risk,1,0,0-3 months,recent_new_customer,1,0,0,0-7 days,low_risk_electronics,0,0,0,unstable_high_risk,1,0,0,medium_value,165.0,0,0,2,0
0,6.0,3,4,2,4,163.97,Laptop & Accessory,Married,0,0,0,new_high_risk,1,0,0-3 months,recent_new_customer,1,0,0,0-7 days,low_risk_electronics,0,0,0,stable_low_risk,0,1,0,medium_value,163.97,0,0,1,0
0,6.0,3,4,1,4,163.49,Laptop & Accessory,Divorced,1,0,0,new_high_risk,1,0,0-3 months,recent_new_customer,1,0,0,0-7 days,low_risk_electronics,0,0,0,moderate_risk,0,0,1,medium_value,163.49,0,0,2,0
0,6.0,3,4,1,4,163.49,Laptop & Accessory,Married,1,0,0,new_high_risk,1,0,0-3 months,recent_new_customer,1,0,0,0-7 days,low_risk_electronics,0,0,0,stable_low_risk,0,1,0,medium_value,163.49,0,0,2,0
0,34.0,3,4,2,4,162.72,Laptop & Accessory,Divorced,0,0,0,new_high_risk,1,0,0-3 months,recent_new_customer,1,0,0,0-7 days,low_risk_electronics,0,0,0,moderate_risk,0,0,1,medium_value,162.72,0,0,1,0
0,34.0,3,4,2,4,162.72,Laptop & Accessory,Married,0,0,0,new_high_risk,1,0,0-3 months,recent_new_customer,1,0,0,0-7 days,low_risk_electronics,0,0,0,stable_low_risk,0,1,0,medium_value,162.72,0,0,1,0
0,24.0,1,3,3,2,162.32,Laptop & Accessory,Married,0,0,0,new_high_risk,1,0,0-3 months,recent_new_customer,1,0,0,0-7 days,low_risk_electronics,0,0,0,stable_low_risk,0,1,0,medium_value,162.32,0,0,1,0
0,24.0,1,3,3,2,162.32,Laptop & Accessory,Divorced,0,0,0,new_high_risk,1,0,0-3 months,recent_new_customer,1,0,0,0-7 days,low_risk_electronics,0,0,0,moderate_risk,0,0,1,medium_value,162.32,0,0,1,0
0,14.0,3,4,2,7,162.14,Laptop & Accessory,Married,0,0,0,new_high_risk,1,0,0-3 months,recent_new_customer,1,0,0,0-7 days,low_risk_electronics,0,0,0,stable_low_risk,0,1,0,medium_value,162.14,0,0,1,0
0,32.0,3,2,2,4,161.8,Laptop & Accessory,Single,0,0,0,new_high_risk,1,0,0-3 months,recent_new_customer,1,0,0,0-7 days,low_risk_electronics,0,0,0,unstable_high_risk,1,0,0,medium_value,161.8,0,0,2,0
0,32.0,3,1,2,4,161.8,Laptop & Accessory,Single,0,0,0,new_high_risk,1,0,0-3 months,recent_new_customer,1,0,0,0-7 days,low_risk_electronics,0,0,0,unstable_high_risk,1,0,0,medium_value,161.8,0,0,2,0
0,28.0,3,3,2,7,161.79,Laptop & Accessory,Married,1,0,0,new_high_risk,1,0,0-3 months,recent_new_customer,1,0,0,0-7 days,low_risk_electronics,0,0,0,stable_low_risk,0,1,0,medium_value,161.79,0,0,2,1
0,28.0,3,3,2,7,161.79,Laptop & Accessory,Divorced,1,0,0,new_high_risk,1,0,0-3 months,recent_new_customer,1,0,0,0-7 days,low_risk_electronics,0,0,0,moderate_risk,0,0,1,medium_value,161.79,0,0,2,1
0,12.0,5,3,5,7,161.72,Laptop & Accessory,Married,1,0,0,new_high_risk,1,0,0-3 months,recent_new_customer,1,0,0,0-7 days,low_risk_electronics,0,0,0,stable_low_risk,0,1,0,medium_value,161.72,0,0,2,1
0,12.0,5,3,5,7,161.72,Laptop & Accessory,Divorced,1,0,0,new_high_risk,1,0,0-3 months,recent_new_customer,1,0,0,0-7 days,low_risk_electronics,0,0,0,moderate_risk,0,0,1,medium_value,161.72,0,0,2,1
0,10.0,1,4,2,3,161.42,Laptop & Accessory,Married,1,0,0,new_high_risk,1,0,0-3 months,recent_new_customer,1,0,0,0-7 days,low_risk_electronics,0,0,0,stable_low_risk,0,1,0,medium_value,161.42,0,0,2,0
0,19.0,4,5,6,2,161.34,Laptop & Accessory,Married,1,0,0,new_high_risk,1,0,0-3 months,recent_new_customer,1,0,0,0-7 days,low_risk_electronics,0,0,0,stable_low_risk,0,1,0,medium_value,161.34,0,0,2,1
0,13.0,5,3,2,6,160.74,Laptop & Accessory,Single,1,0,0,new_high_risk,1,0,0-3 months,recent_new_customer,1,0,0,0-7 days,low_risk_electronics,0,0,0,unstable_high_risk,1,0,0,medium_value,160.74,0,0,3,1
0,29.0,4,3,4,1,159.16,Laptop & Accessory,Married,1,0,0,new_high_risk,1,0,0-3 months,recent_new_customer,1,0,0,0-7 days,low_risk_electronics,0,0,0,stable_low_risk,0,1,0,medium_value,159.16,0,0,2,1
0,29.0,4,3,4,1,159.16,Laptop & Accessory,Divorced,1,0,0,new_high_risk,1,0,0-3 months,recent_new_customer,1,0,0,0-7 days,low_risk_electronics,0,0,0,moderate_risk,0,0,1,medium_value,159.16,0,0,2,1
0,10.0,4,2,2,4,158.28,Laptop & Accessory,Single,1,0,0,new_high_risk,1,0,0-3 months,recent_new_customer,1,0,0,0-7 days,low_risk_electronics,0,0,0,unstable_high_risk,1,0,0,medium_value,158.28,0,0,3,1
0,10.0,4,1,2,4,158.28,Laptop & Accessory,Single,1,0,0,new_high_risk,1,0,0-3 months,recent_new_customer,1,0,0,0-7 days,low_risk_electronics,0,0,0,unstable_high_risk,1,0,0,medium_value,158.28,0,0,3,1
0,33.0,3,1,2,7,158.13,Laptop & Accessory,Single,1,0,0,new_high_risk,1,0,0-3 months,recent_new_customer,1,0,0,0-7 days,low_risk_electronics,0,0,0,unstable_high_risk,1,0,0,medium_value,158.13,0,0,3,1
0,16.0,4,1,2,4,157.69,Laptop & Accessory,Married,1,0,0,new_high_risk,1,0,0-3 months,recent_new_customer,1,0,0,0-7 days,low_risk_electronics,0,0,0,stable_low_risk,0,1,0,medium_value,157.69,0,0,2,0
0,19.0,3,4,6,0,157.65,Laptop & Accessory,Single,0,0,0,new_high_risk,1,0,0-3 months,recent_new_customer,1,0,0,0-7 days,low_risk_electronics,0,0,0,unstable_high_risk,1,0,0,medium_value,157.65,0,0,2,1
0,11.0,4,3,2,3,157.44,Laptop & Accessory,Single,1,0,0,new_high_risk,1,0,0-3 months,recent_new_customer,1,0,0,0-7 days,low_risk_electronics,0,0,0,unstable_high_risk,1,0,0,medium_value,157.44,0,0,3,1
0,21.0,5,1,7,2,154.4,Laptop & Accessory,Married,1,0,0,new_high_risk,1,0,0-3 months,recent_new_customer,1,0,0,0-7 days,low_risk_electronics,0,0,0,stable_low_risk,0,1,0,medium_value,154.4,0,0,2,1
0,14.0,4,5,7,2,153.26,Laptop & Accessory,Single,0,0,0,new_high_risk,1,0,0-3 months,recent_new_customer,1,0,0,0-7 days,low_risk_electronics,0,0,0,unstable_high_risk,1,0,0,medium_value,153.26,0,0,2,1
0,22.0,3,5,6,2,153.24,Laptop & Accessory,Single,0,0,0,new_high_risk,1,0,0-3 months,recent_new_customer,1,0,0,0-7 days,low_risk_electronics,0,0,0,unstable_high_risk,1,0,0,medium_value,153.24,0,0,2,1
0,25.0,1,1,9,4,153.04,Laptop & Accessory,Single,1,0,0,new_high_risk,1,0,0-3 months,recent_new_customer,1,0,0,0-7 days,low_risk_electronics,0,0,0,unstable_high_risk,1,0,0,medium_value,153.04,0,0,3,1
0,6.0,3,3,2,7,152.96,Laptop & Accessory,Divorced,0,0,0,new_high_risk,1,0,0-3 months,recent_new_customer,1,0,0,0-7 days,low_risk_electronics,0,0,0,moderate_risk,0,0,1,medium_value,152.96,0,0,1,0
0,22.0,1,3,4,7,152.94,Laptop & Accessory,Married,0,0,0,new_high_risk,1,0,0-3 months,recent_new_customer,1,0,0,0-7 days,low_risk_electronics,0,0,0,stable_low_risk,0,1,0,medium_value,152.94,0,0,1,0
0,8.0,1,3,2,7,152.06,Laptop & Accessory,Married,0,0,0,new_high_risk,1,0,0-3 months,recent_new_customer,1,0,0,0-7 days,low_risk_electronics,0,0,0,stable_low_risk,0,1,0,medium_value,152.06,0,0,1,0
0,8.0,5,1,4,0,150.71,Laptop & Accessory,Single,0,0,0,new_high_risk,1,0,0-3 months,recent_new_customer,1,0,0,0-7 days,low_risk_electronics,0,0,0,unstable_high_risk,1,0,0,medium_value,150.71,0,0,2,0
0,9.0,3,3,1,2,149.99,Laptop & Accessory,Married,0,0,0,new_high_risk,1,0,0-3 months,recent_new_customer,1,0,0,0-7 days,low_risk_electronics,0,0,0,stable_low_risk,0,1,0,low_value,149.99,0,0,1,0
0,35.0,5,5,9,2,149.69,Laptop & Accessory,Single,0,0,0,new_high_risk,1,0,0-3 months,recent_new_customer,1,0,0,0-7 days,low_risk_electronics,0,0,0,unstable_high_risk,1,0,0,low_value,149.69,0,0,2,1
0,16.0,3,2,1,1,149.5,Laptop & Accessory,Single,0,0,0,new_high_risk,1,0,0-3 months,recent_new_customer,1,0,0,0-7 days,low_risk_electronics,0,0,0,unstable_high_risk,1,0,0,low_value,149.5,0,0,2,0
0,14.0,3,3,1,4,149.07,Laptop & Accessory,Married,1,0,0,new_high_risk,1,0,0-3 months,recent_new_customer,1,0,0,0-7 days,low_risk_electronics,0,0,0,stable_low_risk,0,1,0,low_value,149.07,0,0,2,0
0,6.0,3,3,1,2,148.98,Laptop & Accessory,Married,0,0,0,new_high_risk,1,0,0-3 months,recent_new_customer,1,0,0,0-7 days,low_risk_electronics,0,0,0,stable_low_risk,0,1,0,low_value,148.98,0,0,1,0
0,13.0,3,3,2,1,148.83,Laptop & Accessory,Divorced,0,0,0,new_high_risk,1,0,0-3 months,recent_new_customer,1,0,0,0-7 days,low_risk_electronics,0,0,0,moderate_risk,0,0,1,low_value,148.83,0,0,1,1
0,14.0,1,4,1,2,148.51,Laptop & Accessory,Married,0,0,0,new_high_risk,1,0,0-3 months,recent_new_customer,1,0,0,0-7 days,low_risk_electronics,0,0,0,stable_low_risk,0,1,0,low_value,148.51,0,0,1,0
0,14.0,2,4,1,2,148.51,Laptop & Accessory,Divorced,0,0,0,new_high_risk,1,0,0-3 months,recent_new_customer,1,0,0,0-7 days,low_risk_electronics,0,0,0,moderate_risk,0,0,1,low_value,148.51,0,0,1,0
0,6.0,3,1,10,2,147.87,Mobile Phone,Married,1,0,0,new_high_risk,1,0,0-3 months,recent_new_customer,1,0,0,0-7 days,high_risk_tech,1,0,0,stable_low_risk,0,1,0,low_value,147.87,0,0,3,1
0,7.0,3,1,10,2,147.87,Mobile Phone,Married,1,0,0,new_high_risk,1,0,0-3 months,recent_new_customer,1,0,0,0-7 days,high_risk_tech,1,0,0,stable_low_risk,0,1,0,low_value,147.87,0,0,3,1
0,6.0,4,1,7,2,147.75,Laptop & Accessory,Married,0,0,0,new_high_risk,1,0,0-3 months,recent_new_customer,1,0,0,0-7 days,low_risk_electronics,0,0,0,stable_low_risk,0,1,0,low_value,147.75,0,0,1,0
0,6.0,4,2,7,2,147.75,Laptop & Accessory,Divorced,0,0,0,new_high_risk,1,0,0-3 months,recent_new_customer,1,0,0,0-7 days,low_risk_electronics,0,0,0,moderate_risk,0,0,1,low_value,147.75,0,0,1,0
0,21.0,4,5,1,3,147.74,Mobile Phone,Married,0,0,0,new_high_risk,1,0,0-3 months,recent_new_customer,1,0,0,0-7 days,high_risk_tech,1,0,0,stable_low_risk,0,1,0,low_value,147.74,0,0,2,0
0,17.0,3,5,2,3,147.41,Laptop & Accessory,Married,1,0,0,new_high_risk,1,0,0-3 months,recent_new_customer,1,0,0,0-7 days,low_risk_electronics,0,0,0,stable_low_risk,0,1,0,low_value,147.41,0,0,2,0
0,17.0,2,3,9,2,147.07,Laptop & Accessory,Divorced,0,0,0,new_high_risk,1,0,0-3 months,recent_new_customer,1,0,0,0-7 days,low_risk_electronics,0,0,0,moderate_risk,0,0,1,low_value,147.07,0,0,1,1
0,17.0,1,3,9,2,147.07,Laptop & Accessory,Married,0,0,0,new_high_risk,1,0,0-3 months,recent_new_customer,1,0,0,0-7 days,low_risk_electronics,0,0,0,stable_low_risk,0,1,0,low_value,147.07,0,0,1,1
0,16.0,3,1,2,2,146.84,Laptop & Accessory,Single,0,0,0,new_high_risk,1,0,0-3 months,recent_new_customer,1,0,0,0-7 days,low_risk_electronics,0,0,0,unstable_high_risk,1,0,0,low_value,146.84,0,0,2,0
0,9.0,1,1,2,4,146.47,Laptop & Accessory,Married,1,0,0,new_high_risk,1,0,0-3 months,recent_new_customer,1,0,0,0-7 days,low_risk_electronics,0,0,0,stable_low_risk,0,1,0,low_value,146.47,0,0,2,0
0,7.0,4,3,2,2,146.17,Laptop & Accessory,Single,0,0,0,new_high_risk,1,0,0-3 months,recent_new_customer,1,0,0,0-7 days,low_risk_electronics,0,0,0,unstable_high_risk,1,0,0,low_value,146.17,0,0,2,0
0,24.0,3,3,1,2,146.14,Laptop & Accessory,Married,1,0,0,new_high_risk,1,0,0-3 months,recent_new_customer,1,0,0,0-7 days,low_risk_electronics,0,0,0,stable_low_risk,0,1,0,low_value,146.14,0,0,2,1
0,24.0,3,3,1,2,146.14,Laptop & Accessory,Divorced,1,0,0,new_high_risk,1,0,0-3 months,recent_new_customer,1,0,0,0-7 days,low_risk_electronics,0,0,0,moderate_risk,0,0,1,low_value,146.14,0,0,2,1
0,30.0,4,4,1,10,145.99,Laptop & Accessory,Single,1,0,0,new_high_risk,1,0,0-3 months,active_low_risk,0,0,1,8-14 days,low_risk_electronics,0,0,0,unstable_high_risk,1,0,0,low_value,145.99,0,0,3,1
0,18.0,3,1,4,7,145.81,Laptop & Accessory,Single,1,0,0,new_high_risk,1,0,0-3 months,recent_new_customer,1,0,0,0-7 days,low_risk_electronics,0,0,0,unstable_high_risk,1,0,0,low_value,145.81,0,0,3,1
0,9.0,3,3,10,0,145.77,Laptop & Accessory,Single,0,0,0,new_high_risk,1,0,0-3 months,recent_new_customer,1,0,0,0-7 days,low_risk_electronics,0,0,0,unstable_high_risk,1,0,0,low_value,145.77,0,0,2,1
0,26.0,5,3,4,2,145.59,Laptop & Accessory,Married,1,0,0,new_high_risk,1,0,0-3 months,recent_new_customer,1,0,0,0-7 days,low_risk_electronics,0,0,0,stable_low_risk,0,1,0,low_value,145.59,0,0,2,1
0,26.0,5,3,4,2,145.59,Laptop & Accessory,Divorced,1,0,0,new_high_risk,1,0,0-3 months,recent_new_customer,1,0,0,0-7 days,low_risk_electronics,0,0,0,moderate_risk,0,0,1,low_value,145.59,0,0,2,1
0,35.0,4,3,2,8,145.08,Laptop & Accessory,Single,0,0,0,new_high_risk,1,0,0-3 months,active_low_risk,0,0,1,8-14 days,low_risk_electronics,0,0,0,unstable_high_risk,1,0,0,low_value,145.08,0,0,2,1
0,10.0,4,2,2,3,144.87,Laptop & Accessory,Single,1,0,0,new_high_risk,1,0,0-3 months,recent_new_customer,1,0,0,0-7 days,low_risk_electronics,0,0,0,unstable_high_risk,1,0,0,low_value,144.87,0,0,3,0
0,8.0,3,3,2,4,144.78,Laptop & Accessory,Single,1,0,0,new_high_risk,1,0,0-3 months,recent_new_customer,1,0,0,0-7 days,low_risk_electronics,0,0,0,unstable_high_risk,1,0,0,low_value,144.78,0,0,3,0
0,15.0,1,3,2,4,144.01,Mobile Phone,Married,0,0,0,new_high_risk,1,0,0-3 months,recent_new_customer,1,0,0,0-7 days,high_risk_tech,1,0,0,stable_low_risk,0,1,0,low_value,144.01,0,0,2,0
0,15.0,4,5,4,2,144.0,Mobile Phone,Married,0,0,0,new_high_risk,1,0,0-3 months,recent_new_customer,1,0,0,0-7 days,high_risk_tech,1,0,0,stable_low_risk,0,1,0,low_value,144.0,0,0,2,1
0,8.0,3,3,7,1,143.82,Mobile Phone,Single,0,0,0,new_high_risk,1,0,0-3 months,recent_new_customer,1,0,0,0-7 days,high_risk_tech,1,0,0,unstable_high_risk,1,0,0,low_value,143.82,0,0,3,1
0,23.0,4,3,2,2,143.77,Laptop & Accessory,Married,0,0,0,new_high_risk,1,0,0-3 months,recent_new_customer,1,0,0,0-7 days,low_risk_electronics,0,0,0,stable_low_risk,0,1,0,low_value,143.77,0,0,1,0
0,35.0,3,3,6,0,143.06,Laptop & Accessory,Married,0,0,0,new_high_risk,1,0,0-3 months,recent_new_customer,1,0,0,0-7 days,low_risk_electronics,0,0,0,stable_low_risk,0,1,0,low_value,143.06,0,0,1,0
0,6.0,4,5,6,0,142.98,Laptop & Accessory,Divorced,0,0,0,new_high_risk,1,0,0-3 months,recent_new_customer,1,0,0,0-7 days,low_risk_electronics,0,0,0,moderate_risk,0,0,1,low_value,142.98,0,0,1,0
0,6.0,4,5,2,7,142.94,Laptop & Accessory,Single,0,0,0,new_high_risk,1,0,0-3 months,recent_new_customer,1,0,0,0-7 days,low_risk_electronics,0,0,0,unstable_high_risk,1,0,0,low_value,142.94,0,0,2,0
0,34.0,4,5,4,3,142.84,Laptop & Accessory,Single,0,0,0,new_high_risk,1,0,0-3 months,recent_new_customer,1,0,0,0-7 days,low_risk_electronics,0,0,0,unstable_high_risk,1,0,0,low_value,142.84,0,0,2,1
0,16.0,3,3,2,3,142.6,Laptop & Accessory,Married,1,0,0,new_high_risk,1,0,0-3 months,recent_new_customer,1,0,0,0-7 days,low_risk_electronics,0,0,0,stable_low_risk,0,1,0,low_value,142.6,0,0,2,0
0,10.0,4,5,2,3,142.56,Laptop & Accessory,Married,0,0,0,new_high_risk,1,0,0-3 months,recent_new_customer,1,0,0,0-7 days,low_risk_electronics,0,0,0,stable_low_risk,0,1,0,low_value,142.56,0,0,1,0
0,10.0,4,5,2,3,142.56,Laptop & Accessory,Divorced,0,0,0,new_high_risk,1,0,0-3 months,recent_new_customer,1,0,0,0-7 days,low_risk_electronics,0,0,0,moderate_risk,0,0,1,low_value,142.56,0,0,1,0
0,19.0,3,5,3,2,142.33,Laptop & Accessory,Married,0,0,0,new_high_risk,1,0,0-3 months,recent_new_customer,1,0,0,0-7 days,low_risk_electronics,0,0,0,stable_low_risk,0,1,0,low_value,142.33,0,0,1,1
0,8.0,3,1,1,2,142.27,Laptop & Accessory,Married,0,0,0,new_high_risk,1,0,0-3 months,recent_new_customer,1,0,0,0-7 days,low_risk_electronics,0,0,0,stable_low_risk,0,1,0,low_value,142.27,0,0,1,0
0,8.0,3,2,1,2,142.27,Laptop & Accessory,Divorced,0,0,0,new_high_risk,1,0,0-3 months,recent_new_customer,1,0,0,0-7 days,low_risk_electronics,0,0,0,moderate_risk,0,0,1,low_value,142.27,0,0,1,0
0,16.0,3,5,2,8,142.13,Laptop & Accessory,Single,0,0,0,new_high_risk,1,0,0-3 months,active_low_risk,0,0,1,8-14 days,low_risk_electronics,0,0,0,unstable_high_risk,1,0,0,low_value,142.13,0,0,2,1
0,15.0,3,5,8,4,142.0,Mobile Phone,Single,0,0,0,new_high_risk,1,0,0-3 months,recent_new_customer,1,0,0,0-7 days,high_risk_tech,1,0,0,unstable_high_risk,1,0,0,low_value,142.0,0,0,3,1
0,9.0,3,5,2,3,141.94,Laptop & Accessory,Divorced,1,0,0,new_high_risk,1,0,0-3 months,recent_new_customer,1,0,0,0-7 days,low_risk_electronics,0,0,0,moderate_risk,0,0,1,low_value,141.94,0,0,2,0
0,10.0,3,3,2,3,141.62,Laptop & Accessory,Divorced,1,0,0,new_high_risk,1,0,0-3 months,recent_new_customer,1,0,0,0-7 days,low_risk_electronics,0,0,0,moderate_risk,0,0,1,low_value,141.62,0,0,2,0
0,15.0,3,1,2,7,141.05,Laptop & Accessory,Single,0,0,0,new_high_risk,1,0,0-3 months,recent_new_customer,1,0,0,0-7 days,low_risk_electronics,0,0,0,unstable_high_risk,1,0,0,low_value,141.05,0,0,2,0
0,9.0,3,3,2,7,140.84,Mobile Phone,Single,0,0,0,new_high_risk,1,0,0-3 months,recent_new_customer,1,0,0,0-7 days,high_risk_tech,1,0,0,unstable_high_risk,1,0,0,low_value,140.84,0,0,3,1
0,25.0,4,5,2,7,140.66,Mobile Phone,Married,0,0,0,new_high_risk,1,0,0-3 months,recent_new_customer,1,0,0,0-7 days,high_risk_tech,1,0,0,stable_low_risk,0,1,0,low_value,140.66,0,0,2,0
0,9.0,3,5,6,2,140.31,Mobile Phone,Divorced,0,0,0,new_high_risk,1,0,0-3 months,recent_new_customer,1,0,0,0-7 days,high_risk_tech,1,0,0,moderate_risk,0,0,1,low_value,140.31,0,0,2,1
0,17.0,1,3,1,3,140.11,Laptop & Accessory,Married,0,0,0,new_high_risk,1,0,0-3 months,recent_new_customer,1,0,0,0-7 days,low_risk_electronics,0,0,0,stable_low_risk,0,1,0,low_value,140.11,0,0,1,0
0,11.0,1,5,2,5,140.0,Laptop & Accessory,Married,0,0,0,new_high_risk,1,0,0-3 months,recent_new_customer,1,0,0,0-7 days,low_risk_electronics,0,0,0,stable_low_risk,0,1,0,low_value,140.0,0,0,1,0
0,14.0,4,3,2,2,139.89,Mobile Phone,Single,1,0,0,new_high_risk,1,0,0-3 months,recent_new_customer,1,0,0,0-7 days,high_risk_tech,1,0,0,unstable_high_risk,1,0,0,low_value,139.89,0,0,4,1
0,8.0,3,3,7,2,139.77,Mobile Phone,Married,1,0,0,new_high_risk,1,0,0-3 months,recent_new_customer,1,0,0,0-7 days,high_risk_tech,1,0,0,stable_low_risk,0,1,0,low_value,139.77,0,0,3,0
0,6.0,4,5,2,3,139.55,Mobile Phone,Married,0,0,0,new_high_risk,1,0,0-3 months,recent_new_customer,1,0,0,0-7 days,high_risk_tech,1,0,0,stable_low_risk,0,1,0,low_value,139.55,0,0,2,0
0,6.0,4,5,2,3,139.55,Mobile Phone,Divorced,0,0,0,new_high_risk,1,0,0-3 months,recent_new_customer,1,0,0,0-7 days,high_risk_tech,1,0,0,moderate_risk,0,0,1,low_value,139.55,0,0,2,0
0,22.0,5,5,2,7,139.19,Mobile Phone,Single,1,0,0,new_high_risk,1,0,0-3 months,recent_new_customer,1,0,0,0-7 days,high_risk_tech,1,0,0,unstable_high_risk,1,0,0,low_value,139.19,0,0,4,1
0,35.0,3,5,2,2,139.07,Mobile Phone,Married,0,0,0,new_high_risk,1,0,0-3 months,recent_new_customer,1,0,0,0-7 days,high_risk_tech,1,0,0,stable_low_risk,0,1,0,low_value,139.07,0,0,2,0
0,10.0,4,3,6,2,138.94,Mobile Phone,Single,0,0,0,new_high_risk,1,0,0-3 months,recent_new_customer,1,0,0,0-7 days,high_risk_tech,1,0,0,unstable_high_risk,1,0,0,low_value,138.94,0,0,3,1
0,6.0,3,4,2,4,138.16,Mobile Phone,Married,0,0,0,new_high_risk,1,0,0-3 months,recent_new_customer,1,0,0,0-7 days,high_risk_tech,1,0,0,stable_low_risk,0,1,0,low_value,138.16,0,0,2,0
0,8.0,3,1,2,3,137.6,Mobile Phone,Single,1,0,0,new_high_risk,1,0,0-3 months,recent_new_customer,1,0,0,0-7 days,high_risk_tech,1,0,0,unstable_high_risk,1,0,0,low_value,137.6,0,0,4,0
0,20.0,4,4,2,2,137.43,Mobile Phone,Married,1,0,0,new_high_risk,1,0,0-3 months,recent_new_customer,1,0,0,0-7 days,high_risk_tech,1,0,0,stable_low_risk,0,1,0,low_value,137.43,0,0,3,1
0,6.0,4,3,1,2,137.3,Mobile Phone,Single,1,0,0,new_high_risk,1,0,0-3 months,recent_new_customer,1,0,0,0-7 days,high_risk_tech,1,0,0,unstable_high_risk,1,0,0,low_value,137.3,0,0,4,1
0,8.0,3,1,7,2,137.22,Mobile Phone,Divorced,1,0,0,new_high_risk,1,0,0-3 months,recent_new_customer,1,0,0,0-7 days,high_risk_tech,1,0,0,moderate_risk,0,0,1,low_value,137.22,0,0,3,1
0,10.0,3,2,2,6,136.91,Mobile Phone,Divorced,1,0,0,new_high_risk,1,0,0-3 months,recent_new_customer,1,0,0,0-7 days,high_risk_tech,1,0,0,moderate_risk,0,0,1,low_value,136.91,0,0,3,1
0,25.0,3,1,4,2,136.69,Mobile Phone,Married,0,0,0,new_high_risk,1,0,0-3 months,recent_new_customer,1,0,0,0-7 days,high_risk_tech,1,0,0,stable_low_risk,0,1,0,low_value,136.69,0,0,2,0
0,30.0,3,4,9,2,135.97,Mobile Phone,Single,0,0,0,new_high_risk,1,0,0-3 months,recent_new_customer,1,0,0,0-7 days,high_risk_tech,1,0,0,unstable_high_risk,1,0,0,low_value,135.97,0,0,3,0
0,13.0,1,5,1,7,135.78,Mobile Phone,Single,0,0,0,new_high_risk,1,0,0-3 months,recent_new_customer,1,0,0,0-7 days,high_risk_tech,1,0,0,unstable_high_risk,1,0,0,low_value,135.78,0,0,3,0
0,29.0,4,3,2,8,135.4,Laptop & Accessory,Married,0,0,0,new_high_risk,1,0,0-3 months,active_low_risk,0,0,1,8-14 days,low_risk_electronics,0,0,0,stable_low_risk,0,1,0,low_value,135.4,0,0,1,0
0,14.0,1,3,8,2,135.17,Mobile,Married,0,0,0,new_high_risk,1,0,0-3 months,recent_new_customer,1,0,0,0-7 days,high_risk_tech,1,0,0,stable_low_risk,0,1,0,low_value,135.17,0,0,2,0
0,16.0,1,3,2,2,135.05,Mobile,Single,0,0,0,new_high_risk,1,0,0-3 months,recent_new_customer,1,0,0,0-7 days,high_risk_tech,1,0,0,unstable_high_risk,1,0,0,low_value,135.05,0,0,3,0
0,8.0,3,3,3,0,134.85,Mobile,Single,0,0,0,new_high_risk,1,0,0-3 months,recent_new_customer,1,0,0,0-7 days,high_risk_tech,1,0,0,unstable_high_risk,1,0,0,low_value,134.85,0,0,3,1
0,35.0,4,4,1,4,134.79,Mobile,Single,0,0,0,new_high_risk,1,0,0-3 months,recent_new_customer,1,0,0,0-7 days,high_risk_tech,1,0,0,unstable_high_risk,1,0,0,low_value,134.79,0,0,3,1
0,8.0,3,4,10,2,134.68,Mobile,Married,0,0,0,new_high_risk,1,0,0-3 months,recent_new_customer,1,0,0,0-7 days,high_risk_tech,1,0,0,stable_low_risk,0,1,0,low_value,134.68,0,0,2,0
0,8.0,5,2,6,2,134.64,Mobile,Divorced,1,0,0,new_high_risk,1,0,0-3 months,recent_new_customer,1,0,0,0-7 days,high_risk_tech,1,0,0,moderate_risk,0,0,1,low_value,134.64,0,0,3,1
0,28.0,3,3,2,2,134.47,Mobile,Single,0,0,0,new_high_risk,1,0,0-3 months,recent_new_customer,1,0,0,0-7 days,high_risk_tech,1,0,0,unstable_high_risk,1,0,0,low_value,134.47,0,0,3,0
0,14.0,3,1,2,4,134.45,Mobile,Single,0,0,0,new_high_risk,1,0,0-3 months,recent_new_customer,1,0,0,0-7 days,high_risk_tech,1,0,0,unstable_high_risk,1,0,0,low_value,134.45,0,0,3,0
0,11.0,3,3,2,2,134.41,Mobile,Single,1,0,0,new_high_risk,1,0,0-3 months,recent_new_customer,1,0,0,0-7 days,high_risk_tech,1,0,0,unstable_high_risk,1,0,0,low_value,134.41,0,0,4,1
0,8.0,1,5,8,1,134.24,Mobile,Single,0,0,0,new_high_risk,1,0,0-3 months,recent_new_customer,1,0,0,0-7 days,high_risk_tech,1,0,0,unstable_high_risk,1,0,0,low_value,134.24,0,0,3,0
0,16.0,5,1,8,3,134.08,Mobile,Married,0,0,0,new_high_risk,1,0,0-3 months,recent_new_customer,1,0,0,0-7 days,high_risk_tech,1,0,0,stable_low_risk,0,1,0,low_value,134.08,0,0,2,1
0,15.0,4,5,8,3,134.07,Mobile,Single,0,0,0,new_high_risk,1,0,0-3 months,recent_new_customer,1,0,0,0-7 days,high_risk_tech,1,0,0,unstable_high_risk,1,0,0,low_value,134.07,0,0,3,1
0,15.0,4,5,8,3,134.07,Laptop & Accessory,Single,0,0,0,new_high_risk,1,0,0-3 months,recent_new_customer,1,0,0,0-7 days,low_risk_electronics,0,0,0,unstable_high_risk,1,0,0,low_value,134.07,0,0,2,1
0,15.0,4,3,1,0,133.88,Mobile,Divorced,1,0,0,new_high_risk,1,0,0-3 months,recent_new_customer,1,0,0,0-7 days,high_risk_tech,1,0,0,moderate_risk,0,0,1,low_value,133.88,0,0,3,1
0,7.0,3,3,1,2,133.75,Mobile,Single,0,0,0,new_high_risk,1,0,0-3 months,recent_new_customer,1,0,0,0-7 days,high_risk_tech,1,0,0,unstable_high_risk,1,0,0,low_value,133.75,0,0,3,0
0,9.0,3,5,2,7,133.48,Mobile,Single,1,0,0,new_high_risk,1,0,0-3 months,recent_new_customer,1,0,0,0-7 days,high_risk_tech,1,0,0,unstable_high_risk,1,0,0,low_value,133.48,0,0,4,1
0,13.0,3,3,4,7,133.39,Mobile,Married,1,0,0,new_high_risk,1,0,0-3 months,recent_new_customer,1,0,0,0-7 days,high_risk_tech,1,0,0,stable_low_risk,0,1,0,low_value,133.39,0,0,3,1
0,10.0,3,4,2,2,132.95,Mobile,Single,0,0,0,new_high_risk,1,0,0-3 months,recent_new_customer,1,0,0,0-7 days,high_risk_tech,1,0,0,unstable_high_risk,1,0,0,low_value,132.95,0,0,3,0
0,9.0,4,3,2,0,132.3,Mobile,Single,0,0,0,new_high_risk,1,0,0-3 months,recent_new_customer,1,0,0,0-7 days,high_risk_tech,1,0,0,unstable_high_risk,1,0,0,low_value,132.3,0,0,3,0
0,7.0,3,1,5,2,132.29,Mobile,Married,0,0,0,new_high_risk,1,0,0-3 months,recent_new_customer,1,0,0,0-7 days,high_risk_tech,1,0,0,stable_low_risk,0,1,0,low_value,132.29,0,0,2,0
0,6.0,3,4,2,4,132.02,Mobile,Single,1,0,0,new_high_risk,1,0,0-3 months,recent_new_customer,1,0,0,0-7 days,high_risk_tech,1,0,0,unstable_high_risk,1,0,0,low_value,132.02,0,0,4,1
0,15.0,3,5,3,0,131.72,Mobile,Single,1,0,0,new_high_risk,1,0,0-3 months,recent_new_customer,1,0,0,0-7 days,high_risk_tech,1,0,0,unstable_high_risk,1,0,0,low_value,131.72,0,0,4,1
0,10.0,4,1,1,4,131.62,Mobile,Married,0,0,0,new_high_risk,1,0,0-3 months,recent_new_customer,1,0,0,0-7 days,high_risk_tech,1,0,0,stable_low_risk,0,1,0,low_value,131.62,0,0,2,0
0,10.0,4,2,1,4,131.62,Mobile,Divorced,0,0,0,new_high_risk,1,0,0-3 months,recent_new_customer,1,0,0,0-7 days,high_risk_tech,1,0,0,moderate_risk,0,0,1,low_value,131.62,0,0,2,0
0,11.0,3,1,2,2,131.17,Mobile,Single,0,0,0,new_high_risk,1,0,0-3 months,recent_new_customer,1,0,0,0-7 days,high_risk_tech,1,0,0,unstable_high_risk,1,0,0,low_value,131.17,0,0,3,0
0,9.0,3,5,1,4,131.02,Mobile,Single,0,0,0,new_high_risk,1,0,0-3 months,recent_new_customer,1,0,0,0-7 days,high_risk_tech,1,0,0,unstable_high_risk,1,0,0,low_value,131.02,0,0,3,1
0,8.0,3,5,1,2,130.41,Mobile,Married,0,0,0,new_high_risk,1,0,0-3 months,recent_new_customer,1,0,0,0-7 days,high_risk_tech,1,0,0,stable_low_risk,0,1,0,low_value,130.41,0,0,2,1
0,5.0,4,3,2,2,130.33,Mobile,Single,0,0,0,new_high_risk,1,0,0-3 months,recent_new_customer,1,0,0,0-7 days,high_risk_tech,1,0,0,unstable_high_risk,1,0,0,low_value,130.33,0,0,3,0
0,31.0,1,1,2,1,129.94,Mobile,Single,1,0,0,new_high_risk,1,0,0-3 months,recent_new_customer,1,0,0,0-7 days,high_risk_tech,1,0,0,unstable_high_risk,1,0,0,low_value,129.94,0,0,4,0
0,31.0,1,2,2,1,129.94,Mobile,Single,1,0,0,new_high_risk,1,0,0-3 months,recent_new_customer,1,0,0,0-7 days,high_risk_tech,1,0,0,unstable_high_risk,1,0,0,low_value,129.94,0,0,4,0
0,10.0,3,5,2,0,129.73,Mobile,Single,0,0,0,new_high_risk,1,0,0-3 months,recent_new_customer,1,0,0,0-7 days,high_risk_tech,1,0,0,unstable_high_risk,1,0,0,low_value,129.73,0,0,3,1
0,11.0,4,3,1,0,129.66,Mobile,Single,0,0,0,new_high_risk,1,0,0-3 months,recent_new_customer,1,0,0,0-7 days,high_risk_tech,1,0,0,unstable_high_risk,1,0,0,low_value,129.66,0,0,3,0
0,12.0,3,5,3,3,129.6,Mobile,Single,0,0,0,new_high_risk,1,0,0-3 months,recent_new_customer,1,0,0,0-7 days,high_risk_tech,1,0,0,unstable_high_risk,1,0,0,low_value,129.6,0,0,3,1
0,24.0,1,5,1,0,129.56,Mobile,Married,0,0,0,new_high_risk,1,0,0-3 months,recent_new_customer,1,0,0,0-7 days,high_risk_tech,1,0,0,stable_low_risk,0,1,0,low_value,129.56,0,0,2,1
0,31.0,3,3,2,7,129.42,Mobile,Married,0,0,0,new_high_risk,1,0,0-3 months,recent_new_customer,1,0,0,0-7 days,high_risk_tech,1,0,0,stable_low_risk,0,1,0,low_value,129.42,0,0,2,0
0,7.0,4,3,2,0,129.33,Mobile,Married,1,0,0,new_high_risk,1,0,0-3 months,recent_new_customer,1,0,0,0-7 days,high_risk_tech,1,0,0,stable_low_risk,0,1,0,low_value,129.33,0,0,3,0
0,12.0,4,1,2,0,129.26,Mobile,Single,1,0,0,new_high_risk,1,0,0-3 months,recent_new_customer,1,0,0,0-7 days,high_risk_tech,1,0,0,unstable_high_risk,1,0,0,low_value,129.26,0,0,4,1
0,12.0,4,2,2,0,129.26,Mobile,Single,1,0,0,new_high_risk,1,0,0-3 months,recent_new_customer,1,0,0,0-7 days,high_risk_tech,1,0,0,unstable_high_risk,1,0,0,low_value,129.26,0,0,4,1
0,6.0,3,3,4,2,129.09,Mobile,Divorced,0,0,0,new_high_risk,1,0,0-3 months,recent_new_customer,1,0,0,0-7 days,high_risk_tech,1,0,0,moderate_risk,0,0,1,low_value,129.09,0,0,2,1
0,32.0,3,1,2,2,129.04,Mobile,Married,0,0,0,new_high_risk,1,0,0-3 months,recent_new_customer,1,0,0,0-7 days,high_risk_tech,1,0,0,stable_low_risk,0,1,0,low_value,129.04,0,0,2,0
0,29.0,3,2,2,2,128.86,Mobile,Married,0,0,0,new_high_risk,1,0,0-3 months,recent_new_customer,1,0,0,0-7 days,high_risk_tech,1,0,0,stable_low_risk,0,1,0,low_value,128.86,0,0,2,0
0,13.0,3,3,2,2,128.86,Mobile,Divorced,1,0,0,new_high_risk,1,0,0-3 months,recent_new_customer,1,0,0,0-7 days,high_risk_tech,1,0,0,moderate_risk,0,0,1,low_value,128.86,0,0,3,1
0,10.0,3,1,2,2,128.75,Mobile,Single,1,0,0,new_high_risk,1,0,0-3 months,recent_new_customer,1,0,0,0-7 days,high_risk_tech,1,0,0,unstable_high_risk,1,0,0,low_value,128.75,0,0,4,0
0,10.0,3,2,2,2,128.75,Mobile,Single,1,0,0,new_high_risk,1,0,0-3 months,recent_new_customer,1,0,0,0-7 days,high_risk_tech,1,0,0,unstable_high_risk,1,0,0,low_value,128.75,0,0,4,0
0,21.0,3,1,2,0,128.71,Mobile,Single,0,0,0,new_high_risk,1,0,0-3 months,recent_new_customer,1,0,0,0-7 days,high_risk_tech,1,0,0,unstable_high_risk,1,0,0,low_value,128.71,0,0,3,0
0,28.0,4,4,2,0,128.63,Mobile,Married,0,0,0,new_high_risk,1,0,0-3 months,recent_new_customer,1,0,0,0-7 days,high_risk_tech,1,0,0,stable_low_risk,0,1,0,low_value,128.63,0,0,2,1
0,9.0,4,1,1,0,128.53,Mobile,Married,1,0,0,new_high_risk,1,0,0-3 months,recent_new_customer,1,0,0,0-7 days,high_risk_tech,1,0,0,stable_low_risk,0,1,0,low_value,128.53,0,0,3,1
0,11.0,3,3,2,0,128.51,Mobile,Single,1,0,0,new_high_risk,1,0,0-3 months,recent_new_customer,1,0,0,0-7 days,high_risk_tech,1,0,0,unstable_high_risk,1,0,0,low_value,128.51,0,0,4,1
0,6.0,4,4,2,0,128.36,Mobile,Single,0,0,0,new_high_risk,1,0,0-3 months,recent_new_customer,1,0,0,0-7 days,high_risk_tech,1,0,0,unstable_high_risk,1,0,0,low_value,128.36,0,0,3,0
0,10.0,2,5,3,2,128.19,Mobile,Divorced,0,0,0,new_high_risk,1,0,0-3 months,recent_new_customer,1,0,0,0-7 days,high_risk_tech,1,0,0,moderate_risk,0,0,1,low_value,128.19,0,0,2,0
0,32.0,4,3,2,3,128.14,Mobile,Married,1,0,0,new_high_risk,1,0,0-3 months,recent_new_customer,1,0,0,0-7 days,high_risk_tech,1,0,0,stable_low_risk,0,1,0,low_value,128.14,0,0,3,0
0,22.0,3,4,10,2,128.11,Mobile,Divorced,0,0,0,new_high_risk,1,0,0-3 months,recent_new_customer,1,0,0,0-7 days,high_risk_tech,1,0,0,moderate_risk,0,0,1,low_value,128.11,0,0,2,0
0,22.0,3,4,10,2,128.11,Mobile,Married,0,0,0,new_high_risk,1,0,0-3 months,recent_new_customer,1,0,0,0-7 days,high_risk_tech,1,0,0,stable_low_risk,0,1,0,low_value,128.11,0,0,2,0
0,31.0,3,1,2,1,127.95,Mobile,Single,1,0,0,new_high_risk,1,0,0-3 months,recent_new_customer,1,0,0,0-7 days,high_risk_tech,1,0,0,unstable_high_risk,1,0,0,low_value,127.95,0,0,4,1
0,8.0,4,2,8,0,127.85,Mobile,Single,0,0,0,new_high_risk,1,0,0-3 months,recent_new_customer,1,0,0,0-7 days,high_risk_tech,1,0,0,unstable_high_risk,1,0,0,low_value,127.85,0,0,3,1
0,8.0,4,1,8,0,127.85,Mobile,Single,0,0,0,new_high_risk,1,0,0-3 months,recent_new_customer,1,0,0,0-7 days,high_risk_tech,1,0,0,unstable_high_risk,1,0,0,low_value,127.85,0,0,3,1
0,8.0,3,3,2,2,127.83,Mobile,Single,0,0,0,new_high_risk,1,0,0-3 months,recent_new_customer,1,0,0,0-7 days,high_risk_tech,1,0,0,unstable_high_risk,1,0,0,low_value,127.83,0,0,3,0
0,12.0,3,3,1,2,127.73,Mobile,Divorced,0,0,0,new_high_risk,1,0,0-3 months,recent_new_customer,1,0,0,0-7 days,high_risk_tech,1,0,0,moderate_risk,0,0,1,low_value,127.73,0,0,2,0
0,15.0,5,4,2,2,127.6,Mobile,Single,0,0,0,new_high_risk,1,0,0-3 months,recent_new_customer,1,0,0,0-7 days,high_risk_tech,1,0,0,unstable_high_risk,1,0,0,low_value,127.6,0,0,3,1
0,22.0,1,5,2,14,127.43,Mobile,Single,0,0,0,new_high_risk,1,0,0-3 months,active_low_risk,0,0,1,8-14 days,high_risk_tech,1,0,0,unstable_high_risk,1,0,0,low_value,127.43,0,0,3,1
0,15.0,3,3,2,2,127.42,Mobile,Married,0,0,0,new_high_risk,1,0,0-3 months,recent_new_customer,1,0,0,0-7 days,high_risk_tech,1,0,0,stable_low_risk,0,1,0,low_value,127.42,0,0,2,1
0,23.0,3,3,1,0,127.41,Mobile,Married,1,0,0,new_high_risk,1,0,0-3 months,recent_new_customer,1,0,0,0-7 days,high_risk_tech,1,0,0,stable_low_risk,0,1,0,low_value,127.41,0,0,3,1
0,15.0,3,5,2,2,127.28,Mobile,Single,0,0,0,new_high_risk,1,0,0-3 months,recent_new_customer,1,0,0,0-7 days,high_risk_tech,1,0,0,unstable_high_risk,1,0,0,low_value,127.28,0,0,3,0
0,18.0,1,4,2,0,127.16,Mobile,Single,0,0,0,new_high_risk,1,0,0-3 months,recent_new_customer,1,0,0,0-7 days,high_risk_tech,1,0,0,unstable_high_risk,1,0,0,low_value,127.16,0,0,3,1
0,8.0,3,5,8,7,127.07,Mobile,Divorced,0,0,0,new_high_risk,1,0,0-3 months,recent_new_customer,1,0,0,0-7 days,high_risk_tech,1,0,0,moderate_risk,0,0,1,low_value,127.07,0,0,2,1
0,24.0,3,1,2,0,126.93,Mobile,Single,0,0,0,new_high_risk,1,0,0-3 months,recent_new_customer,1,0,0,0-7 days,high_risk_tech,1,0,0,unstable_high_risk,1,0,0,low_value,126.93,0,0,3,1
0,6.0,3,2,2,8,126.86,Mobile,Single,1,0,0,new_high_risk,1,0,0-3 months,active_low_risk,0,0,1,8-14 days,high_risk_tech,1,0,0,unstable_high_risk,1,0,0,low_value,126.86,0,0,4,1
0,6.0,3,1,2,8,126.86,Mobile,Single,1,0,0,new_high_risk,1,0,0-3 months,active_low_risk,0,0,1,8-14 days,high_risk_tech,1,0,0,unstable_high_risk,1,0,0,low_value,126.86,0,0,4,1
0,13.0,3,4,2,0,126.79,Mobile,Single,0,0,0,new_high_risk,1,0,0-3 months,recent_new_customer,1,0,0,0-7 days,high_risk_tech,1,0,0,unstable_high_risk,1,0,0,low_value,126.79,0,0,3,1
0,27.0,1,1,2,2,126.78,Mobile,Single,0,0,0,new_high_risk,1,0,0-3 months,recent_new_customer,1,0,0,0-7 days,high_risk_tech,1,0,0,unstable_high_risk,1,0,0,low_value,126.78,0,0,3,0
0,14.0,3,5,6,4,126.57,Mobile,Single,1,0,0,new_high_risk,1,0,0-3 months,recent_new_customer,1,0,0,0-7 days,high_risk_tech,1,0,0,unstable_high_risk,1,0,0,low_value,126.57,0,0,4,1
0,14.0,3,1,2,4,126.47,Mobile,Single,0,0,0,new_high_risk,1,0,0-3 months,recent_new_customer,1,0,0,0-7 days,high_risk_tech,1,0,0,unstable_high_risk,1,0,0,low_value,126.47,0,0,3,0
0,14.0,4,3,2,2,126.25,Mobile,Single,0,0,0,new_high_risk,1,0,0-3 months,recent_new_customer,1,0,0,0-7 days,high_risk_tech,1,0,0,unstable_high_risk,1,0,0,low_value,126.25,0,0,3,1
0,14.0,3,3,2,2,126.1,Mobile,Divorced,0,0,0,new_high_risk,1,0,0-3 months,recent_new_customer,1,0,0,0-7 days,high_risk_tech,1,0,0,moderate_risk,0,0,1,low_value,126.1,0,0,2,1
0,14.0,3,2,2,2,126.1,Mobile,Single,0,0,0,new_high_risk,1,0,0-3 months,recent_new_customer,1,0,0,0-7 days,high_risk_tech,1,0,0,unstable_high_risk,1,0,0,low_value,126.1,0,0,3,0
0,14.0,3,3,2,2,126.1,Mobile,Married,0,0,0,new_high_risk,1,0,0-3 months,recent_new_customer,1,0,0,0-7 days,high_risk_tech,1,0,0,stable_low_risk,0,1,0,low_value,126.1,0,0,2,1
0,14.0,3,1,2,2,126.1,Mobile,Single,0,0,0,new_high_risk,1,0,0-3 months,recent_new_customer,1,0,0,0-7 days,high_risk_tech,1,0,0,unstable_high_risk,1,0,0,low_value,126.1,0,0,3,0
0,14.0,4,5,2,0,126.0,Mobile,Single,1,0,0,new_high_risk,1,0,0-3 months,recent_new_customer,1,0,0,0-7 days,high_risk_tech,1,0,0,unstable_high_risk,1,0,0,low_value,126.0,0,0,4,1
0,14.0,4,4,2,0,125.96,Mobile,Married,0,0,0,new_high_risk,1,0,0-3 months,recent_new_customer,1,0,0,0-7 days,high_risk_tech,1,0,0,stable_low_risk,0,1,0,low_value,125.96,0,0,2,1
0,14.0,3,1,3,2,125.8,Mobile,Single,0,0,0,new_high_risk,1,0,0-3 months,recent_new_customer,1,0,0,0-7 days,high_risk_tech,1,0,0,unstable_high_risk,1,0,0,low_value,125.8,0,0,3,0
0,14.0,3,1,2,7,125.7,Mobile,Single,0,0,0,new_high_risk,1,0,0-3 months,recent_new_customer,1,0,0,0-7 days,high_risk_tech,1,0,0,unstable_high_risk,1,0,0,low_value,125.7,0,0,3,0
0,14.0,4,2,2,0,125.64,Mobile,Single,0,0,0,new_high_risk,1,0,0-3 months,recent_new_customer,1,0,0,0-7 days,high_risk_tech,1,0,0,unstable_high_risk,1,0,0,low_value,125.64,0,0,3,1
0,14.0,4,5,8,0,125.61,Mobile,Single,0,0,0,new_high_risk,1,0,0-3 months,recent_new_customer,1,0,0,0-7 days,high_risk_tech,1,0,0,unstable_high_risk,1,0,0,low_value,125.61,0,0,3,1
0,14.0,3,5,2,0,125.52,Mobile,Single,0,0,0,new_high_risk,1,0,0-3 months,recent_new_customer,1,0,0,0-7 days,high_risk_tech,1,0,0,unstable_high_risk,1,0,0,low_value,125.52,0,0,3,0
0,14.0,4,4,6,1,125.46,Mobile,Divorced,0,0,0,new_high_risk,1,0,0-3 months,recent_new_customer,1,0,0,0-7 days,high_risk_tech,1,0,0,moderate_risk,0,0,1,low_value,125.46,0,0,2,1
0,14.0,1,1,1,7,125.44,Mobile,Married,0,0,0,new_high_risk,1,0,0-3 months,recent_new_customer,1,0,0,0-7 days,high_risk_tech,1,0,0,stable_low_risk,0,1,0,low_value,125.44,0,0,2,0
0,14.0,4,3,2,2,125.39,Mobile,Divorced,0,0,0,new_high_risk,1,0,0-3 months,recent_new_customer,1,0,0,0-7 days,high_risk_tech,1,0,0,moderate_risk,0,0,1,low_value,125.39,0,0,2,0
0,14.0,1,2,9,0,125.34,Mobile,Divorced,0,0,0,new_high_risk,1,0,0-3 months,recent_new_customer,1,0,0,0-7 days,high_risk_tech,1,0,0,moderate_risk,0,0,1,low_value,125.34,0,0,2,0
0,14.0,3,1,1,1,125.23,Mobile,Married,0,0,0,new_high_risk,1,0,0-3 months,recent_new_customer,1,0,0,0-7 days,high_risk_tech,1,0,0,stable_low_risk,0,1,0,low_value,125.23,0,0,2,0
0,14.0,3,3,2,3,125.17,Mobile,Married,0,0,0,new_high_risk,1,0,0-3 months,recent_new_customer,1,0,0,0-7 days,high_risk_tech,1,0,0,stable_low_risk,0,1,0,low_value,125.17,0,0,2,0
0,14.0,3,1,2,0,125.15,Mobile,Married,1,0,0,new_high_risk,1,0,0-3 months,recent_new_customer,1,0,0,0-7 days,high_risk_tech,1,0,0,stable_low_risk,0,1,0,low_value,125.15,0,0,3,1
0,14.0,3,2,2,0,125.15,Mobile,Divorced,1,0,0,new_high_risk,1,0,0-3 months,recent_new_customer,1,0,0,0-7 days,high_risk_tech,1,0,0,moderate_risk,0,0,1,low_value,125.15,0,0,3,1
0,14.0,3,5,2,2,125.0,Mobile,Married,0,0,0,new_high_risk,1,0,0-3 months,recent_new_customer,1,0,0,0-7 days,high_risk_tech,1,0,0,stable_low_risk,0,1,0,low_value,125.0,0,0,2,0
0,14.0,3,5,2,2,125.0,Mobile,Divorced,0,0,0,new_high_risk,1,0,0-3 months,recent_new_customer,1,0,0,0-7 days,high_risk_tech,1,0,0,moderate_risk,0,0,1,low_value,125.0,0,0,2,0
0,14.0,3,4,2,2,124.78,Mobile,Single,1,0,0,new_high_risk,1,0,0-3 months,recent_new_customer,1,0,0,0-7 days,high_risk_tech,1,0,0,unstable_high_risk,1,0,0,low_value,124.78,0,0,4,0
0,14.0,3,4,2,0,124.72,Mobile,Single,1,0,0,new_high_risk,1,0,0-3 months,recent_new_customer,1,0,0,0-7 days,high_risk_tech,1,0,0,unstable_high_risk,1,0,0,low_value,124.72,0,0,4,1
0,14.0,5,5,2,1,124.51,Mobile,Divorced,0,0,0,new_high_risk,1,0,0-3 months,recent_new_customer,1,0,0,0-7 days,high_risk_tech,1,0,0,moderate_risk,0,0,1,low_value,124.51,0,0,2,0
0,14.0,5,5,2,1,124.51,Mobile,Married,0,0,0,new_high_risk,1,0,0-3 months,recent_new_customer,1,0,0,0-7 days,high_risk_tech,1,0,0,stable_low_risk,0,1,0,low_value,124.51,0,0,2,0
0,14.0,4,1,2,0,124.39,Mobile,Single,1,0,0,new_high_risk,1,0,0-3 months,recent_new_customer,1,0,0,0-7 days,high_risk_tech,1,0,0,unstable_high_risk,1,0,0,low_value,124.39,0,0,4,1
0,14.0,3,2,6,4,124.36,Mobile,Divorced,1,0,0,new_high_risk,1,0,0-3 months,recent_new_customer,1,0,0,0-7 days,high_risk_tech,1,0,0,moderate_risk,0,0,1,low_value,124.36,0,0,3,1
0,14.0,3,1,6,4,124.36,Mobile,Married,1,0,0,new_high_risk,1,0,0-3 months,recent_new_customer,1,0,0,0-7 days,high_risk_tech,1,0,0,stable_low_risk,0,1,0,low_value,124.36,0,0,3,1
0,14.0,1,3,4,3,124.32,Mobile,Single,1,0,0,new_high_risk,1,0,0-3 months,recent_new_customer,1,0,0,0-7 days,high_risk_tech,1,0,0,unstable_high_risk,1,0,0,low_value,124.32,0,0,4,1
0,14.0,3,4,1,2,124.22,Mobile,Single,0,0,0,new_high_risk,1,0,0-3 months,recent_new_customer,1,0,0,0-7 days,high_risk_tech,1,0,0,unstable_high_risk,1,0,0,low_value,124.22,0,0,3,1
0,14.0,4,4,2,0,124.13,Mobile,Married,1,0,0,new_high_risk,1,0,0-3 months,recent_new_customer,1,0,0,0-7 days,high_risk_tech,1,0,0,stable_low_risk,0,1,0,low_value,124.13,0,0,3,1
0,14.0,4,5,7,0,124.04,Mobile,Single,1,0,0,new_high_risk,1,0,0-3 months,recent_new_customer,1,0,0,0-7 days,high_risk_tech,1,0,0,unstable_high_risk,1,0,0,low_value,124.04,0,0,4,1
0,14.0,3,2,1,1,124.0,Mobile,Divorced,0,0,0,new_high_risk,1,0,0-3 months,recent_new_customer,1,0,0,0-7 days,high_risk_tech,1,0,0,moderate_risk,0,0,1,low_value,124.0,0,0,2,0
0,14.0,3,5,2,0,123.98,Mobile,Married,1,0,0,new_high_risk,1,0,0-3 months,recent_new_customer,1,0,0,0-7 days,high_risk_tech,1,0,0,stable_low_risk,0,1,0,low_value,123.98,0,0,3,1
0,14.0,3,3,2,7,123.94,Mobile,Single,1,0,0,new_high_risk,1,0,0-3 months,recent_new_customer,1,0,0,0-7 days,high_risk_tech,1,0,0,unstable_high_risk,1,0,0,low_value,123.94,0,0,4,1
0,14.0,4,1,2,1,123.89,Mobile,Single,1,0,0,new_high_risk,1,0,0-3 months,recent_new_customer,1,0,0,0-7 days,high_risk_tech,1,0,0,unstable_high_risk,1,0,0,low_value,123.89,0,0,4,1
0,14.0,3,5,2,2,123.8,Mobile,Single,1,0,0,new_high_risk,1,0,0-3 months,recent_new_customer,1,0,0,0-7 days,high_risk_tech,1,0,0,unstable_high_risk,1,0,0,low_value,123.8,0,0,4,0
0,14.0,3,1,1,2,123.79,Mobile,Single,1,0,0,new_high_risk,1,0,0-3 months,recent_new_customer,1,0,0,0-7 days,high_risk_tech,1,0,0,unstable_high_risk,1,0,0,low_value,123.79,0,0,4,0
0,14.0,3,3,2,0,123.77,Mobile,Married,0,0,0,new_high_risk,1,0,0-3 months,recent_new_customer,1,0,0,0-7 days,high_risk_tech,1,0,0,stable_low_risk,0,1,0,low_value,123.77,0,0,2,1
0,14.0,3,4,3,2,123.73,Mobile,Married,1,0,0,new_high_risk,1,0,0-3 months,recent_new_customer,1,0,0,0-7 days,high_risk_tech,1,0,0,stable_low_risk,0,1,0,low_value,123.73,0,0,3,1
0,14.0,4,4,2,3,123.68,Mobile,Married,0,0,0,new_high_risk,1,0,0-3 months,recent_new_customer,1,0,0,0-7 days,high_risk_tech,1,0,0,stable_low_risk,0,1,0,low_value,123.68,0,0,2,0
0,14.0,4,1,6,3,123.67,Mobile,Married,0,0,0,new_high_risk,1,0,0-3 months,recent_new_customer,1,0,0,0-7 days,high_risk_tech,1,0,0,stable_low_risk,0,1,0,low_value,123.67,0,0,2,1
0,14.0,4,3,2,7,123.66,Mobile,Married,1,0,0,new_high_risk,1,0,0-3 months,recent_new_customer,1,0,0,0-7 days,high_risk_tech,1,0,0,stable_low_risk,0,1,0,low_value,123.66,0,0,3,1
0,14.0,4,5,7,7,123.62,Mobile,Single,0,0,0,new_high_risk,1,0,0-3 months,recent_new_customer,1,0,0,0-7 days,high_risk_tech,1,0,0,unstable_high_risk,1,0,0,low_value,123.62,0,0,3,1
0,14.0,5,3,1,0,123.51,Mobile,Married,0,0,0,new_high_risk,1,0,0-3 months,recent_new_customer,1,0,0,0-7 days,high_risk_tech,1,0,0,stable_low_risk,0,1,0,low_value,123.51,0,0,2,1
0,14.0,5,2,2,0,123.4,Mobile,Single,1,0,0,new_high_risk,1,0,0-3 months,recent_new_customer,1,0,0,0-7 days,high_risk_tech,1,0,0,unstable_high_risk,1,0,0,low_value,123.4,0,0,4,1
0,14.0,5,1,2,0,123.4,Mobile,Single,1,0,0,new_high_risk,1,0,0-3 months,recent_new_customer,1,0,0,0-7 days,high_risk_tech,1,0,0,unstable_high_risk,1,0,0,low_value,123.4,0,0,4,1
0,14.0,4,5,5,0,123.35,Mobile,Married,1,0,0,new_high_risk,1,0,0-3 months,recent_new_customer,1,0,0,0-7 days,high_risk_tech,1,0,0,stable_low_risk,0,1,0,low_value,123.35,0,0,3,1
0,14.0,2,4,2,2,123.28,Mobile,Married,1,0,0,new_high_risk,1,0,0-3 months,recent_new_customer,1,0,0,0-7 days,high_risk_tech,1,0,0,stable_low_risk,0,1,0,low_value,123.28,0,0,3,0
0,14.0,5,5,1,0,123.25,Mobile,Single,0,0,0,new_high_risk,1,0,0-3 months,recent_new_customer,1,0,0,0-7 days,high_risk_tech,1,0,0,unstable_high_risk,1,0,0,low_value,123.25,0,0,3,1
0,14.0,3,2,2,2,123.23,Mobile,Divorced,0,0,0,new_high_risk,1,0,0-3 months,recent_new_customer,1,0,0,0-7 days,high_risk_tech,1,0,0,moderate_risk,0,0,1,low_value,123.23,0,0,2,0
0,14.0,3,1,2,2,123.23,Mobile,Single,1,0,0,new_high_risk,1,0,0-3 months,recent_new_customer,1,0,0,0-7 days,high_risk_tech,1,0,0,unstable_high_risk,1,0,0,low_value,123.23,0,0,4,1
0,14.0,3,5,4,0,123.22,Mobile,Married,0,0,0,new_high_risk,1,0,0-3 months,recent_new_customer,1,0,0,0-7 days,high_risk_tech,1,0,0,stable_low_risk,0,1,0,low_value,123.22,0,0,2,0
0,14.0,4,5,1,2,123.21,Mobile,Single,1,0,0,new_high_risk,1,0,0-3 months,recent_new_customer,1,0,0,0-7 days,high_risk_tech,1,0,0,unstable_high_risk,1,0,0,low_value,123.21,0,0,4,1
0,14.0,3,3,2,0,123.18,Mobile,Single,0,0,0,new_high_risk,1,0,0-3 months,recent_new_customer,1,0,0,0-7 days,high_risk_tech,1,0,0,unstable_high_risk,1,0,0,low_value,123.18,0,0,3,0
0,31.0,4,4,5,2,123.13,Mobile,Single,1,0,0,new_high_risk,1,0,0-3 months,recent_new_customer,1,0,0,0-7 days,high_risk_tech,1,0,0,unstable_high_risk,1,0,0,low_value,123.13,0,0,4,1
0,31.0,4,4,5,2,123.13,Mobile,Single,1,0,1,new_high_risk,1,0,0-3 months,recent_new_customer,1,0,0,0-7 days,high_risk_tech,1,0,0,unstable_high_risk,1,0,0,low_value,123.13,0,0,4,1
0,33.0,3,4,3,2,123.11,Mobile,Single,0,0,1,new_high_risk,1,0,0-3 months,recent_new_customer,1,0,0,0-7 days,high_risk_tech,1,0,0,unstable_high_risk,1,0,0,low_value,123.11,0,0,3,0
0,13.0,3,3,1,7,123.08,Mobile,Married,1,0,1,new_high_risk,1,0,0-3 months,recent_new_customer,1,0,0,0-7 days,high_risk_tech,1,0,0,stable_low_risk,0,1,0,low_value,123.08,0,0,3,0
0,22.0,5,5,2,0,123.07,Mobile,Married,1,0,1,new_high_risk,1,0,0-3 months,recent_new_customer,1,0,0,0-7 days,high_risk_tech,1,0,0,stable_low_risk,0,1,0,low_value,123.07,0,0,3,1
0,12.0,3,3,3,5,123.06,Laptop & Accessory,Married,1,0,1,new_high_risk,1,0,0-3 months,recent_new_customer,1,0,0,0-7 days,low_risk_electronics,0,0,0,stable_low_risk,0,1,0,low_value,123.06,0,0,2,0
0,12.0,3,3,3,5,123.06,Laptop & Accessory,Divorced,1,0,1,new_high_risk,1,0,0-3 months,recent_new_customer,1,0,0,0-7 days,low_risk_electronics,0,0,0,moderate_risk,0,0,1,low_value,123.06,0,0,2,0
0,23.0,5,3,2,2,123.05,Mobile,Married,0,0,1,new_high_risk,1,0,0-3 months,recent_new_customer,1,0,0,0-7 days,high_risk_tech,1,0,0,stable_low_risk,0,1,0,low_value,123.05,0,0,2,0
0,7.0,3,4,2,2,123.02,Mobile,Single,1,0,1,new_high_risk,1,0,0-3 months,recent_new_customer,1,0,0,0-7 days,high_risk_tech,1,0,0,unstable_high_risk,1,0,0,low_value,123.02,0,0,4,1
0,6.0,3,4,2,2,123.02,Mobile,Single,1,0,1,new_high_risk,1,0,0-3 months,recent_new_customer,1,0,0,0-7 days,high_risk_tech,1,0,0,unstable_high_risk,1,0,0,low_value,123.02,0,0,4,1
0,16.0,3,4,2,2,122.97,Mobile,Married,0,0,1,new_high_risk,1,0,0-3 months,recent_new_customer,1,0,0,0-7 days,high_risk_tech,1,0,0,stable_low_risk,0,1,0,low_value,122.97,0,0,2,0
0,27.0,4,5,1,0,122.96,Mobile,Married,0,0,1,new_high_risk,1,0,0-3 months,recent_new_customer,1,0,0,0-7 days,high_risk_tech,1,0,0,stable_low_risk,0,1,0,low_value,122.96,0,0,2,0
0,6.0,3,2,3,0,122.93,Mobile,Divorced,1,0,1,new_high_risk,1,0,0-3 months,recent_new_customer,1,0,0,0-7 days,high_risk_tech,1,0,0,moderate_risk,0,0,1,low_value,122.93,0,0,3,1
0,31.0,5,3,2,1,122.93,Mobile,Single,0,0,1,new_high_risk,1,0,0-3 months,recent_new_customer,1,0,0,0-7 days,high_risk_tech,1,0,0,unstable_high_risk,1,0,0,low_value,122.93,0,0,3,1
0,15.0,3,2,2,1,122.88,Mobile,Single,0,0,1,new_high_risk,1,0,0-3 months,recent_new_customer,1,0,0,0-7 days,high_risk_tech,1,0,0,unstable_high_risk,1,0,0,low_value,122.88,0,0,3,0
0,10.0,3,2,19,0,122.85,Mobile,Single,1,0,1,new_high_risk,1,0,0-3 months,recent_new_customer,1,0,0,0-7 days,high_risk_tech,1,0,0,unstable_high_risk,1,0,0,low_value,122.85,0,0,4,1
0,10.0,3,1,10,0,122.85,Mobile,Single,1,0,1,new_high_risk,1,0,0-3 months,recent_new_customer,1,0,0,0-7 days,high_risk_tech,1,0,0,unstable_high_risk,1,0,0,low_value,122.85,0,0,4,1
0,9.0,3,4,4,3,122.77,Mobile,Married,1,0,1,new_high_risk,1,0,0-3 months,recent_new_customer,1,0,0,0-7 days,high_risk_tech,1,0,0,stable_low_risk,0,1,0,low_value,122.77,0,0,3,0
0,13.0,3,1,2,2,122.75,Mobile,Married,1,0,1,new_high_risk,1,0,0-3 months,recent_new_customer,1,0,0,0-7 days,high_risk_tech,1,0,0,stable_low_risk,0,1,0,low_value,122.75,0,0,3,1
0,8.0,4,3,2,0,122.74,Mobile,Single,0,0,1,new_high_risk,1,0,0-3 months,recent_new_customer,1,0,0,0-7 days,high_risk_tech,1,0,0,unstable_high_risk,1,0,0,low_value,122.74,0,0,3,0
0,26.0,3,3,1,2,122.72,Laptop & Accessory,Single,0,0,1,new_high_risk,1,0,0-3 months,recent_new_customer,1,0,0,0-7 days,low_risk_electronics,0,0,0,unstable_high_risk,1,0,0,low_value,122.72,0,0,2,0
0,6.0,3,1,4,2,122.7,Mobile,Married,0,0,1,new_high_risk,1,0,0-3 months,recent_new_customer,1,0,0,0-7 days,high_risk_tech,1,0,0,stable_low_risk,0,1,0,low_value,122.7,0,0,2,0
0,6.0,3,2,4,2,122.7,Mobile,Married,0,0,1,new_high_risk,1,0,0-3 months,recent_new_customer,1,0,0,0-7 days,high_risk_tech,1,0,0,stable_low_risk,0,1,0,low_value,122.7,0,0,2,0
0,7.0,4,4,1,2,122.69,Mobile,Married,0,0,1,new_high_risk,1,0,0-3 months,recent_new_customer,1,0,0,0-7 days,high_risk_tech,1,0,0,stable_low_risk,0,1,0,low_value,122.69,0,0,2,0
0,14.0,1,1,2,1,122.69,Mobile,Married,0,0,1,new_high_risk,1,0,0-3 months,recent_new_customer,1,0,0,0-7 days,high_risk_tech,1,0,0,stable_low_risk,0,1,0,low_value,122.69,0,0,2,0
0,12.0,3,3,9,2,122.67,Mobile,Married,0,0,1,new_high_risk,1,0,0-3 months,recent_new_customer,1,0,0,0-7 days,high_risk_tech,1,0,0,stable_low_risk,0,1,0,low_value,122.67,0,0,2,0
0,12.0,3,3,9,2,122.67,Mobile,Divorced,0,0,1,new_high_risk,1,0,0-3 months,recent_new_customer,1,0,0,0-7 days,high_risk_tech,1,0,0,moderate_risk,0,0,1,low_value,122.67,0,0,2,0
0,26.0,3,3,5,0,122.59,Mobile,Married,0,0,1,new_high_risk,1,0,0-3 months,recent_new_customer,1,0,0,0-7 days,high_risk_tech,1,0,0,stable_low_risk,0,1,0,low_value,122.59,0,0,2,0
0,26.0,3,3,5,0,122.59,Mobile,Divorced,0,0,1,new_high_risk,1,0,0-3 months,recent_new_customer,1,0,0,0-7 days,high_risk_tech,1,0,0,moderate_risk,0,0,1,low_value,122.59,0,0,2,0
0,6.0,4,3,7,7,122.58,Mobile,Divorced,0,0,1,new_high_risk,1,0,0-3 months,recent_new_customer,1,0,0,0-7 days,high_risk_tech,1,0,0,moderate_risk,0,0,1,low_value,122.58,0,0,2,0
0,6.0,4,3,7,7,122.58,Mobile,Married,0,0,1,new_high_risk,1,0,0-3 months,recent_new_customer,1,0,0,0-7 days,high_risk_tech,1,0,0,stable_low_risk,0,1,0,low_value,122.58,0,0,2,0
0,27.0,3,2,8,2,122.58,Mobile,Divorced,0,0,1,new_high_risk,1,0,0-3 months,recent_new_customer,1,0,0,0-7 days,high_risk_tech,1,0,0,moderate_risk,0,0,1,low_value,122.58,0,0,2,0
0,27.0,3,1,8,2,122.58,Mobile,Married,0,0,1,new_high_risk,1,0,0-3 months,recent_new_customer,1,0,0,0-7 days,high_risk_tech,1,0,0,stable_low_risk,0,1,0,low_value,122.58,0,0,2,0
0,17.0,3,4,2,2,122.44,Mobile,Married,0,0,1,new_high_risk,1,0,0-3 months,recent_new_customer,1,0,0,0-7 days,high_risk_tech,1,0,0,stable_low_risk,0,1,0,low_value,122.44,0,0,2,0
0,17.0,3,4,2,2,122.44,Mobile,Divorced,0,0,1,new_high_risk,1,0,0-3 months,recent_new_customer,1,0,0,0-7 days,high_risk_tech,1,0,0,moderate_risk,0,0,1,low_value,122.44,0,0,2,0
0,20.0,3,5,2,8,122.35,Mobile,Divorced,1,0,1,new_high_risk,1,0,0-3 months,active_low_risk,0,0,1,8-14 days,high_risk_tech,1,0,0,moderate_risk,0,0,1,low_value,122.35,0,0,3,0
0,6.0,3,3,8,2,122.32,Mobile,Married,0,0,1,new_high_risk,1,0,0-3 months,recent_new_customer,1,0,0,0-7 days,high_risk_tech,1,0,0,stable_low_risk,0,1,0,low_value,122.32,0,0,2,0
0,8.0,3,3,7,2,122.31,Mobile,Married,0,0,1,new_high_risk,1,0,0-3 months,recent_new_customer,1,0,0,0-7 days,high_risk_tech,1,0,0,stable_low_risk,0,1,0,low_value,122.31,0,0,2,0
0,8.0,3,4,2,2,122.26,Mobile,Married,0,0,1,new_high_risk,1,0,0-3 months,recent_new_customer,1,0,0,0-7 days,high_risk_tech,1,0,0,stable_low_risk,0,1,0,low_value,122.26,0,0,2,0
0,16.0,3,3,2,0,122.2,Mobile,Divorced,1,0,1,new_high_risk,1,0,0-3 months,recent_new_customer,1,0,0,0-7 days,high_risk_tech,1,0,0,moderate_risk,0,0,1,low_value,122.2,0,0,3,0
0,6.0,4,5,2,2,122.18,Mobile,Married,0,0,1,new_high_risk,1,0,0-3 months,recent_new_customer,1,0,0,0-7 days,high_risk_tech,1,0,0,stable_low_risk,0,1,0,low_value,122.18,0,0,2,0
0,6.0,4,5,2,2,122.18,Mobile,Divorced,0,0,1,new_high_risk,1,0,0-3 months,recent_new_customer,1,0,0,0-7 days,high_risk_tech,1,0,0,moderate_risk,0,0,1,low_value,122.18,0,0,2,0
0,6.0,5,4,8,7,122.16,Mobile,Single,1,0,1,new_high_risk,1,0,0-3 months,recent_new_customer,1,0,0,0-7 days,high_risk_tech,1,0,0,unstable_high_risk,1,0,0,low_value,122.16,0,0,4,1
0,16.0,2,3,4,7,122.13,Mobile,Divorced,1,0,1,new_high_risk,1,0,0-3 months,recent_new_customer,1,0,0,0-7 days,high_risk_tech,1,0,0,moderate_risk,0,0,1,low_value,122.13,0,0,3,0
0,23.0,3,4,2,0,122.1,Mobile,Divorced,0,0,1,new_high_risk,1,0,0-3 months,recent_new_customer,1,0,0,0-7 days,high_risk_tech,1,0,0,moderate_risk,0,0,1,low_value,122.1,0,0,2,1
0,21.0,3,3,2,2,122.07,Mobile,Married,0,0,1,new_high_risk,1,0,0-3 months,recent_new_customer,1,0,0,0-7 days,high_risk_tech,1,0,0,stable_low_risk,0,1,0,low_value,122.07,0,0,2,0
0,15.0,4,3,2,8,122.06,Mobile,Single,0,0,1,new_high_risk,1,0,0-3 months,active_low_risk,0,0,1,8-14 days,high_risk_tech,1,0,0,unstable_high_risk,1,0,0,low_value,122.06,0,0,3,0
0,29.0,3,1,10,2,122.01,Mobile,Single,0,0,1,new_high_risk,1,0,0-3 months,recent_new_customer,1,0,0,0-7 days,high_risk_tech,1,0,0,unstable_high_risk,1,0,0,low_value,122.01,0,0,3,0
0,6.0,3,5,5,2,121.94,Mobile,Married,0,0,1,new_high_risk,1,0,0-3 months,recent_new_customer,1,0,0,0-7 days,high_risk_tech,1,0,0,stable_low_risk,0,1,0,low_value,121.94,0,0,2,0
0,8.0,3,4,5,2,121.87,Mobile,Married,0,0,1,new_high_risk,1,0,0-3 months,recent_new_customer,1,0,0,0-7 days,high_risk_tech,1,0,0,stable_low_risk,0,1,0,low_value,121.87,0,0,2,0
0,12.0,4,3,1,3,121.87,Mobile,Married,0,0,1,new_high_risk,1,0,0-3 months,recent_new_customer,1,0,0,0-7 days,high_risk_tech,1,0,0,stable_low_risk,0,1,0,low_value,121.87,0,0,2,0
0,9.0,4,1,4,0,121.77,Mobile,Married,0,0,1,new_high_risk,1,0,0-3 months,recent_new_customer,1,0,0,0-7 days,high_risk_tech,1,0,0,stable_low_risk,0,1,0,low_value,121.77,0,0,2,0
0,30.0,3,4,2,4,121.77,Mobile,Single,0,0,1,new_high_risk,1,0,0-3 months,recent_new_customer,1,0,0,0-7 days,high_risk_tech,1,0,0,unstable_high_risk,1,0,0,low_value,121.77,0,0,3,0
0,9.0,4,2,4,0,121.77,Mobile,Divorced,0,0,1,new_high_risk,1,0,0-3 months,recent_new_customer,1,0,0,0-7 days,high_risk_tech,1,0,0,moderate_risk,0,0,1,low_value,121.77,0,0,2,0
0,6.0,4,4,2,2,121.74,Mobile,Single,1,0,1,new_high_risk,1,0,0-3 months,recent_new_customer,1,0,0,0-7 days,high_risk_tech,1,0,0,unstable_high_risk,1,0,0,low_value,121.74,0,0,4,1
0,21.0,5,1,1,3,121.68,Mobile,Married,1,0,1,new_high_risk,1,0,0-3 months,recent_new_customer,1,0,0,0-7 days,high_risk_tech,1,0,0,stable_low_risk,0,1,0,low_value,121.68,0,0,3,0
0,21.0,5,2,1,3,121.68,Mobile,Divorced,1,0,1,new_high_risk,1,0,0-3 months,recent_new_customer,1,0,0,0-7 days,high_risk_tech,1,0,0,moderate_risk,0,0,1,low_value,121.68,0,0,3,0
0,13.0,3,5,4,3,121.66,Mobile,Single,1,0,1,new_high_risk,1,0,0-3 months,recent_new_customer,1,0,0,0-7 days,high_risk_tech,1,0,0,unstable_high_risk,1,0,0,low_value,121.66,0,0,4,1
0,26.0,3,1,2,2,121.57,Mobile,Married,0,0,1,new_high_risk,1,0,0-3 months,recent_new_customer,1,0,0,0-7 days,high_risk_tech,1,0,0,stable_low_risk,0,1,0,low_value,121.57,0,0,2,0
0,6.0,3,3,1,2,121.54,Mobile,Single,1,0,1,new_high_risk,1,0,0-3 months,recent_new_customer,1,0,0,0-7 days,high_risk_tech,1,0,0,unstable_high_risk,1,0,0,low_value,121.54,0,0,4,0
0,24.0,3,1,2,7,121.53,Mobile,Single,0,0,1,new_high_risk,1,0,0-3 months,recent_new_customer,1,0,0,0-7 days,high_risk_tech,1,0,0,unstable_high_risk,1,0,0,low_value,121.53,0,0,3,0
0,24.0,3,2,2,7,121.53,Mobile,Single,0,0,1,new_high_risk,1,0,0-3 months,recent_new_customer,1,0,0,0-7 days,high_risk_tech,1,0,0,unstable_high_risk,1,0,0,low_value,121.53,0,0,3,0
0,26.0,3,4,1,4,121.48,Mobile,Married,1,0,1,new_high_risk,1,0,0-3 months,recent_new_customer,1,0,0,0-7 days,high_risk_tech,1,0,0,stable_low_risk,0,1,0,low_value,121.48,0,0,3,1
0,16.0,3,1,1,1,121.45,Mobile,Married,0,0,1,new_high_risk,1,0,0-3 months,recent_new_customer,1,0,0,0-7 days,high_risk_tech,1,0,0,stable_low_risk,0,1,0,low_value,121.45,0,0,2,0
0,22.0,3,3,2,4,121.44,Mobile,Single,0,0,1,new_high_risk,1,0,0-3 months,recent_new_customer,1,0,0,0-7 days,high_risk_tech,1,0,0,unstable_high_risk,1,0,0,low_value,121.44,0,0,3,0
0,19.0,3,4,4,4,121.43,Mobile,Divorced,0,0,1,new_high_risk,1,0,0-3 months,recent_new_customer,1,0,0,0-7 days,high_risk_tech,1,0,0,moderate_risk,0,0,1,low_value,121.43,0,0,2,0
0,19.0,3,4,5,4,121.43,Mobile,Married,0,0,1,new_high_risk,1,0,0-3 months,recent_new_customer,1,0,0,0-7 days,high_risk_tech,1,0,0,stable_low_risk,0,1,0,low_value,121.43,0,0,2,0
0,13.0,4,4,2,1,121.41,Mobile,Married,0,0,1,new_high_risk,1,0,0-3 months,recent_new_customer,1,0,0,0-7 days,high_risk_tech,1,0,0,stable_low_risk,0,1,0,low_value,121.41,0,0,2,0
0,14.0,4,4,2,7,121.33,Laptop & Accessory,Married,1,0,1,new_high_risk,1,0,0-3 months,recent_new_customer,1,0,0,0-7 days,low_risk_electronics,0,0,0,stable_low_risk,0,1,0,low_value,121.33,0,0,2,0
0,34.0,3,1,5,3,121.32,Mobile,Married,0,0,1,new_high_risk,1,0,0-3 months,recent_new_customer,1,0,0,0-7 days,high_risk_tech,1,0,0,stable_low_risk,0,1,0,low_value,121.32,0,0,2,0
0,28.0,3,3,5,1,121.32,Mobile,Divorced,1,0,1,new_high_risk,1,0,0-3 months,recent_new_customer,1,0,0,0-7 days,high_risk_tech,1,0,0,moderate_risk,0,0,1,low_value,121.32,0,0,3,1
0,28.0,3,3,5,1,121.32,Mobile,Married,1,0,1,new_high_risk,1,0,0-3 months,recent_new_customer,1,0,0,0-7 days,high_risk_tech,1,0,0,stable_low_risk,0,1,0,low_value,121.32,0,0,3,1
0,23.0,4,4,2,0,121.27,Mobile,Divorced,0,0,1,new_high_risk,1,0,0-3 months,recent_new_customer,1,0,0,0-7 days,high_risk_tech,1,0,0,moderate_risk,0,0,1,low_value,121.27,0,0,2,0
0,11.0,1,3,3,3,121.27,Mobile,Divorced,1,0,1,new_high_risk,1,0,0-3 months,recent_new_customer,1,0,0,0-7 days,high_risk_tech,1,0,0,moderate_risk,0,0,1,low_value,121.27,0,0,3,0
0,23.0,4,4,2,0,121.27,Mobile,Married,0,0,1,new_high_risk,1,0,0-3 months,recent_new_customer,1,0,0,0-7 days,high_risk_tech,1,0,0,stable_low_risk,0,1,0,low_value,121.27,0,0,2,0
0,27.0,4,4,2,0,121.21,Mobile,Single,1,0,1,new_high_risk,1,0,0-3 months,recent_new_customer,1,0,0,0-7 days,high_risk_tech,1,0,0,unstable_high_risk,1,0,0,low_value,121.21,0,0,4,1
0,14.0,5,5,2,7,121.19,Mobile,Married,1,0,1,new_high_risk,1,0,0-3 months,recent_new_customer,1,0,0,0-7 days,high_risk_tech,1,0,0,stable_low_risk,0,1,0,low_value,121.19,0,0,3,1
0,14.0,5,5,2,7,121.19,Mobile,Divorced,1,0,1,new_high_risk,1,0,0-3 months,recent_new_customer,1,0,0,0-7 days,high_risk_tech,1,0,0,moderate_risk,0,0,1,low_value,121.19,0,0,3,1
0,6.0,3,1,2,7,121.15,Mobile,Single,0,0,1,new_high_risk,1,0,0-3 months,recent_new_customer,1,0,0,0-7 days,high_risk_tech,1,0,0,unstable_high_risk,1,0,0,low_value,121.15,0,0,3,0
0,6.0,3,2,2,7,121.15,Mobile,Single,0,0,1,new_high_risk,1,0,0-3 months,recent_new_customer,1,0,0,0-7 days,high_risk_tech,1,0,0,unstable_high_risk,1,0,0,low_value,121.15,0,0,3,0
0,14.0,1,4,10,2,121.09,Mobile,Single,0,0,1,new_high_risk,1,0,0-3 months,recent_new_customer,1,0,0,0-7 days,high_risk_tech,1,0,0,unstable_high_risk,1,0,0,low_value,121.09,0,0,3,0
0,10.0,4,5,2,0,121.09,Mobile,Married,0,0,1,new_high_risk,1,0,0-3 months,recent_new_customer,1,0,0,0-7 days,high_risk_tech,1,0,0,stable_low_risk,0,1,0,low_value,121.09,0,0,2,0
0,11.0,4,5,7,0,121.07,Mobile,Married,0,0,1,new_high_risk,1,0,0-3 months,recent_new_customer,1,0,0,0-7 days,high_risk_tech,1,0,0,stable_low_risk,0,1,0,low_value,121.07,0,0,2,1
0,17.0,3,5,1,4,120.99,Mobile,Married,0,0,1,new_high_risk,1,0,0-3 months,recent_new_customer,1,0,0,0-7 days,high_risk_tech,1,0,0,stable_low_risk,0,1,0,low_value,120.99,0,0,2,0
0,9.0,3,1,5,4,120.97,Mobile,Married,0,0,1,new_high_risk,1,0,0-3 months,recent_new_customer,1,0,0,0-7 days,high_risk_tech,1,0,0,stable_low_risk,0,1,0,low_value,120.97,0,0,2,0
0,19.0,3,3,2,6,120.96,Mobile,Divorced,0,0,1,new_high_risk,1,0,0-3 months,recent_new_customer,1,0,0,0-7 days,high_risk_tech,1,0,0,moderate_risk,0,0,1,low_value,120.96,0,0,2,0
0,19.0,3,3,2,6,120.96,Mobile,Married,0,0,1,new_high_risk,1,0,0-3 months,recent_new_customer,1,0,0,0-7 days,high_risk_tech,1,0,0,stable_low_risk,0,1,0,low_value,120.96,0,0,2,0
0,6.0,3,4,2,1,120.96,Mobile,Single,0,0,1,new_high_risk,1,0,0-3 months,recent_new_customer,1,0,0,0-7 days,high_risk_tech,1,0,0,unstable_high_risk,1,0,0,low_value,120.96,0,0,3,0
0,11.0,3,3,5,0,120.93,Mobile,Divorced,0,0,1,new_high_risk,1,0,0-3 months,recent_new_customer,1,0,0,0-7 days,high_risk_tech,1,0,0,moderate_risk,0,0,1,low_value,120.93,0,0,2,0
0,8.0,4,3,7,0,120.9,Mobile,Single,1,0,1,new_high_risk,1,0,0-3 months,recent_new_customer,1,0,0,0-7 days,high_risk_tech,1,0,0,unstable_high_risk,1,0,0,low_value,120.9,0,0,4,1
0,13.0,1,1,5,2,120.89,Mobile,Married,0,0,1,new_high_risk,1,0,0-3 months,recent_new_customer,1,0,0,0-7 days,high_risk_tech,1,0,0,stable_low_risk,0,1,0,low_value,120.89,0,0,2,0
0,13.0,2,2,5,2,120.89,Mobile,Married,0,0,1,new_high_risk,1,0,0-3 months,recent_new_customer,1,0,0,0-7 days,high_risk_tech,1,0,0,stable_low_risk,0,1,0,low_value,120.89,0,0,2,0
0,9.0,3,4,5,2,120.88,Mobile,Single,0,0,1,new_high_risk,1,0,0-3 months,recent_new_customer,1,0,0,0-7 days,high_risk_tech,1,0,0,unstable_high_risk,1,0,0,low_value,120.88,0,0,3,0
0,11.0,3,1,4,0,120.86,Laptop & Accessory,Married,0,0,1,new_high_risk,1,0,0-3 months,recent_new_customer,1,0,0,0-7 days,low_risk_electronics,0,0,0,stable_low_risk,0,1,0,low_value,120.86,0,0,1,1
0,11.0,3,2,4,0,120.86,Laptop & Accessory,Divorced,0,0,1,new_high_risk,1,0,0-3 months,recent_new_customer,1,0,0,0-7 days,low_risk_electronics,0,0,0,moderate_risk,0,0,1,low_value,120.86,0,0,1,1
0,9.0,3,3,2,0,120.83,Mobile,Married,0,0,1,new_high_risk,1,0,0-3 months,recent_new_customer,1,0,0,0-7 days,high_risk_tech,1,0,0,stable_low_risk,0,1,0,low_value,120.83,0,0,2,0
0,6.0,3,5,3,2,120.8,Mobile,Single,0,0,1,new_high_risk,1,0,0-3 months,recent_new_customer,1,0,0,0-7 days,high_risk_tech,1,0,0,unstable_high_risk,1,0,0,low_value,120.8,0,0,3,0
0,7.0,3,5,3,2,120.8,Mobile,Single,0,0,1,new_high_risk,1,0,0-3 months,recent_new_customer,1,0,0,0-7 days,high_risk_tech,1,0,0,unstable_high_risk,1,0,0,low_value,120.8,0,0,3,0
0,15.0,3,1,4,3,120.75,Mobile,Married,0,0,1,new_high_risk,1,0,0-3 months,recent_new_customer,1,0,0,0-7 days,high_risk_tech,1,0,0,stable_low_risk,0,1,0,low_value,120.75,0,0,2,0
0,12.0,3,5,5,2,120.73,Mobile,Married,1,0,1,new_high_risk,1,0,0-3 months,recent_new_customer,1,0,0,0-7 days,high_risk_tech,1,0,0,stable_low_risk,0,1,0,low_value,120.73,0,0,3,1
0,6.0,4,4,2,2,120.7,Mobile,Single,1,0,1,new_high_risk,1,0,0-3 months,recent_new_customer,1,0,0,0-7 days,high_risk_tech,1,0,0,unstable_high_risk,1,0,0,low_value,120.7,0,0,4,0
0,15.0,3,2,2,4,120.7,Mobile,Divorced,0,0,1,new_high_risk,1,0,0-3 months,recent_new_customer,1,0,0,0-7 days,high_risk_tech,1,0,0,moderate_risk,0,0,1,low_value,120.7,0,0,2,0
0,15.0,3,1,2,4,120.7,Mobile,Married,0,0,1,new_high_risk,1,0,0-3 months,recent_new_customer,1,0,0,0-7 days,high_risk_tech,1,0,0,stable_low_risk,0,1,0,low_value,120.7,0,0,2,0
0,7.0,3,3,1,3,120.64,Mobile,Married,0,0,1,new_high_risk,1,0,0-3 months,recent_new_customer,1,0,0,0-7 days,high_risk_tech,1,0,0,stable_low_risk,0,1,0,low_value,120.64,0,0,2,0
0,13.0,3,5,4,2,120.62,Mobile,Single,0,0,1,new_high_risk,1,0,0-3 months,recent_new_customer,1,0,0,0-7 days,high_risk_tech,1,0,0,unstable_high_risk,1,0,0,low_value,120.62,0,0,3,0
0,9.0,3,1,2,0,120.61,Mobile,Married,0,0,1,new_high_risk,1,0,0-3 months,recent_new_customer,1,0,0,0-7 days,high_risk_tech,1,0,0,stable_low_risk,0,1,0,low_value,120.61,0,0,2,0
0,6.0,3,3,1,5,120.58,Mobile,Single,0,0,1,new_high_risk,1,0,0-3 months,recent_new_customer,1,0,0,0-7 days,high_risk_tech,1,0,0,unstable_high_risk,1,0,0,low_value,120.58,0,0,3,1
0,9.0,4,2,1,1,120.45,Mobile,Single,0,0,1,new_high_risk,1,0,0-3 months,recent_new_customer,1,0,0,0-7 days,high_risk_tech,1,0,0,unstable_high_risk,1,0,0,low_value,120.45,0,0,3,0
0,9.0,4,1,1,1,120.45,Mobile,Single,0,0,1,new_high_risk,1,0,0-3 months,recent_new_customer,1,0,0,0-7 days,high_risk_tech,1,0,0,unstable_high_risk,1,0,0,low_value,120.45,0,0,3,0
0,8.0,4,3,2,2,120.44,Mobile,Single,0,0,1,new_high_risk,1,0,0-3 months,recent_new_customer,1,0,0,0-7 days,high_risk_tech,1,0,0,unstable_high_risk,1,0,0,low_value,120.44,0,0,3,1
0,6.0,3,1,2,3,120.44,Mobile,Married,0,0,1,new_high_risk,1,0,0-3 months,recent_new_customer,1,0,0,0-7 days,high_risk_tech,1,0,0,stable_low_risk,0,1,0,low_value,120.44,0,0,2,0
0,7.0,3,1,2,3,120.44,Mobile,Married,0,0,1,new_high_risk,1,0,0-3 months,recent_new_customer,1,0,0,0-7 days,high_risk_tech,1,0,0,stable_low_risk,0,1,0,low_value,120.44,0,0,2,0
0,29.0,3,4,5,2,120.42,Laptop & Accessory,Married,0,0,1,new_high_risk,1,0,0-3 months,recent_new_customer,1,0,0,0-7 days,low_risk_electronics,0,0,0,stable_low_risk,0,1,0,low_value,120.42,0,0,1,0
0,8.0,3,5,7,2,120.42,Mobile,Married,1,0,1,new_high_risk,1,0,0-3 months,recent_new_customer,1,0,0,0-7 days,high_risk_tech,1,0,0,stable_low_risk,0,1,0,low_value,120.42,0,0,3,1
0,8.0,3,5,7,2,120.42,Mobile,Divorced,1,0,1,new_high_risk,1,0,0-3 months,recent_new_customer,1,0,0,0-7 days,high_risk_tech,1,0,0,moderate_risk,0,0,1,low_value,120.42,0,0,3,1
0,19.0,3,4,2,0,120.33,Mobile,Divorced,0,0,1,new_high_risk,1,0,0-3 months,recent_new_customer,1,0,0,0-7 days,high_risk_tech,1,0,0,moderate_risk,0,0,1,low_value,120.33,0,0,2,0
0,18.0,4,5,2,0,120.33,Mobile,Divorced,0,0,1,new_high_risk,1,0,0-3 months,recent_new_customer,1,0,0,0-7 days,high_risk_tech,1,0,0,moderate_risk,0,0,1,low_value,120.33,0,0,2,1
0,18.0,4,5,2,0,120.33,Mobile,Married,0,0,1,new_high_risk,1,0,0-3 months,recent_new_customer,1,0,0,0-7 days,high_risk_tech,1,0,0,stable_low_risk,0,1,0,low_value,120.33,0,0,2,1
0,32.0,4,3,2,0,120.29,Mobile,Married,0,0,1,new_high_risk,1,0,0-3 months,recent_new_customer,1,0,0,0-7 days,high_risk_tech,1,0,0,stable_low_risk,0,1,0,low_value,120.29,0,0,2,0
0,30.0,4,3,6,3,120.28,Mobile,Single,1,0,1,new_high_risk,1,0,0-3 months,recent_new_customer,1,0,0,0-7 days,high_risk_tech,1,0,0,unstable_high_risk,1,0,0,low_value,120.28,0,0,4,1
0,27.0,1,4,2,13,120.28,Mobile,Married,0,0,1,new_high_risk,1,0,0-3 months,active_low_risk,0,0,1,8-14 days,high_risk_tech,1,0,0,stable_low_risk,0,1,0,low_value,120.28,0,0,2,0
0,15.0,3,4,7,2,120.24,Mobile,Married,0,0,1,new_high_risk,1,0,0-3 months,recent_new_customer,1,0,0,0-7 days,high_risk_tech,1,0,0,stable_low_risk,0,1,0,low_value,120.24,0,0,2,0
0,31.0,3,4,2,8,120.22,Mobile,Married,1,0,1,new_high_risk,1,0,0-3 months,active_low_risk,0,0,1,8-14 days,high_risk_tech,1,0,0,stable_low_risk,0,1,0,low_value,120.22,0,0,3,1
0,15.0,3,5,4,0,120.18,Mobile,Single,0,0,1,new_high_risk,1,0,0-3 months,recent_new_customer,1,0,0,0-7 days,high_risk_tech,1,0,0,unstable_high_risk,1,0,0,low_value,120.18,0,0,3,1
0,8.0,3,1,2,2,120.14,Mobile,Married,0,0,1,new_high_risk,1,0,0-3 months,recent_new_customer,1,0,0,0-7 days,high_risk_tech,1,0,0,stable_low_risk,0,1,0,low_value,120.14,0,0,2,0
0,13.0,3,4,3,3,120.13,Mobile,Single,0,0,1,new_high_risk,1,0,0-3 months,recent_new_customer,1,0,0,0-7 days,high_risk_tech,1,0,0,unstable_high_risk,1,0,0,low_value,120.13,0,0,3,0
0,8.0,1,2,2,7,120.11,Mobile,Divorced,0,0,1,new_high_risk,1,0,0-3 months,recent_new_customer,1,0,0,0-7 days,high_risk_tech,1,0,0,moderate_risk,0,0,1,low_value,120.11,0,0,2,0
0,8.0,1,1,2,7,120.11,Mobile,Married,0,0,1,new_high_risk,1,0,0-3 months,recent_new_customer,1,0,0,0-7 days,high_risk_tech,1,0,0,stable_low_risk,0,1,0,low_value,120.11,0,0,2,0
0,7.0,4,3,2,0,120.08,Mobile,Married,0,0,1,new_high_risk,1,0,0-3 months,recent_new_customer,1,0,0,0-7 days,high_risk_tech,1,0,0,stable_low_risk,0,1,0,low_value,120.08,0,0,2,0
0,16.0,3,4,2,0,120.08,Mobile,Married,0,0,1,new_high_risk,1,0,0-3 months,recent_new_customer,1,0,0,0-7 days,high_risk_tech,1,0,0,stable_low_risk,0,1,0,low_value,120.08,0,0,2,0
0,6.0,4,3,2,3,120.07,Mobile,Married,0,0,1,new_high_risk,1,0,0-3 months,recent_new_customer,1,0,0,0-7 days,high_risk_tech,1,0,0,stable_low_risk,0,1,0,low_value,120.07,0,0,2,0
0,8.0,3,3,3,2,120.01,Mobile,Married,0,0,1,new_high_risk,1,0,0-3 months,recent_new_customer,1,0,0,0-7 days,high_risk_tech,1,0,0,stable_low_risk,0,1,0,low_value,120.01,0,0,2,0
0,10.0,3,1,2,0,119.51,Mobile,Married,0,0,1,new_high_risk,1,0,0-3 months,recent_new_customer,1,0,0,0-7 days,high_risk_tech,1,0,0,stable_low_risk,0,1,0,low_value,119.51,0,0,2,0
0,14.0,3,3,2,0,119.04,Mobile,Single,0,0,1,new_high_risk,1,0,0-3 months,recent_new_customer,1,0,0,0-7 days,high_risk_tech,1,0,0,unstable_high_risk,1,0,0,low_value,119.04,0,0,3,1
0,14.0,3,3,2,0,119.04,Mobile Phone,Single,0,0,1,new_high_risk,1,0,0-3 months,recent_new_customer,1,0,0,0-7 days,high_risk_tech,1,0,0,unstable_high_risk,1,0,0,low_value,119.04,0,0,3,1
0,11.0,3,4,2,0,118.78,Mobile Phone,Single,1,0,1,new_high_risk,1,0,0-3 months,recent_new_customer,1,0,0,0-7 days,high_risk_tech,1,0,0,unstable_high_risk,1,0,0,low_value,118.78,0,0,4,1
0,16.0,4,4,2,0,118.59,Mobile Phone,Single,1,0,1,new_high_risk,1,0,0-3 months,recent_new_customer,1,0,0,0-7 days,high_risk_tech,1,0,0,unstable_high_risk,1,0,0,low_value,118.59,0,0,4,1
0,15.0,3,5,2,0,117.9,Mobile Phone,Married,0,0,1,new_high_risk,1,0,0-3 months,recent_new_customer,1,0,0,0-7 days,high_risk_tech,1,0,0,stable_low_risk,0,1,0,low_value,117.9,0,0,2,1
0,9.0,3,1,2,0,117.06,Mobile Phone,Married,0,0,1,new_high_risk,1,0,0-3 months,recent_new_customer,1,0,0,0-7 days,high_risk_tech,1,0,0,stable_low_risk,0,1,0,low_value,117.06,0,0,2,0
0,9.0,3,2,2,0,117.06,Mobile Phone,Divorced,0,0,1,new_high_risk,1,0,0-3 months,recent_new_customer,1,0,0,0-7 days,high_risk_tech,1,0,0,moderate_risk,0,0,1,low_value,117.06,0,0,2,0
0,28.0,3,3,2,0,116.75,Mobile Phone,Single,1,0,1,new_high_risk,1,0,0-3 months,recent_new_customer,1,0,0,0-7 days,high_risk_tech,1,0,0,unstable_high_risk,1,0,0,low_value,116.75,0,0,4,1
0,7.0,3,1,2,0,116.11,Mobile Phone,Single,0,0,1,new_high_risk,1,0,0-3 months,recent_new_customer,1,0,0,0-7 days,high_risk_tech,1,0,0,unstable_high_risk,1,0,0,low_value,116.11,0,0,3,0
0,12.0,1,5,2,0,116.01,Mobile Phone,Married,1,0,1,new_high_risk,1,0,0-3 months,recent_new_customer,1,0,0,0-7 days,high_risk_tech,1,0,0,stable_low_risk,0,1,0,low_value,116.01,0,0,3,1
0,12.0,1,5,2,0,116.01,Mobile Phone,Divorced,1,0,1,new_high_risk,1,0,0-3 months,recent_new_customer,1,0,0,0-7 days,high_risk_tech,1,0,0,moderate_risk,0,0,1,low_value,116.01,0,0,3,1
0,9.0,3,1,2,0,115.69,Mobile Phone,Single,1,0,1,new_high_risk,1,0,0-3 months,recent_new_customer,1,0,0,0-7 days,high_risk_tech,1,0,0,unstable_high_risk,1,0,0,low_value,115.69,0,0,4,1
0,7.0,4,3,2,0,115.63,Mobile Phone,Married,0,0,1,new_high_risk,1,0,0-3 months,recent_new_customer,1,0,0,0-7 days,high_risk_tech,1,0,0,stable_low_risk,0,1,0,low_value,115.63,0,0,2,0
0,28.0,5,3,2,0,115.55,Mobile Phone,Married,0,0,1,new_high_risk,1,0,0-3 months,recent_new_customer,1,0,0,0-7 days,high_risk_tech,1,0,0,stable_low_risk,0,1,0,low_value,115.55,0,0,2,1
0,20.0,3,3,2,0,115.14,Mobile Phone,Single,0,0,1,new_high_risk,1,0,0-3 months,recent_new_customer,1,0,0,0-7 days,high_risk_tech,1,0,0,unstable_high_risk,1,0,0,low_value,115.14,0,0,3,0
0,9.0,3,4,2,0,114.83,Mobile Phone,Single,0,0,1,new_high_risk,1,0,0-3 months,recent_new_customer,1,0,0,0-7 days,high_risk_tech,1,0,0,unstable_high_risk,1,0,0,low_value,114.83,0,0,3,0
0,9.0,3,3,2,0,114.2,Mobile Phone,Single,0,0,1,new_high_risk,1,0,0-3 months,recent_new_customer,1,0,0,0-7 days,high_risk_tech,1,0,0,unstable_high_risk,1,0,0,low_value,114.2,0,0,3,1
0,16.0,4,5,2,0,114.16,Mobile Phone,Single,0,0,1,new_high_risk,1,0,0-3 months,recent_new_customer,1,0,0,0-7 days,high_risk_tech,1,0,0,unstable_high_risk,1,0,0,low_value,114.16,0,0,3,1
0,8.0,3,4,2,0,113.93,Mobile Phone,Single,0,0,1,new_high_risk,1,0,0-3 months,recent_new_customer,1,0,0,0-7 days,high_risk_tech,1,0,0,unstable_high_risk,1,0,0,low_value,113.93,0,0,3,1
0,6.0,5,3,2,0,113.59,Mobile Phone,Single,0,0,1,new_high_risk,1,0,0-3 months,recent_new_customer,1,0,0,0-7 days,high_risk_tech,1,0,0,unstable_high_risk,1,0,0,low_value,113.59,0,0,3,1
0,9.0,4,3,2,0,112.81,Mobile Phone,Divorced,0,0,1,new_high_risk,1,0,0-3 months,recent_new_customer,1,0,0,0-7 days,high_risk_tech,1,0,0,moderate_risk,0,0,1,low_value,112.81,0,0,2,0
0,9.0,4,3,2,0,112.81,Mobile Phone,Married,0,0,1,new_high_risk,1,0,0-3 months,recent_new_customer,1,0,0,0-7 days,high_risk_tech,1,0,0,stable_low_risk,0,1,0,low_value,112.81,0,0,2,0
0,13.0,3,3,2,0,112.74,Mobile Phone,Married,0,0,1,new_high_risk,1,0,0-3 months,recent_new_customer,1,0,0,0-7 days,high_risk_tech,1,0,0,stable_low_risk,0,1,0,low_value,112.74,0,0,2,0
0,14.0,4,4,2,0,112.61,Mobile Phone,Single,0,0,1,new_high_risk,1,0,0-3 months,recent_new_customer,1,0,0,0-7 days,high_risk_tech,1,0,0,unstable_high_risk,1,0,0,low_value,112.61,0,0,3,1
0,21.0,3,1,2,0,112.32,Mobile Phone,Single,0,0,1,new_high_risk,1,0,0-3 months,recent_new_customer,1,0,0,0-7 days,high_risk_tech,1,0,0,unstable_high_risk,1,0,0,low_value,112.32,0,0,3,0
0,7.0,3,3,2,1,112.23,Mobile Phone,Married,0,0,1,new_high_risk,1,0,0-3 months,recent_new_customer,1,0,0,0-7 days,high_risk_tech,1,0,0,stable_low_risk,0,1,0,low_value,112.23,0,0,2,0
0,6.0,3,3,2,1,112.23,Mobile Phone,Divorced,0,0,1,new_high_risk,1,0,0-3 months,recent_new_customer,1,0,0,0-7 days,high_risk_tech,1,0,0,moderate_risk,0,0,1,low_value,112.23,0,0,2,0
0,16.0,4,3,2,0,112.0,Mobile Phone,Single,0,0,1,new_high_risk,1,0,0-3 months,recent_new_customer,1,0,0,0-7 days,high_risk_tech,1,0,0,unstable_high_risk,1,0,0,low_value,112.0,0,0,3,0
0,16.0,4,3,2,0,112.0,Mobile Phone,Single,0,0,0,new_high_risk,1,0,0-3 months,recent_new_customer,1,0,0,0-7 days,high_risk_tech,1,0,0,unstable_high_risk,1,0,0,low_value,112.0,0,0,3,0
0,30.0,5,1,2,0,111.18,Mobile Phone,Single,1,0,0,new_high_risk,1,0,0-3 months,recent_new_customer,1,0,0,0-7 days,high_risk_tech,1,0,0,unstable_high_risk,1,0,0,low_value,111.18,0,0,4,1
0,30.0,5,2,2,0,111.18,Mobile Phone,Single,1,0,0,new_high_risk,1,0,0-3 months,recent_new_customer,1,0,0,0-7 days,high_risk_tech,1,0,0,unstable_high_risk,1,0,0,low_value,111.18,0,0,4,1
0,8.0,4,2,2,0,111.02,Mobile Phone,Single,0,0,0,new_high_risk,1,0,0-3 months,recent_new_customer,1,0,0,0-7 days,high_risk_tech,1,0,0,unstable_high_risk,1,0,0,low_value,111.02,0,0,3,1
0,8.0,4,1,2,0,111.02,Mobile Phone,Single,0,0,0,new_high_risk,1,0,0-3 months,recent_new_customer,1,0,0,0-7 days,high_risk_tech,1,0,0,unstable_high_risk,1,0,0,low_value,111.02,0,0,3,1
0,30.0,1,5,2,0,110.91,Mobile Phone,Single,0,0,0,new_high_risk,1,0,0-3 months,recent_new_customer,1,0,0,0-7 days,high_risk_tech,1,0,0,unstable_high_risk,1,0,0,low_value,110.91,0,0,3,1
0,15.0,3,1,2,0,110.81,Mobile Phone,Single,0,0,0,new_high_risk,1,0,0-3 months,recent_new_customer,1,0,0,0-7 days,high_risk_tech,1,0,0,unstable_high_risk,1,0,0,low_value,110.81,0,0,3,1
0,11.0,3,1,2,0,110.51,Mobile Phone,Single,0,0,0,new_high_risk,1,0,0-3 months,recent_new_customer,1,0,0,0-7 days,high_risk_tech,1,0,0,unstable_high_risk,1,0,0,low_value,110.51,0,0,3,0
0,11.0,3,2,2,0,110.51,Mobile Phone,Single,0,0,0,new_high_risk,1,0,0-3 months,recent_new_customer,1,0,0,0-7 days,high_risk_tech,1,0,0,unstable_high_risk,1,0,0,low_value,110.51,0,0,3,0
0,16.0,3,3,2,1,110.09,Mobile Phone,Single,1,0,0,new_high_risk,1,0,0-3 months,recent_new_customer,1,0,0,0-7 days,high_risk_tech,1,0,0,unstable_high_risk,1,0,0,low_value,110.09,0,0,4,1
0,12.0,3,1,2,2,56.0,Mobile Phone,Married,1,0,0,new_high_risk,1,0,0-3 months,recent_new_customer,1,0,0,0-7 days,high_risk_tech,1,0,0,stable_low_risk,0,1,0,low_value,56.0,0,1,3,0
61,28.0,4,1,6,1,303.75,Grocery,Married,1,0,0,established_loyal,0,1,2+ years,recent_new_customer,1,0,0,0-7 days,lowest_risk_grocery,0,1,0,stable_low_risk,0,1,0,high_value,4.9795084,1,0,1,0
60,27.0,3,1,5,0,278.75,Grocery,Married,1,0,0,established_loyal,0,1,2+ years,recent_new_customer,1,0,0,0-7 days,lowest_risk_grocery,0,1,0,stable_low_risk,0,1,0,medium_value,4.6458335,0,0,1,0
51,7.0,2,3,2,9,174.0,Laptop & Accessory,Divorced,0,0,0,established_loyal,0,1,2+ years,active_low_risk,0,0,1,8-14 days,low_risk_electronics,0,0,0,moderate_risk,0,0,1,medium_value,3.4117646,0,0,0,0
50,6.0,1,3,1,8,149.0,Laptop & Accessory,Divorced,0,0,0,established_loyal,0,1,2+ years,active_low_risk,0,0,1,8-14 days,low_risk_electronics,0,0,0,moderate_risk,0,0,1,low_value,2.98,0,0,0,0
31,14.0,4,5,7,11,320.66,Others,Married,0,0,0,established_loyal,0,1,2+ years,active_low_risk,0,0,1,8-14 days,low_risk_other,0,0,0,stable_low_risk,0,1,0,high_value,10.343871,1,0,0,0
31,28.0,4,1,6,1,303.75,Grocery,Married,1,0,0,established_loyal,0,1,2+ years,recent_new_customer,1,0,0,0-7 days,lowest_risk_grocery,0,1,0,stable_low_risk,0,1,0,high_value,9.798388,1,0,1,0
31,9.0,4,4,6,15,287.91,Grocery,Married,0,0,0,established_loyal,0,1,2+ years,stable_lowest_risk,0,0,1,15-30 days,lowest_risk_grocery,0,1,0,stable_low_risk,0,1,0,medium_value,9.287419,0,0,0,0
31,22.0,4,3,4,3,282.87,Grocery,Married,1,0,0,established_loyal,0,1,2+ years,recent_new_customer,1,0,0,0-7 days,lowest_risk_grocery,0,1,0,stable_low_risk,0,1,0,medium_value,9.124839,0,0,1,0
31,36.0,5,1,5,1,266.18,Grocery,Married,0,0,0,established_loyal,0,1,2+ years,recent_new_customer,1,0,0,0-7 days,lowest_risk_grocery,0,1,0,stable_low_risk,0,1,0,medium_value,8.586452,0,0,0,0
31,36.0,5,2,5,1,266.18,Grocery,Married,0,0,0,established_loyal,0,1,2+ years,recent_new_customer,1,0,0,0-7 days,lowest_risk_grocery,0,1,0,stable_low_risk,0,1,0,medium_value,8.586452,0,0,0,0
31,9.0,5,2,5,4,262.26,Grocery,Single,1,0,0,established_loyal,0,1,2+ years,recent_new_customer,1,0,0,0-7 days,lowest_risk_grocery,0,1,0,unstable_high_risk,1,0,0,medium_value,8.46,0,0,2,0
31,9.0,5,1,5,4,262.26,Grocery,Single,1,0,0,established_loyal,0,1,2+ years,recent_new_customer,1,0,0,0-7 days,lowest_risk_grocery,0,1,0,unstable_high_risk,1,0,0,medium_value,8.46,0,0,2,0
31,7.0,4,1,5,5,244.04,Fashion,Married,1,0,0,established_loyal,0,1,2+ years,recent_new_customer,1,0,0,0-7 days,moderate_risk_fashion,0,0,1,stable_low_risk,0,1,0,medium_value,7.8722577,0,0,1,0
31,7.0,6,1,5,1,233.83,Fashion,Married,0,0,0,established_loyal,0,1,2+ years,recent_new_customer,1,0,0,0-7 days,moderate_risk_fashion,0,0,1,stable_low_risk,0,1,0,medium_value,7.5429034,0,0,0,0
31,8.0,6,1,5,1,233.83,Fashion,Married,0,0,0,established_loyal,0,1,2+ years,recent_new_customer,1,0,0,0-7 days,moderate_risk_fashion,0,0,1,stable_low_risk,0,1,0,medium_value,7.5429034,0,0,0,0
31,12.0,5,4,4,47,230.52,Fashion,Married,1,1,0,established_loyal,0,1,2+ years,dormant_high_risk,0,1,0,31+ days,moderate_risk_fashion,0,0,1,stable_low_risk,0,1,0,medium_value,7.436129,0,0,2,0
31,25.0,4,2,8,47,230.12,Fashion,Single,0,1,0,established_loyal,0,1,2+ years,dormant_high_risk,0,1,0,31+ days,moderate_risk_fashion,0,0,1,unstable_high_risk,1,0,0,medium_value,7.423226,0,0,2,0
31,35.0,5,5,6,47,227.66,Fashion,Married,0,1,0,established_loyal,0,1,2+ years,dormant_high_risk,0,1,0,31+ days,moderate_risk_fashion,0,0,1,stable_low_risk,0,1,0,medium_value,7.343871,0,0,1,0
31,31.0,2,1,5,47,219.39,Fashion,Married,1,1,0,established_loyal,0,1,2+ years,dormant_high_risk,0,1,0,31+ days,moderate_risk_fashion,0,0,1,stable_low_risk,0,1,0,medium_value,7.077097,0,0,2,0
31,31.0,3,2,5,47,219.39,Fashion,Married,1,1,0,established_loyal,0,1,2+ years,dormant_high_risk,0,1,0,31+ days,moderate_risk_fashion,0,0,1,stable_low_risk,0,1,0,medium_value,7.077097,0,0,2,0
31,7.0,4,3,4,3,192.55,Laptop & Accessory,Married,0,0,0,established_loyal,0,1,2+ years,recent_new_customer,1,0,0,0-7 days,low_risk_electronics,0,0,0,stable_low_risk,0,1,0,medium_value,6.2112904,0,0,0,0
31,7.0,6,3,4,3,181.6,Laptop & Accessory,Married,1,0,0,established_loyal,0,1,2+ years,recent_new_customer,1,0,0,0-7 days,low_risk_electronics,0,0,0,stable_low_risk,0,1,0,medium_value,5.8580647,0,0,1,0
31,7.0,5,3,9,4,179.73,Laptop & Accessory,Single,0,0,0,established_loyal,0,1,2+ years,recent_new_customer,1,0,0,0-7 days,low_risk_electronics,0,0,0,unstable_high_risk,1,0,0,medium_value,5.797742,0,0,1,0
31,23.0,4,5,10,3,179.05,Laptop & Accessory,Single,0,0,0,established_loyal,0,1,2+ years,recent_new_customer,1,0,0,0-7 days,low_risk_electronics,0,0,0,unstable_high_risk,1,0,0,medium_value,5.7758064,0,0,1,0
31,14.0,2,2,2,10,177.2,Laptop & Accessory,Married,1,0,0,established_loyal,0,1,2+ years,active_low_risk,0,0,1,8-14 days,low_risk_electronics,0,0,0,stable_low_risk,0,1,0,medium_value,5.716129,0,0,1,0
31,14.0,2,1,2,10,177.2,Laptop & Accessory,Married,1,0,0,established_loyal,0,1,2+ years,active_low_risk,0,0,1,8-14 days,low_risk_electronics,0,0,0,stable_low_risk,0,1,0,medium_value,5.716129,0,0,1,0
31,10.0,5,2,7,6,176.71,Laptop & Accessory,Single,0,0,0,established_loyal,0,1,2+ years,recent_new_customer,1,0,0,0-7 days,low_risk_electronics,0,0,0,unstable_high_risk,1,0,0,medium_value,5.7003226,0,0,1,0
31,10.0,5,1,7,6,176.71,Laptop & Accessory,Single,0,0,0,established_loyal,0,1,2+ years,recent_new_customer,1,0,0,0-7 days,low_risk_electronics,0,0,0,unstable_high_risk,1,0,0,medium_value,5.7003226,0,0,1,0
31,16.0,5,4,6,1,158.46,Mobile Phone,Divorced,1,0,0,established_loyal,0,1,2+ years,recent_new_customer,1,0,0,0-7 days,high_risk_tech,1,0,0,moderate_risk,0,0,1,medium_value,5.1116133,0,0,2,0
31,16.0,5,4,6,1,158.46,Mobile Phone,Married,1,0,0,established_loyal,0,1,2+ years,recent_new_customer,1,0,0,0-7 days,high_risk_tech,1,0,0,stable_low_risk,0,1,0,medium_value,5.1116133,0,0,2,0
31,10.0,2,5,6,1,151.7,Mobile Phone,Married,1,0,0,established_loyal,0,1,2+ years,recent_new_customer,1,0,0,0-7 days,high_risk_tech,1,0,0,stable_low_risk,0,1,0,medium_value,4.8935485,0,0,2,0
31,13.0,4,3,10,3,147.67,Mobile Phone,Married,0,0,0,established_loyal,0,1,2+ years,recent_new_customer,1,0,0,0-7 days,high_risk_tech,1,0,0,stable_low_risk,0,1,0,low_value,4.7635484,0,0,1,0
31,13.0,4,3,10,3,147.67,Mobile Phone,Divorced,0,0,0,established_loyal,0,1,2+ years,recent_new_customer,1,0,0,0-7 days,high_risk_tech,1,0,0,moderate_risk,0,0,1,low_value,4.7635484,0,0,1,0
31,10.0,5,2,5,1,146.77,Mobile Phone,Divorced,0,0,0,established_loyal,0,1,2+ years,recent_new_customer,1,0,0,0-7 days,high_risk_tech,1,0,0,moderate_risk,0,0,1,low_value,4.734516,0,0,1,0
30,11.0,4,5,6,3,324.43,Others,Married,0,0,0,established_loyal,0,1,2+ years,recent_new_customer,1,0,0,0-7 days,low_risk_other,0,0,0,stable_low_risk,0,1,0,high_value,10.814333,1,0,0,0
30,15.0,4,4,8,8,322.17,Others,Single,0,0,0,established_loyal,0,1,2+ years,active_low_risk,0,0,1,8-14 days,low_risk_other,0,0,0,unstable_high_risk,1,0,0,high_value,10.739,1,0,1,0
30,6.0,3,5,4,5,297.01,Others,Divorced,1,0,0,established_loyal,0,1,2+ years,recent_new_customer,1,0,0,0-7 days,low_risk_other,0,0,0,moderate_risk,0,0,1,medium_value,9.900333,0,0,1,0
30,7.0,3,5,4,5,297.01,Others,Married,1,0,0,established_loyal,0,1,2+ years,recent_new_customer,1,0,0,0-7 days,low_risk_other,0,0,0,stable_low_risk,0,1,0,medium_value,9.900333,0,0,1,0
30,13.0,3,5,6,10,295.66,Others,Divorced,0,0,0,established_loyal,0,1,2+ years,active_low_risk,0,0,1,8-14 days,low_risk_other,0,0,0,moderate_risk,0,0,1,medium_value,9.855333,0,0,0,0
30,13.0,3,5,6,10,295.66,Others,Married,0,0,0,established_loyal,0,1,2+ years,active_low_risk,0,0,1,8-14 days,low_risk_other,0,0,0,stable_low_risk,0,1,0,medium_value,9.855333,0,0,0,0
30,27.0,3,1,5,0,278.75,Grocery,Married,1,0,0,established_loyal,0,1,2+ years,recent_new_customer,1,0,0,0-7 days,lowest_risk_grocery,0,1,0,stable_low_risk,0,1,0,medium_value,9.291667,0,0,1,0
30,8.0,3,4,5,14,262.91,Grocery,Married,0,0,0,established_loyal,0,1,2+ years,active_low_risk,0,0,1,8-14 days,lowest_risk_grocery,0,1,0,stable_low_risk,0,1,0,medium_value,8.763667,0,0,0,0
30,30.0,4,4,6,10,259.02,Grocery,Married,1,0,0,established_loyal,0,1,2+ years,active_low_risk,0,0,1,8-14 days,lowest_risk_grocery,0,1,0,stable_low_risk,0,1,0,medium_value,8.634,0,0,1,0
30,30.0,4,4,6,10,259.02,Grocery,Divorced,1,0,0,established_loyal,0,1,2+ years,active_low_risk,0,0,1,8-14 days,lowest_risk_grocery,0,1,0,moderate_risk,0,0,1,medium_value,8.634,0,0,1,0
30,21.0,3,3,3,2,257.87,Grocery,Married,1,0,0,established_loyal,0,1,2+ years,recent_new_customer,1,0,0,0-7 days,lowest_risk_grocery,0,1,0,stable_low_risk,0,1,0,medium_value,8.595667,0,0,1,0
30,13.0,3,5,11,8,257.12,Grocery,Divorced,0,0,0,established_loyal,0,1,2+ years,active_low_risk,0,0,1,8-14 days,lowest_risk_grocery,0,1,0,moderate_risk,0,0,1,medium_value,8.570666,0,0,0,0
30,35.0,4,2,4,0,241.18,Grocery,Married,0,0,0,established_loyal,0,1,2+ years,recent_new_customer,1,0,0,0-7 days,lowest_risk_grocery,0,1,0,stable_low_risk,0,1,0,medium_value,8.039333,0,0,0,0
30,35.0,4,1,4,0,241.18,Grocery,Married,0,0,0,established_loyal,0,1,2+ years,recent_new_customer,1,0,0,0-7 days,lowest_risk_grocery,0,1,0,stable_low_risk,0,1,0,medium_value,8.039333,0,0,0,0
30,16.0,3,3,1,8,238.72,Grocery,Single,0,0,0,established_loyal,0,1,2+ years,active_low_risk,0,0,1,8-14 days,lowest_risk_grocery,0,1,0,unstable_high_risk,1,0,0,medium_value,7.9573336,0,0,1,0
30,8.0,4,2,4,3,237.26,Grocery,Single,1,0,0,established_loyal,0,1,2+ years,recent_new_customer,1,0,0,0-7 days,lowest_risk_grocery,0,1,0,unstable_high_risk,1,0,0,medium_value,7.9086666,0,0,2,0
30,16.0,4,1,9,2,236.03,Grocery,Married,0,0,0,established_loyal,0,1,2+ years,recent_new_customer,1,0,0,0-7 days,lowest_risk_grocery,0,1,0,stable_low_risk,0,1,0,medium_value,7.8676667,0,0,0,0
30,6.0,3,2,4,47,219.04,Fashion,Divorced,1,1,0,established_loyal,0,1,2+ years,dormant_high_risk,0,1,0,31+ days,moderate_risk_fashion,0,0,1,moderate_risk,0,0,1,medium_value,7.301333,0,0,2,0
30,7.0,5,1,4,0,208.83,Fashion,Married,0,0,0,established_loyal,0,1,2+ years,recent_new_customer,1,0,0,0-7 days,moderate_risk_fashion,0,0,1,stable_low_risk,0,1,0,medium_value,6.961,0,0,0,0
30,11.0,4,4,3,4,205.52,Fashion,Married,1,0,0,established_loyal,0,1,2+ years,recent_new_customer,1,0,0,0-7 days,moderate_risk_fashion,0,0,1,stable_low_risk,0,1,0,medium_value,6.850667,0,0,1,0
30,24.0,3,1,7,4,205.12,Fashion,Single,0,0,0,established_loyal,0,1,2+ years,recent_new_customer,1,0,0,0-7 days,moderate_risk_fashion,0,0,1,unstable_high_risk,1,0,0,medium_value,6.837333,0,0,1,0
30,30.0,1,1,4,4,194.39,Fashion,Married,1,0,0,established_loyal,0,1,2+ years,recent_new_customer,1,0,0,0-7 days,moderate_risk_fashion,0,0,1,stable_low_risk,0,1,0,medium_value,6.4796667,0,0,1,0
30,7.0,4,3,3,10,188.06,Laptop & Accessory,Married,0,0,0,established_loyal,0,1,2+ years,active_low_risk,0,0,1,8-14 days,low_risk_electronics,0,0,0,stable_low_risk,0,1,0,medium_value,6.2686667,0,0,0,0
30,18.0,5,5,6,1,178.8,Laptop & Accessory,Married,0,0,0,established_loyal,0,1,2+ years,recent_new_customer,1,0,0,0-7 days,low_risk_electronics,0,0,0,stable_low_risk,0,1,0,medium_value,5.96,0,0,0,0
30,31.0,3,5,8,9,176.37,Fashion,Single,0,0,0,established_loyal,0,1,2+ years,active_low_risk,0,0,1,8-14 days,moderate_risk_fashion,0,0,1,unstable_high_risk,1,0,0,medium_value,5.8789997,0,0,1,0
30,15.0,4,5,6,3,167.57,Mobile Phone,Married,1,0,0,established_loyal,0,1,2+ years,recent_new_customer,1,0,0,0-7 days,high_risk_tech,1,0,0,stable_low_risk,0,1,0,medium_value,5.585667,0,0,2,0
30,6.0,3,3,3,2,167.55,Laptop & Accessory,Divorced,0,0,0,established_loyal,0,1,2+ years,recent_new_customer,1,0,0,0-7 days,low_risk_electronics,0,0,0,moderate_risk,0,0,1,medium_value,5.585,0,0,0,0
30,6.0,5,3,3,2,156.6,Laptop & Accessory,Married,1,0,0,established_loyal,0,1,2+ years,recent_new_customer,1,0,0,0-7 days,low_risk_electronics,0,0,0,stable_low_risk,0,1,0,medium_value,5.2200003,0,0,1,0
30,6.0,4,3,8,3,154.73,Laptop & Accessory,Single,0,0,0,established_loyal,0,1,2+ years,recent_new_customer,1,0,0,0-7 days,low_risk_electronics,0,0,0,unstable_high_risk,1,0,0,medium_value,5.1576667,0,0,1,0
30,16.0,4,3,4,4,154.42,Mobile Phone,Married,0,0,0,established_loyal,0,1,2+ years,recent_new_customer,1,0,0,0-7 days,high_risk_tech,1,0,0,stable_low_risk,0,1,0,medium_value,5.147333,0,0,1,0
30,16.0,4,3,4,4,154.42,Mobile Phone,Divorced,0,0,0,established_loyal,0,1,2+ years,recent_new_customer,1,0,0,0-7 days,high_risk_tech,1,0,0,moderate_risk,0,0,1,medium_value,5.147333,0,0,1,0
30,22.0,3,5,9,2,154.05,Laptop & Accessory,Single,0,0,0,established_loyal,0,1,2+ years,recent_new_customer,1,0,0,0-7 days,low_risk_electronics,0,0,0,unstable_high_risk,1,0,0,medium_value,5.135,0,0,1,0
30,13.0,1,2,1,9,152.2,Laptop & Accessory,Married,1,0,0,established_loyal,0,1,2+ years,active_low_risk,0,0,1,8-14 days,low_risk_electronics,0,0,0,stable_low_risk,0,1,0,medium_value,5.0733333,0,0,1,0
30,13.0,1,1,1,9,152.2,Laptop & Accessory,Married,1,0,0,established_loyal,0,1,2+ years,active_low_risk,0,0,1,8-14 days,low_risk_electronics,0,0,0,stable_low_risk,0,1,0,medium_value,5.0733333,0,0,1,0
30,9.0,4,2,6,5,151.71,Laptop & Accessory,Single,0,0,0,established_loyal,0,1,2+ years,recent_new_customer,1,0,0,0-7 days,low_risk_electronics,0,0,0,unstable_high_risk,1,0,0,medium_value,5.057,0,0,1,0
30,7.0,1,3,1,8,149.0,Laptop & Accessory,Married,0,0,0,established_loyal,0,1,2+ years,active_low_risk,0,0,1,8-14 days,low_risk_electronics,0,0,0,stable_low_risk,0,1,0,low_value,4.9666667,0,0,0,0
30,7.0,4,5,4,1,145.66,Mobile Phone,Divorced,0,0,0,established_loyal,0,1,2+ years,recent_new_customer,1,0,0,0-7 days,high_risk_tech,1,0,0,moderate_risk,0,0,1,low_value,4.8553333,0,0,1,0
30,15.0,4,4,5,0,133.46,Mobile,Married,1,0,0,established_loyal,0,1,2+ years,recent_new_customer,1,0,0,0-7 days,high_risk_tech,1,0,0,stable_low_risk,0,1,0,low_value,4.448667,0,0,2,0
30,9.0,1,5,5,0,126.7,Mobile,Married,1,0,0,established_loyal,0,1,2+ years,recent_new_customer,1,0,0,0-7 days,high_risk_tech,1,0,0,stable_low_risk,0,1,0,low_value,4.2233334,0,0,2,0
30,14.0,3,3,2,2,123.72,Mobile,Married,0,0,0,established_loyal,0,1,2+ years,recent_new_customer,1,0,0,0-7 days,high_risk_tech,1,0,0,stable_low_risk,0,1,0,low_value,4.124,0,0,1,0
29,33.0,2,4,6,5,321.36,Others,Married,1,0,0,established_loyal,0,1,2+ years,recent_new_customer,1,0,0,0-7 days,low_risk_other,0,0,0,stable_low_risk,0,1,0,high_value,11.081379,1,0,1,0
29,33.0,5,1,3,14,320.86,Others,Married,0,0,0,established_loyal,0,1,2+ years,active_low_risk,0,0,1,8-14 days,low_risk_other,0,0,0,stable_low_risk,0,1,0,high_value,11.064137,1,0,0,0
29,7.0,4,5,2,14,315.45,Others,Single,1,0,0,established_loyal,0,1,2+ years,active_low_risk,0,0,1,8-14 days,low_risk_other,0,0,0,unstable_high_risk,1,0,0,high_value,10.877586,1,0,2,0
29,9.0,5,5,10,1,315.38,Others,Married,0,0,0,established_loyal,0,1,2+ years,recent_new_customer,1,0,0,0-7 days,low_risk_other,0,0,0,stable_low_risk,0,1,0,high_value,10.875173,1,0,0,0
29,21.0,2,4,10,16,312.22,Others,Single,0,0,0,established_loyal,0,1,2+ years,stable_lowest_risk,0,0,1,15-30 days,low_risk_other,0,0,0,unstable_high_risk,1,0,0,high_value,10.766207,1,0,1,0
29,21.0,3,4,10,16,312.22,Others,Single,0,0,0,established_loyal,0,1,2+ years,stable_lowest_risk,0,0,1,15-30 days,low_risk_other,0,0,0,unstable_high_risk,1,0,0,high_value,10.766207,1,0,1,0
29,25.0,4,4,5,8,293.35,Grocery,Single,0,0,0,established_loyal,0,1,2+ years,active_low_risk,0,0,1,8-14 days,lowest_risk_grocery,0,1,0,unstable_high_risk,1,0,0,medium_value,10.115518,0,0,1,0
29,25.0,4,4,5,9,293.35,Grocery,Single,0,0,0,established_loyal,0,1,2+ years,active_low_risk,0,0,1,8-14 days,lowest_risk_grocery,0,1,0,unstable_high_risk,1,0,0,medium_value,10.115518,0,0,1,0
29,9.0,5,5,9,3,292.56,Grocery,Single,0,0,0,established_loyal,0,1,2+ years,recent_new_customer,1,0,0,0-7 days,lowest_risk_grocery,0,1,0,unstable_high_risk,1,0,0,medium_value,10.088276,0,0,1,0
29,9.0,4,1,4,3,291.59,Grocery,Single,1,0,0,established_loyal,0,1,2+ years,recent_new_customer,1,0,0,0-7 days,lowest_risk_grocery,0,1,0,unstable_high_risk,1,0,0,medium_value,10.054828,0,0,2,0
29,15.0,4,3,4,3,272.56,Grocery,Married,1,0,0,established_loyal,0,1,2+ years,recent_new_customer,1,0,0,0-7 days,lowest_risk_grocery,0,1,0,stable_low_risk,0,1,0,medium_value,9.398621,0,0,1,0
29,8.0,2,1,4,1,272.32,Grocery,Married,0,0,0,established_loyal,0,1,2+ years,recent_new_customer,1,0,0,0-7 days,lowest_risk_grocery,0,1,0,stable_low_risk,0,1,0,medium_value,9.390345,0,0,0,0
29,7.0,2,2,4,1,272.32,Grocery,Married,0,0,0,established_loyal,0,1,2+ years,recent_new_customer,1,0,0,0-7 days,lowest_risk_grocery,0,1,0,stable_low_risk,0,1,0,medium_value,9.390345,0,0,0,0
29,15.0,5,4,3,1,260.77,Grocery,Married,1,0,0,established_loyal,0,1,2+ years,recent_new_customer,1,0,0,0-7 days,lowest_risk_grocery,0,1,0,stable_low_risk,0,1,0,medium_value,8.992068,0,0,1,0
29,9.0,4,4,5,3,234.76,Fashion,Married,0,0,0,established_loyal,0,1,2+ years,recent_new_customer,1,0,0,0-7 days,moderate_risk_fashion,0,0,1,stable_low_risk,0,1,0,medium_value,8.095172,0,0,0,0
29,29.0,3,4,5,9,234.02,Grocery,Divorced,1,0,0,established_loyal,0,1,2+ years,active_low_risk,0,0,1,8-14 days,lowest_risk_grocery,0,1,0,moderate_risk,0,0,1,medium_value,8.069655,0,0,1,0
29,29.0,3,4,5,9,234.02,Grocery,Married,1,0,0,established_loyal,0,1,2+ years,active_low_risk,0,0,1,8-14 days,lowest_risk_grocery,0,1,0,stable_low_risk,0,1,0,medium_value,8.069655,0,0,1,0
29,7.0,4,1,5,47,227.39,Fashion,Married,0,1,0,established_loyal,0,1,2+ years,dormant_high_risk,0,1,0,31+ days,moderate_risk_fashion,0,0,1,stable_low_risk,0,1,0,medium_value,7.8410344,0,0,1,0
29,15.0,3,1,8,47,211.03,Grocery,Married,0,1,0,established_loyal,0,1,2+ years,dormant_high_risk,0,1,0,31+ days,lowest_risk_grocery,0,1,0,stable_low_risk,0,1,0,medium_value,7.2768965,0,0,1,0
29,15.0,3,2,8,47,211.03,Grocery,Divorced,0,1,0,established_loyal,0,1,2+ years,dormant_high_risk,0,1,0,31+ days,lowest_risk_grocery,0,1,0,moderate_risk,0,0,1,medium_value,7.2768965,0,0,1,0
29,25.0,4,4,5,8,188.85,Laptop & Accessory,Married,1,0,0,established_loyal,0,1,2+ years,active_low_risk,0,0,1,8-14 days,low_risk_electronics,0,0,0,stable_low_risk,0,1,0,medium_value,6.512069,0,0,1,0
29,27.0,4,1,5,9,179.15,Laptop & Accessory,Married,1,0,0,established_loyal,0,1,2+ years,active_low_risk,0,0,1,8-14 days,low_risk_electronics,0,0,0,stable_low_risk,0,1,0,medium_value,6.177586,0,0,1,0
29,27.0,4,2,5,9,179.15,Laptop & Accessory,Divorced,1,0,0,established_loyal,0,1,2+ years,active_low_risk,0,0,1,8-14 days,low_risk_electronics,0,0,0,moderate_risk,0,0,1,medium_value,6.177586,0,0,1,0
29,11.0,4,3,2,3,165.35,Laptop & Accessory,Married,1,0,0,established_loyal,0,1,2+ years,recent_new_customer,1,0,0,0-7 days,low_risk_electronics,0,0,0,stable_low_risk,0,1,0,medium_value,5.7017245,0,0,1,0
29,6.0,3,3,2,9,163.06,Laptop & Accessory,Married,0,0,0,established_loyal,0,1,2+ years,active_low_risk,0,0,1,8-14 days,low_risk_electronics,0,0,0,stable_low_risk,0,1,0,medium_value,5.6227584,0,0,0,0
29,7.0,3,3,2,9,163.06,Laptop & Accessory,Married,0,0,0,established_loyal,0,1,2+ years,active_low_risk,0,0,1,8-14 days,low_risk_electronics,0,0,0,stable_low_risk,0,1,0,medium_value,5.6227584,0,0,0,0
29,9.0,5,1,10,5,151.62,Mobile Phone,Married,0,0,0,established_loyal,0,1,2+ years,recent_new_customer,1,0,0,0-7 days,high_risk_tech,1,0,0,stable_low_risk,0,1,0,medium_value,5.228276,0,0,1,0
29,14.0,3,5,5,2,142.57,Mobile Phone,Married,1,0,0,established_loyal,0,1,2+ years,recent_new_customer,1,0,0,0-7 days,high_risk_tech,1,0,0,stable_low_risk,0,1,0,low_value,4.9162073,0,0,2,0
29,15.0,3,3,3,3,129.42,Mobile,Divorced,0,0,0,established_loyal,0,1,2+ years,recent_new_customer,1,0,0,0-7 days,high_risk_tech,1,0,0,moderate_risk,0,0,1,low_value,4.4627585,0,0,1,0
29,15.0,3,3,3,3,129.42,Mobile,Married,0,0,0,established_loyal,0,1,2+ years,recent_new_customer,1,0,0,0-7 days,high_risk_tech,1,0,0,stable_low_risk,0,1,0,low_value,4.4627585,0,0,1,0
28,12.0,4,5,6,3,319.06,Others,Married,0,0,0,established_loyal,0,1,2+ years,recent_new_customer,1,0,0,0-7 days,low_risk_other,0,0,0,stable_low_risk,0,1,0,high_value,11.3949995,1,0,0,0
28,12.0,4,5,6,3,319.06,Others,Divorced,0,0,0,established_loyal,0,1,2+ years,recent_new_customer,1,0,0,0-7 days,low_risk_other,0,0,0,moderate_risk,0,0,1,high_value,11.3949995,1,0,0,0
28,10.0,4,1,5,10,302.79,Grocery,Married,0,0,0,established_loyal,0,1,2+ years,active_low_risk,0,0,1,8-14 days,lowest_risk_grocery,0,1,0,stable_low_risk,0,1,0,high_value,10.813929,1,0,0,0
28,29.0,4,3,5,8,299.26,Grocery,Married,0,0,0,established_loyal,0,1,2+ years,active_low_risk,0,0,1,8-14 days,lowest_risk_grocery,0,1,0,stable_low_risk,0,1,0,medium_value,10.687858,0,0,0,0
28,8.0,4,1,8,8,298.28,Grocery,Single,0,0,0,established_loyal,0,1,2+ years,active_low_risk,0,0,1,8-14 days,lowest_risk_grocery,0,1,0,unstable_high_risk,1,0,0,medium_value,10.652857,0,0,1,0
28,33.0,2,1,4,5,298.28,Grocery,Single,1,0,0,established_loyal,0,1,2+ years,recent_new_customer,1,0,0,0-7 days,lowest_risk_grocery,0,1,0,unstable_high_risk,1,0,0,medium_value,10.652857,0,0,2,0
28,32.0,1,4,5,4,296.36,Others,Married,1,0,0,established_loyal,0,1,2+ years,recent_new_customer,1,0,0,0-7 days,low_risk_other,0,0,0,stable_low_risk,0,1,0,medium_value,10.584285,0,0,1,0
28,32.0,4,1,2,13,295.86,Others,Married,0,0,0,established_loyal,0,1,2+ years,active_low_risk,0,0,1,8-14 days,low_risk_other,0,0,0,stable_low_risk,0,1,0,medium_value,10.566428,0,0,0,0
28,8.0,5,3,5,11,291.87,Others,Divorced,0,0,0,established_loyal,0,1,2+ years,active_low_risk,0,0,1,8-14 days,low_risk_other,0,0,0,moderate_risk,0,0,1,medium_value,10.423928,0,0,0,0
28,6.0,3,5,1,13,290.45,Others,Single,1,0,0,established_loyal,0,1,2+ years,active_low_risk,0,0,1,8-14 days,low_risk_other,0,0,0,unstable_high_risk,1,0,0,medium_value,10.373215,0,0,2,0
28,8.0,4,5,9,0,290.38,Others,Married,0,0,0,established_loyal,0,1,2+ years,recent_new_customer,1,0,0,0-7 days,low_risk_other,0,0,0,stable_low_risk,0,1,0,medium_value,10.370714,0,0,0,0
28,20.0,2,4,9,15,287.22,Others,Single,0,0,0,established_loyal,0,1,2+ years,stable_lowest_risk,0,0,1,15-30 days,low_risk_other,0,0,0,unstable_high_risk,1,0,0,medium_value,10.257857,0,0,1,0
28,20.0,1,4,9,15,287.22,Others,Single,0,0,0,established_loyal,0,1,2+ years,stable_lowest_risk,0,0,1,15-30 days,low_risk_other,0,0,0,unstable_high_risk,1,0,0,medium_value,10.257857,0,0,1,0
28,18.0,4,1,5,13,285.32,Grocery,Married,0,0,0,established_loyal,0,1,2+ years,active_low_risk,0,0,1,8-14 days,lowest_risk_grocery,0,1,0,stable_low_risk,0,1,0,medium_value,10.190001,0,0,0,0
28,24.0,3,4,4,7,268.35,Grocery,Single,0,0,0,established_loyal,0,1,2+ years,recent_new_customer,1,0,0,0-7 days,lowest_risk_grocery,0,1,0,unstable_high_risk,1,0,0,medium_value,9.583929,0,0,1,0
28,8.0,4,5,8,2,267.56,Grocery,Single,0,0,0,established_loyal,0,1,2+ years,recent_new_customer,1,0,0,0-7 days,lowest_risk_grocery,0,1,0,unstable_high_risk,1,0,0,medium_value,9.555715,0,0,1,0
28,8.0,3,2,3,2,266.59,Grocery,Single,1,0,0,established_loyal,0,1,2+ years,recent_new_customer,1,0,0,0-7 days,lowest_risk_grocery,0,1,0,unstable_high_risk,1,0,0,medium_value,9.521071,0,0,2,0
28,8.0,3,1,3,2,266.59,Grocery,Single,1,0,0,established_loyal,0,1,2+ years,recent_new_customer,1,0,0,0-7 days,lowest_risk_grocery,0,1,0,unstable_high_risk,1,0,0,medium_value,9.521071,0,0,2,0
28,6.0,1,2,3,0,247.32,Grocery,Married,0,0,0,established_loyal,0,1,2+ years,recent_new_customer,1,0,0,0-7 days,lowest_risk_grocery,0,1,0,stable_low_risk,0,1,0,medium_value,8.832857,0,0,0,0
28,14.0,4,4,2,0,235.77,Grocery,Married,1,0,0,established_loyal,0,1,2+ years,recent_new_customer,1,0,0,0-7 days,lowest_risk_grocery,0,1,0,stable_low_risk,0,1,0,medium_value,8.420358,0,0,1,0
28,24.0,4,3,10,9,232.39,Fashion,Divorced,0,0,0,established_loyal,0,1,2+ years,active_low_risk,0,0,1,8-14 days,moderate_risk_fashion,0,0,1,moderate_risk,0,0,1,medium_value,8.299643,0,0,0,0
28,24.0,4,3,10,9,232.39,Fashion,Married,0,0,0,established_loyal,0,1,2+ years,active_low_risk,0,0,1,8-14 days,moderate_risk_fashion,0,0,1,stable_low_risk,0,1,0,medium_value,8.299643,0,0,0,0
28,26.0,4,4,4,2,232.25,Fashion,Divorced,0,0,0,established_loyal,0,1,2+ years,recent_new_customer,1,0,0,0-7 days,moderate_risk_fashion,0,0,1,moderate_risk,0,0,1,medium_value,8.294642,0,0,0,0
28,9.0,5,3,8,1,231.86,Fashion,Married,0,0,0,established_loyal,0,1,2+ years,recent_new_customer,1,0,0,0-7 days,moderate_risk_fashion,0,0,1,stable_low_risk,0,1,0,medium_value,8.280714,0,0,0,0
28,8.0,4,3,9,47,230.02,Fashion,Married,0,1,0,established_loyal,0,1,2+ years,dormant_high_risk,0,1,0,31+ days,moderate_risk_fashion,0,0,1,stable_low_risk,0,1,0,medium_value,8.215,0,0,1,0
28,8.0,3,4,4,47,209.76,Fashion,Married,0,1,0,established_loyal,0,1,2+ years,dormant_high_risk,0,1,0,31+ days,moderate_risk_fashion,0,0,1,stable_low_risk,0,1,0,medium_value,7.4914284,0,0,1,0
28,8.0,3,4,4,47,209.76,Fashion,Divorced,0,1,0,established_loyal,0,1,2+ years,dormant_high_risk,0,1,0,31+ days,moderate_risk_fashion,0,0,1,moderate_risk,0,0,1,medium_value,7.4914284,0,0,1,0
28,14.0,4,1,6,8,193.54,Laptop & Accessory,Married,0,0,0,established_loyal,0,1,2+ years,active_low_risk,0,0,1,8-14 days,low_risk_electronics,0,0,0,stable_low_risk,0,1,0,medium_value,6.9121428,0,0,0,0
28,10.0,4,5,4,6,184.4,Laptop & Accessory,Divorced,0,0,0,established_loyal,0,1,2+ years,recent_new_customer,1,0,0,0-7 days,low_risk_electronics,0,0,0,moderate_risk,0,0,1,medium_value,6.585714,0,0,0,0
28,10.0,4,5,4,6,184.4,Laptop & Accessory,Married,0,0,0,established_loyal,0,1,2+ years,recent_new_customer,1,0,0,0-7 days,low_risk_electronics,0,0,0,stable_low_risk,0,1,0,medium_value,6.585714,0,0,0,0
28,26.0,4,5,11,5,179.85,Laptop & Accessory,Married,1,0,0,established_loyal,0,1,2+ years,recent_new_customer,1,0,0,0-7 days,low_risk_electronics,0,0,0,stable_low_risk,0,1,0,medium_value,6.4232144,0,0,1,0
28,27.0,4,3,5,4,173.69,Laptop & Accessory,Single,0,0,0,established_loyal,0,1,2+ years,recent_new_customer,1,0,0,0-7 days,low_risk_electronics,0,0,0,unstable_high_risk,1,0,0,medium_value,6.203214,0,0,1,0
28,24.0,3,4,4,7,163.85,Laptop & Accessory,Married,1,0,0,established_loyal,0,1,2+ years,recent_new_customer,1,0,0,0-7 days,low_risk_electronics,0,0,0,stable_low_risk,0,1,0,medium_value,5.851786,0,0,1,0
28,6.0,4,3,9,1,162.8,Laptop & Accessory,Single,0,0,0,established_loyal,0,1,2+ years,recent_new_customer,1,0,0,0-7 days,low_risk_electronics,0,0,0,unstable_high_risk,1,0,0,medium_value,5.8142858,0,0,1,0
28,26.0,3,1,4,8,154.15,Laptop & Accessory,Married,1,0,0,established_loyal,0,1,2+ years,active_low_risk,0,0,1,8-14 days,low_risk_electronics,0,0,0,stable_low_risk,0,1,0,medium_value,5.505357,0,0,1,0
28,16.0,4,3,5,4,153.97,Laptop & Accessory,Married,0,0,0,established_loyal,0,1,2+ years,recent_new_customer,1,0,0,0-7 days,low_risk_electronics,0,0,0,stable_low_risk,0,1,0,medium_value,5.4989285,0,0,0,0
28,10.0,3,3,1,2,140.35,Laptop & Accessory,Divorced,1,0,0,established_loyal,0,1,2+ years,recent_new_customer,1,0,0,0-7 days,low_risk_electronics,0,0,0,moderate_risk,0,0,1,low_value,5.0125003,0,0,1,0
28,10.0,3,3,1,2,140.35,Laptop & Accessory,Married,1,0,0,established_loyal,0,1,2+ years,recent_new_customer,1,0,0,0-7 days,low_risk_electronics,0,0,0,stable_low_risk,0,1,0,low_value,5.0125003,0,0,1,0
28,8.0,4,1,9,4,126.62,Mobile,Married,0,0,0,established_loyal,0,1,2+ years,recent_new_customer,1,0,0,0-7 days,high_risk_tech,1,0,0,stable_low_risk,0,1,0,low_value,4.522143,0,0,1,0
27,14.0,4,3,5,8,311.06,Others,Married,0,0,0,established_loyal,0,1,2+ years,active_low_risk,0,0,1,8-14 days,low_risk_other,0,0,0,stable_low_risk,0,1,0,high_value,11.5207405,1,0,0,0
27,10.0,4,3,5,4,300.84,Grocery,Divorced,1,0,0,established_loyal,0,1,2+ years,recent_new_customer,1,0,0,0-7 days,lowest_risk_grocery,0,1,0,moderate_risk,0,0,1,high_value,11.142222,1,0,1,0
27,11.0,3,5,5,2,294.06,Others,Married,0,0,0,established_loyal,0,1,2+ years,recent_new_customer,1,0,0,0-7 days,low_risk_other,0,0,0,stable_low_risk,0,1,0,medium_value,10.891111,0,0,0,0
27,11.0,3,5,5,2,294.06,Others,Divorced,0,0,0,established_loyal,0,1,2+ years,recent_new_customer,1,0,0,0-7 days,low_risk_other,0,0,0,moderate_risk,0,0,1,medium_value,10.891111,0,0,0,0
27,9.0,2,4,6,9,290.98,Grocery,Single,0,0,0,established_loyal,0,1,2+ years,active_low_risk,0,0,1,8-14 days,lowest_risk_grocery,0,1,0,unstable_high_risk,1,0,0,medium_value,10.777038,0,0,1,0
27,9.0,5,1,4,8,279.27,Grocery,Married,0,0,0,established_loyal,0,1,2+ years,active_low_risk,0,0,1,8-14 days,lowest_risk_grocery,0,1,0,stable_low_risk,0,1,0,medium_value,10.343333,0,0,0,0
27,9.0,3,2,4,9,277.79,Grocery,Divorced,0,0,0,established_loyal,0,1,2+ years,active_low_risk,0,0,1,8-14 days,lowest_risk_grocery,0,1,0,moderate_risk,0,0,1,medium_value,10.288519,0,0,0,0
27,28.0,3,3,4,7,274.26,Grocery,Married,0,0,0,established_loyal,0,1,2+ years,recent_new_customer,1,0,0,0-7 days,lowest_risk_grocery,0,1,0,stable_low_risk,0,1,0,medium_value,10.157778,0,0,0,0
27,7.0,3,1,7,7,273.28,Grocery,Single,0,0,0,established_loyal,0,1,2+ years,recent_new_customer,1,0,0,0-7 days,lowest_risk_grocery,0,1,0,unstable_high_risk,1,0,0,medium_value,10.121482,0,0,1,0
27,14.0,3,3,5,4,273.14,Grocery,Divorced,0,0,0,established_loyal,0,1,2+ years,recent_new_customer,1,0,0,0-7 days,lowest_risk_grocery,0,1,0,moderate_risk,0,0,1,medium_value,10.116297,0,0,0,0
27,30.0,4,2,8,9,267.75,Grocery,Single,0,0,0,established_loyal,0,1,2+ years,active_low_risk,0,0,1,8-14 days,lowest_risk_grocery,0,1,0,unstable_high_risk,1,0,0,medium_value,9.916667,0,0,1,0
27,30.0,4,1,8,9,267.75,Grocery,Single,0,0,0,established_loyal,0,1,2+ years,active_low_risk,0,0,1,8-14 days,lowest_risk_grocery,0,1,0,unstable_high_risk,1,0,0,medium_value,9.916667,0,0,1,0
27,17.0,3,1,4,12,260.32,Grocery,Married,0,0,0,established_loyal,0,1,2+ years,active_low_risk,0,0,1,8-14 days,lowest_risk_grocery,0,1,0,stable_low_risk,0,1,0,medium_value,9.641481,0,0,0,0
27,8.0,5,3,6,3,254.65,Grocery,Married,1,0,0,established_loyal,0,1,2+ years,recent_new_customer,1,0,0,0-7 days,lowest_risk_grocery,0,1,0,stable_low_risk,0,1,0,medium_value,9.431481,0,0,1,0
27,7.0,5,3,6,3,254.65,Grocery,Married,1,0,0,established_loyal,0,1,2+ years,recent_new_customer,1,0,0,0-7 days,lowest_risk_grocery,0,1,0,stable_low_risk,0,1,0,medium_value,9.431481,0,0,1,0
27,15.0,4,2,7,3,243.36,Grocery,Divorced,0,0,0,established_loyal,0,1,2+ years,recent_new_customer,1,0,0,0-7 days,lowest_risk_grocery,0,1,0,moderate_risk,0,0,1,medium_value,9.013333,0,0,0,0
27,8.0,3,3,10,3,235.49,Fashion,Married,0,0,0,established_loyal,0,1,2+ years,recent_new_customer,1,0,0,0-7 days,moderate_risk_fashion,0,0,1,stable_low_risk,0,1,0,medium_value,8.721852,0,0,0,0
27,7.0,4,5,9,11,208.81,Laptop & Accessory,Single,0,0,0,established_loyal,0,1,2+ years,active_low_risk,0,0,1,8-14 days,low_risk_electronics,0,0,0,unstable_high_risk,1,0,0,medium_value,7.7337036,0,0,1,0
27,23.0,3,3,9,8,207.39,Fashion,Divorced,0,0,0,established_loyal,0,1,2+ years,active_low_risk,0,0,1,8-14 days,moderate_risk_fashion,0,0,1,moderate_risk,0,0,1,medium_value,7.681111,0,0,0,0
27,23.0,3,3,9,8,207.39,Fashion,Married,0,0,0,established_loyal,0,1,2+ years,active_low_risk,0,0,1,8-14 days,moderate_risk_fashion,0,0,1,stable_low_risk,0,1,0,medium_value,7.681111,0,0,0,0
27,25.0,3,4,3,1,207.25,Fashion,Divorced,0,0,0,established_loyal,0,1,2+ years,recent_new_customer,1,0,0,0-7 days,moderate_risk_fashion,0,0,1,moderate_risk,0,0,1,medium_value,7.6759257,0,0,0,0
27,8.0,4,3,7,0,206.86,Fashion,Married,0,0,0,established_loyal,0,1,2+ years,recent_new_customer,1,0,0,0-7 days,moderate_risk_fashion,0,0,1,stable_low_risk,0,1,0,medium_value,7.6614814,0,0,0,0
27,8.0,4,3,7,0,206.86,Fashion,Divorced,0,0,0,established_loyal,0,1,2+ years,recent_new_customer,1,0,0,0-7 days,moderate_risk_fashion,0,0,1,moderate_risk,0,0,1,medium_value,7.6614814,0,0,0,0
27,6.0,3,3,8,4,205.02,Fashion,Married,0,0,0,established_loyal,0,1,2+ years,recent_new_customer,1,0,0,0-7 days,moderate_risk_fashion,0,0,1,stable_low_risk,0,1,0,medium_value,7.5933337,0,0,0,0
27,9.0,5,4,4,13,200.25,Fashion,Married,0,0,0,established_loyal,0,1,2+ years,active_low_risk,0,0,1,8-14 days,moderate_risk_fashion,0,0,1,stable_low_risk,0,1,0,medium_value,7.4166665,0,0,0,0
27,9.0,5,4,4,13,200.25,Fashion,Divorced,0,0,0,established_loyal,0,1,2+ years,active_low_risk,0,0,1,8-14 days,moderate_risk_fashion,0,0,1,moderate_risk,0,0,1,medium_value,7.4166665,0,0,0,0
27,31.0,2,1,5,3,195.05,Fashion,Married,0,0,0,established_loyal,0,1,2+ years,recent_new_customer,1,0,0,0-7 days,moderate_risk_fashion,0,0,1,stable_low_risk,0,1,0,medium_value,7.2240744,0,0,0,0
27,20.0,2,5,3,4,169.5,Laptop & Accessory,Married,0,0,0,established_loyal,0,1,2+ years,recent_new_customer,1,0,0,0-7 days,low_risk_electronics,0,0,0,stable_low_risk,0,1,0,medium_value,6.2777777,0,0,0,0
27,20.0,3,5,3,4,169.5,Laptop & Accessory,Married,0,0,0,established_loyal,0,1,2+ years,recent_new_customer,1,0,0,0-7 days,low_risk_electronics,0,0,0,stable_low_risk,0,1,0,medium_value,6.2777777,0,0,0,0
27,13.0,3,1,5,7,168.54,Laptop & Accessory,Married,0,0,0,established_loyal,0,1,2+ years,recent_new_customer,1,0,0,0-7 days,low_risk_electronics,0,0,0,stable_low_risk,0,1,0,medium_value,6.242222,0,0,0,0
27,9.0,3,5,3,5,159.4,Laptop & Accessory,Divorced,0,0,0,established_loyal,0,1,2+ years,recent_new_customer,1,0,0,0-7 days,low_risk_electronics,0,0,0,moderate_risk,0,0,1,medium_value,5.9037037,0,0,0,0
27,25.0,3,5,10,4,154.85,Laptop & Accessory,Married,1,0,0,established_loyal,0,1,2+ years,recent_new_customer,1,0,0,0-7 days,low_risk_electronics,0,0,0,stable_low_risk,0,1,0,medium_value,5.7351856,0,0,1,0
27,13.0,4,1,4,3,149.5,Laptop & Accessory,Single,0,0,0,established_loyal,0,1,2+ years,recent_new_customer,1,0,0,0-7 days,low_risk_electronics,0,0,0,unstable_high_risk,1,0,0,low_value,5.537037,0,0,1,0
27,13.0,4,2,4,3,149.5,Laptop & Accessory,Single,0,0,0,established_loyal,0,1,2+ years,recent_new_customer,1,0,0,0-7 days,low_risk_electronics,0,0,0,unstable_high_risk,1,0,0,low_value,5.537037,0,0,1,0
27,26.0,3,3,4,3,148.69,Laptop & Accessory,Single,0,0,0,established_loyal,0,1,2+ years,recent_new_customer,1,0,0,0-7 days,low_risk_electronics,0,0,0,unstable_high_risk,1,0,0,low_value,5.507037,0,0,1,0
27,13.0,4,3,4,6,148.06,Laptop & Accessory,Married,1,0,0,established_loyal,0,1,2+ years,recent_new_customer,1,0,0,0-7 days,low_risk_electronics,0,0,0,stable_low_risk,0,1,0,low_value,5.4837036,0,0,1,0
27,13.0,4,3,4,6,148.06,Laptop & Accessory,Divorced,1,0,0,established_loyal,0,1,2+ years,recent_new_customer,1,0,0,0-7 days,low_risk_electronics,0,0,0,moderate_risk,0,0,1,low_value,5.4837036,0,0,1,0
27,16.0,3,5,7,4,144.4,Laptop & Accessory,Single,1,0,0,established_loyal,0,1,2+ years,recent_new_customer,1,0,0,0-7 days,low_risk_electronics,0,0,0,unstable_high_risk,1,0,0,low_value,5.348148,0,0,2,0
27,5.0,3,3,8,0,137.8,Laptop & Accessory,Single,0,0,0,established_loyal,0,1,2+ years,recent_new_customer,1,0,0,0-7 days,low_risk_electronics,0,0,0,unstable_high_risk,1,0,0,low_value,5.103704,0,0,1,0
27,14.0,3,3,8,0,137.8,Laptop & Accessory,Single,0,0,0,established_loyal,0,1,2+ years,recent_new_customer,1,0,0,0-7 days,low_risk_electronics,0,0,0,unstable_high_risk,1,0,0,low_value,5.103704,0,0,1,0
27,15.0,3,3,4,3,128.97,Laptop & Accessory,Married,0,0,0,established_loyal,0,1,2+ years,recent_new_customer,1,0,0,0-7 days,low_risk_electronics,0,0,0,stable_low_risk,0,1,0,low_value,4.7766666,0,0,0,0
26,7.0,5,3,2,10,324.99,Others,Married,0,0,0,established_loyal,0,1,2+ years,active_low_risk,0,0,1,8-14 days,low_risk_other,0,0,0,stable_low_risk,0,1,0,high_value,12.499615,1,0,0,0
26,7.0,5,3,2,10,324.99,Others,Divorced,0,0,0,established_loyal,0,1,2+ years,active_low_risk,0,0,1,8-14 days,low_risk_other,0,0,0,moderate_risk,0,0,1,high_value,12.499615,1,0,0,0
26,9.0,5,3,3,13,315.68,Others,Single,1,0,0,established_loyal,0,1,2+ years,active_low_risk,0,0,1,8-14 days,low_risk_other,0,0,0,unstable_high_risk,1,0,0,high_value,12.141539,1,0,2,0
26,7.0,4,1,4,9,295.99,Grocery,Married,0,0,0,established_loyal,0,1,2+ years,active_low_risk,0,0,1,8-14 days,lowest_risk_grocery,0,1,0,stable_low_risk,0,1,0,medium_value,11.384231,0,0,0,0
26,7.0,4,2,4,9,295.99,Grocery,Divorced,0,0,0,established_loyal,0,1,2+ years,active_low_risk,0,0,1,8-14 days,lowest_risk_grocery,0,1,0,moderate_risk,0,0,1,medium_value,11.384231,0,0,0,0
26,10.0,5,5,3,17,293.56,Grocery,Divorced,0,0,0,established_loyal,0,1,2+ years,stable_lowest_risk,0,0,1,15-30 days,lowest_risk_grocery,0,1,0,moderate_risk,0,0,1,medium_value,11.29077,0,0,0,0
26,11.0,4,1,4,5,290.55,Grocery,Married,0,0,0,established_loyal,0,1,2+ years,recent_new_customer,1,0,0,0-7 days,lowest_risk_grocery,0,1,0,stable_low_risk,0,1,0,medium_value,11.174999,0,0,0,0
26,13.0,3,3,4,7,286.06,Others,Married,0,0,0,established_loyal,0,1,2+ years,recent_new_customer,1,0,0,0-7 days,low_risk_other,0,0,0,stable_low_risk,0,1,0,medium_value,11.002308,0,0,0,0
26,9.0,3,3,4,3,275.84,Grocery,Divorced,1,0,0,established_loyal,0,1,2+ years,recent_new_customer,1,0,0,0-7 days,lowest_risk_grocery,0,1,0,moderate_risk,0,0,1,medium_value,10.609231,0,0,1,0
26,32.0,5,1,5,1,263.26,Grocery,Married,0,0,0,established_loyal,0,1,2+ years,recent_new_customer,1,0,0,0-7 days,lowest_risk_grocery,0,1,0,stable_low_risk,0,1,0,medium_value,10.125385,0,0,0,0
26,8.0,3,3,7,2,248.52,Grocery,Married,0,0,0,established_loyal,0,1,2+ years,recent_new_customer,1,0,0,0-7 days,lowest_risk_grocery,0,1,0,stable_low_risk,0,1,0,medium_value,9.558462,0,0,0,0
26,13.0,1,3,4,3,248.14,Grocery,Married,0,0,0,established_loyal,0,1,2+ years,recent_new_customer,1,0,0,0-7 days,lowest_risk_grocery,0,1,0,stable_low_risk,0,1,0,medium_value,9.543846,0,0,0,0
26,13.0,2,3,4,3,248.14,Grocery,Divorced,0,0,0,established_loyal,0,1,2+ years,recent_new_customer,1,0,0,0-7 days,lowest_risk_grocery,0,1,0,moderate_risk,0,0,1,medium_value,9.543846,0,0,0,0
26,29.0,3,1,7,8,242.75,Grocery,Single,0,0,0,established_loyal,0,1,2+ years,active_low_risk,0,0,1,8-14 days,lowest_risk_grocery,0,1,0,unstable_high_risk,1,0,0,medium_value,9.336538,0,0,1,0
26,29.0,3,2,7,8,242.75,Grocery,Single,0,0,0,established_loyal,0,1,2+ years,active_low_risk,0,0,1,8-14 days,lowest_risk_grocery,0,1,0,unstable_high_risk,1,0,0,medium_value,9.336538,0,0,1,0
26,7.0,4,3,5,47,229.65,Grocery,Married,1,1,0,established_loyal,0,1,2+ years,dormant_high_risk,0,1,0,31+ days,lowest_risk_grocery,0,1,0,stable_low_risk,0,1,0,medium_value,8.832692,0,0,2,0
26,6.0,4,3,5,47,229.65,Grocery,Married,1,1,0,established_loyal,0,1,2+ years,dormant_high_risk,0,1,0,31+ days,lowest_risk_grocery,0,1,0,stable_low_risk,0,1,0,medium_value,8.832692,0,0,2,0
26,14.0,4,4,9,47,229.45,Fashion,Single,0,1,0,established_loyal,0,1,2+ years,dormant_high_risk,0,1,0,31+ days,moderate_risk_fashion,0,0,1,unstable_high_risk,1,0,0,medium_value,8.825,0,0,2,0
26,6.0,4,4,9,47,229.45,Fashion,Single,0,1,0,established_loyal,0,1,2+ years,dormant_high_risk,0,1,0,31+ days,moderate_risk_fashion,0,0,1,unstable_high_risk,1,0,0,medium_value,8.825,0,0,2,0
26,14.0,3,1,6,47,218.36,Grocery,Married,0,1,0,established_loyal,0,1,2+ years,dormant_high_risk,0,1,0,31+ days,lowest_risk_grocery,0,1,0,stable_low_risk,0,1,0,medium_value,8.398461,0,0,1,0
26,13.0,4,1,8,47,209.34,Fashion,Married,1,1,0,established_loyal,0,1,2+ years,dormant_high_risk,0,1,0,31+ days,moderate_risk_fashion,0,0,1,stable_low_risk,0,1,0,medium_value,8.051538,0,0,2,0
26,10.0,5,3,4,5,204.69,Fashion,Married,1,0,0,established_loyal,0,1,2+ years,recent_new_customer,1,0,0,0-7 days,moderate_risk_fashion,0,0,1,stable_low_risk,0,1,0,medium_value,7.8726926,0,0,1,0
26,10.0,5,3,4,5,204.69,Fashion,Divorced,1,0,0,established_loyal,0,1,2+ years,recent_new_customer,1,0,0,0-7 days,moderate_risk_fashion,0,0,1,moderate_risk,0,0,1,medium_value,7.8726926,0,0,1,0
26,6.0,3,5,8,10,183.81,Laptop & Accessory,Single,0,0,0,established_loyal,0,1,2+ years,active_low_risk,0,0,1,8-14 days,low_risk_electronics,0,0,0,unstable_high_risk,1,0,0,medium_value,7.0696154,0,0,1,0
26,13.0,4,5,5,10,180.77,Laptop & Accessory,Married,1,0,0,established_loyal,0,1,2+ years,active_low_risk,0,0,1,8-14 days,low_risk_electronics,0,0,0,stable_low_risk,0,1,0,medium_value,6.9526925,0,0,1,0
26,8.0,4,4,3,12,175.25,Fashion,Married,0,0,0,established_loyal,0,1,2+ years,active_low_risk,0,0,1,8-14 days,moderate_risk_fashion,0,0,1,stable_low_risk,0,1,0,medium_value,6.7403846,0,0,0,0
26,30.0,1,1,4,2,170.05,Fashion,Married,0,0,0,established_loyal,0,1,2+ years,recent_new_customer,1,0,0,0-7 days,moderate_risk_fashion,0,0,1,stable_low_risk,0,1,0,medium_value,6.540385,0,0,0,0
26,26.0,4,1,2,3,167.58,Mobile Phone,Married,0,0,0,established_loyal,0,1,2+ years,recent_new_customer,1,0,0,0-7 days,high_risk_tech,1,0,0,stable_low_risk,0,1,0,medium_value,6.4453845,0,0,1,0
26,127.0,4,1,4,1,159.82,Mobile Phone,Married,0,0,0,established_loyal,0,1,2+ years,recent_new_customer,1,0,0,0-7 days,high_risk_tech,1,0,0,stable_low_risk,0,1,0,medium_value,6.1469235,0,0,1,0
26,36.0,4,1,4,1,159.82,Mobile Phone,Married,0,0,0,established_loyal,0,1,2+ years,recent_new_customer,1,0,0,0-7 days,high_risk_tech,1,0,0,stable_low_risk,0,1,0,medium_value,6.1469235,0,0,1,0
26,9.0,5,2,9,3,157.12,Mobile Phone,Single,0,0,0,established_loyal,0,1,2+ years,recent_new_customer,1,0,0,0-7 days,high_risk_tech,1,0,0,unstable_high_risk,1,0,0,medium_value,6.0430765,0,0,2,0
26,9.0,5,1,9,3,157.12,Mobile Phone,Single,0,0,0,established_loyal,0,1,2+ years,recent_new_customer,1,0,0,0-7 days,high_risk_tech,1,0,0,unstable_high_risk,1,0,0,medium_value,6.0430765,0,0,2,0
26,18.0,4,3,10,5,156.49,Laptop & Accessory,Divorced,0,0,0,established_loyal,0,1,2+ years,recent_new_customer,1,0,0,0-7 days,low_risk_electronics,0,0,0,moderate_risk,0,0,1,medium_value,6.0188465,0,0,0,0
26,15.0,4,5,11,5,154.5,Mobile Phone,Divorced,0,0,0,established_loyal,0,1,2+ years,recent_new_customer,1,0,0,0-7 days,high_risk_tech,1,0,0,moderate_risk,0,0,1,medium_value,5.9423075,0,0,1,0
26,19.0,2,5,2,3,144.5,Laptop & Accessory,Married,0,0,0,established_loyal,0,1,2+ years,recent_new_customer,1,0,0,0-7 days,low_risk_electronics,0,0,0,stable_low_risk,0,1,0,low_value,5.5576925,0,0,0,0
26,14.0,3,2,3,2,124.5,Laptop & Accessory,Single,0,0,0,established_loyal,0,1,2+ years,recent_new_customer,1,0,0,0-7 days,low_risk_electronics,0,0,0,unstable_high_risk,1,0,0,low_value,4.7884617,0,0,1,0
26,14.0,3,1,3,2,124.5,Laptop & Accessory,Single,0,0,0,established_loyal,0,1,2+ years,recent_new_customer,1,0,0,0-7 days,low_risk_electronics,0,0,0,unstable_high_risk,1,0,0,low_value,4.7884617,0,0,1,0
25,6.0,4,3,1,9,299.99,Others,Married,0,0,0,established_loyal,0,1,2+ years,active_low_risk,0,0,1,8-14 days,low_risk_other,0,0,0,stable_low_risk,0,1,0,medium_value,11.999599,0,0,0,0
25,8.0,4,3,2,12,290.68,Others,Single,1,0,0,established_loyal,0,1,2+ years,active_low_risk,0,0,1,8-14 days,low_risk_other,0,0,0,unstable_high_risk,1,0,0,medium_value,11.6272,0,0,2,0
25,33.0,4,3,4,18,288.07,Grocery,Married,0,0,0,established_loyal,0,1,2+ years,stable_lowest_risk,0,0,1,15-30 days,lowest_risk_grocery,0,1,0,stable_low_risk,0,1,0,medium_value,11.5228,0,0,0,0
25,33.0,4,3,4,18,288.07,Grocery,Divorced,0,0,0,established_loyal,0,1,2+ years,stable_lowest_risk,0,0,1,15-30 days,lowest_risk_grocery,0,1,0,moderate_risk,0,0,1,medium_value,11.5228,0,0,0,0
25,6.0,3,2,3,8,270.99,Grocery,Divorced,0,0,0,established_loyal,0,1,2+ years,active_low_risk,0,0,1,8-14 days,lowest_risk_grocery,0,1,0,moderate_risk,0,0,1,medium_value,10.8396,0,0,0,0
25,9.0,4,5,2,16,268.56,Grocery,Divorced,0,0,0,established_loyal,0,1,2+ years,stable_lowest_risk,0,0,1,15-30 days,lowest_risk_grocery,0,1,0,moderate_risk,0,0,1,medium_value,10.7424,0,0,0,0
25,10.0,3,2,3,4,265.55,Grocery,Divorced,0,0,0,established_loyal,0,1,2+ years,recent_new_customer,1,0,0,0-7 days,lowest_risk_grocery,0,1,0,moderate_risk,0,0,1,medium_value,10.622,0,0,0,0
25,10.0,4,4,5,1,262.34,Grocery,Single,0,0,0,established_loyal,0,1,2+ years,recent_new_customer,1,0,0,0-7 days,lowest_risk_grocery,0,1,0,unstable_high_risk,1,0,0,medium_value,10.4936,0,0,1,0
25,18.0,5,4,5,4,256.42,Grocery,Single,0,0,0,established_loyal,0,1,2+ years,recent_new_customer,1,0,0,0-7 days,lowest_risk_grocery,0,1,0,unstable_high_risk,1,0,0,medium_value,10.256801,0,0,1,0
25,15.0,5,4,7,8,249.9,Fashion,Divorced,0,0,0,established_loyal,0,1,2+ years,active_low_risk,0,0,1,8-14 days,moderate_risk_fashion,0,0,1,moderate_risk,0,0,1,medium_value,9.995999,0,0,0,0
25,15.0,5,4,7,8,249.9,Fashion,Married,0,0,0,established_loyal,0,1,2+ years,active_low_risk,0,0,1,8-14 days,moderate_risk_fashion,0,0,1,stable_low_risk,0,1,0,medium_value,9.995999,0,0,0,0
25,34.0,1,3,3,2,232.47,Grocery,Divorced,1,0,0,established_loyal,0,1,2+ years,recent_new_customer,1,0,0,0-7 days,lowest_risk_grocery,0,1,0,moderate_risk,0,0,1,medium_value,9.2988,0,0,1,0
25,5.0,3,4,8,0,204.45,Fashion,Single,0,0,0,established_loyal,0,1,2+ years,recent_new_customer,1,0,0,0-7 days,moderate_risk_fashion,0,0,1,unstable_high_risk,1,0,0,medium_value,8.1779995,0,0,1,0
25,13.0,3,4,8,0,204.45,Fashion,Single,0,0,0,established_loyal,0,1,2+ years,recent_new_customer,1,0,0,0-7 days,moderate_risk_fashion,0,0,1,unstable_high_risk,1,0,0,medium_value,8.1779995,0,0,1,0
25,7.0,5,5,5,9,199.84,Fashion,Single,0,0,0,established_loyal,0,1,2+ years,active_low_risk,0,0,1,8-14 days,moderate_risk_fashion,0,0,1,unstable_high_risk,1,0,0,medium_value,7.9936,0,0,1,0
25,14.0,5,3,4,1,186.32,Laptop & Accessory,Married,0,0,0,established_loyal,0,1,2+ years,recent_new_customer,1,0,0,0-7 days,low_risk_electronics,0,0,0,stable_low_risk,0,1,0,medium_value,7.4528003,0,0,0,0
25,9.0,6,4,7,3,179.82,Laptop & Accessory,Married,0,0,0,established_loyal,0,1,2+ years,recent_new_customer,1,0,0,0-7 days,low_risk_electronics,0,0,0,stable_low_risk,0,1,0,medium_value,7.1928005,0,0,0,0
25,9.0,4,3,3,4,179.69,Fashion,Married,1,0,0,established_loyal,0,1,2+ years,recent_new_customer,1,0,0,0-7 days,moderate_risk_fashion,0,0,1,stable_low_risk,0,1,0,medium_value,7.1876,0,0,1,0
25,9.0,4,3,3,4,179.69,Fashion,Divorced,1,0,0,established_loyal,0,1,2+ years,recent_new_customer,1,0,0,0-7 days,moderate_risk_fashion,0,0,1,moderate_risk,0,0,1,medium_value,7.1876,0,0,1,0
25,28.0,4,1,2,1,179.41,Laptop & Accessory,Single,1,0,0,established_loyal,0,1,2+ years,recent_new_customer,1,0,0,0-7 days,low_risk_electronics,0,0,0,unstable_high_risk,1,0,0,medium_value,7.1764,0,0,2,0
25,21.0,4,2,6,8,174.36,Laptop & Accessory,Divorced,0,0,0,established_loyal,0,1,2+ years,active_low_risk,0,0,1,8-14 days,low_risk_electronics,0,0,0,moderate_risk,0,0,1,medium_value,6.9744,0,0,0,0
25,21.0,4,1,6,8,174.36,Laptop & Accessory,Married,0,0,0,established_loyal,0,1,2+ years,active_low_risk,0,0,1,8-14 days,low_risk_electronics,0,0,0,stable_low_risk,0,1,0,medium_value,6.9744,0,0,0,0
25,12.0,3,5,4,9,155.77,Laptop & Accessory,Married,1,0,0,established_loyal,0,1,2+ years,active_low_risk,0,0,1,8-14 days,low_risk_electronics,0,0,0,stable_low_risk,0,1,0,medium_value,6.2308,0,0,1,0
25,13.0,5,3,2,8,153.38,Mobile Phone,Single,0,0,0,established_loyal,0,1,2+ years,active_low_risk,0,0,1,8-14 days,high_risk_tech,1,0,0,unstable_high_risk,1,0,0,medium_value,6.1352,0,0,2,0
25,7.0,4,2,3,1,152.23,Mobile Phone,Divorced,0,0,0,established_loyal,0,1,2+ years,recent_new_customer,1,0,0,0-7 days,high_risk_tech,1,0,0,moderate_risk,0,0,1,medium_value,6.0892,0,0,1,0
25,16.0,4,1,5,4,145.75,Mobile Phone,Married,0,0,0,established_loyal,0,1,2+ years,recent_new_customer,1,0,0,0-7 days,high_risk_tech,1,0,0,stable_low_risk,0,1,0,low_value,5.83,0,0,1,0
25,25.0,3,1,1,2,142.58,Mobile Phone,Married,0,0,0,established_loyal,0,1,2+ years,recent_new_customer,1,0,0,0-7 days,high_risk_tech,1,0,0,stable_low_risk,0,1,0,low_value,5.7032,0,0,1,0
25,25.0,3,2,1,2,142.58,Mobile Phone,Divorced,0,0,0,established_loyal,0,1,2+ years,recent_new_customer,1,0,0,0-7 days,high_risk_tech,1,0,0,moderate_risk,0,0,1,low_value,5.7032,0,0,1,0
25,35.0,3,1,3,0,134.82,Mobile,Married,0,0,0,established_loyal,0,1,2+ years,recent_new_customer,1,0,0,0-7 days,high_risk_tech,1,0,0,stable_low_risk,0,1,0,low_value,5.3928003,0,0,1,0
25,8.0,4,1,8,2,132.12,Mobile,Single,0,0,0,established_loyal,0,1,2+ years,recent_new_customer,1,0,0,0-7 days,high_risk_tech,1,0,0,unstable_high_risk,1,0,0,low_value,5.2847996,0,0,2,0
25,8.0,4,2,8,2,132.12,Mobile,Single,0,0,0,established_loyal,0,1,2+ years,recent_new_customer,1,0,0,0-7 days,high_risk_tech,1,0,0,unstable_high_risk,1,0,0,low_value,5.2847996,0,0,2,0
25,17.0,3,3,9,4,131.49,Laptop & Accessory,Divorced,0,0,0,established_loyal,0,1,2+ years,recent_new_customer,1,0,0,0-7 days,low_risk_electronics,0,0,0,moderate_risk,0,0,1,low_value,5.2596,0,0,0,0
25,17.0,3,3,9,4,131.49,Laptop & Accessory,Married,0,0,0,established_loyal,0,1,2+ years,recent_new_customer,1,0,0,0-7 days,low_risk_electronics,0,0,0,stable_low_risk,0,1,0,low_value,5.2596,0,0,0,0
25,14.0,3,5,10,4,129.5,Mobile,Married,0,0,0,established_loyal,0,1,2+ years,recent_new_customer,1,0,0,0-7 days,high_risk_tech,1,0,0,stable_low_risk,0,1,0,low_value,5.18,0,0,1,0
25,14.0,3,5,10,4,129.5,Mobile,Divorced,0,0,0,established_loyal,0,1,2+ years,recent_new_customer,1,0,0,0-7 days,high_risk_tech,1,0,0,moderate_risk,0,0,1,low_value,5.18,0,0,1,0
24,18.0,4,4,5,5,324.26,Others,Single,0,0,0,established_loyal,0,1,1-2 years,recent_new_customer,1,0,0,0-7 days,low_risk_other,0,0,0,unstable_high_risk,1,0,0,high_value,13.510834,1,0,1,0
24,7.0,4,2,5,7,320.17,Others,Married,0,0,0,established_loyal,0,1,1-2 years,recent_new_customer,1,0,0,0-7 days,low_risk_other,0,0,0,stable_low_risk,0,1,0,high_value,13.340417,1,0,0,0
24,7.0,4,1,5,7,320.17,Others,Married,0,0,0,established_loyal,0,1,1-2 years,recent_new_customer,1,0,0,0-7 days,low_risk_other,0,0,0,stable_low_risk,0,1,0,high_value,13.340417,1,0,0,0
24,6.0,4,3,6,1,318.31,Others,Married,1,0,0,established_loyal,0,1,1-2 years,recent_new_customer,1,0,0,0-7 days,low_risk_other,0,0,0,stable_low_risk,0,1,0,high_value,13.262917,1,0,1,0
24,16.0,4,3,6,1,318.31,Others,Married,1,0,0,established_loyal,0,1,1-2 years,recent_new_customer,1,0,0,0-7 days,low_risk_other,0,0,0,stable_low_risk,0,1,0,high_value,13.262917,1,0,1,0
24,9.0,4,3,4,8,317.37,Others,Divorced,1,0,0,established_loyal,0,1,1-2 years,active_low_risk,0,0,1,8-14 days,low_risk_other,0,0,0,moderate_risk,0,0,1,high_value,13.22375,1,0,1,0
24,9.0,4,3,4,8,317.37,Others,Married,1,0,0,established_loyal,0,1,1-2 years,active_low_risk,0,0,1,8-14 days,low_risk_other,0,0,0,stable_low_risk,0,1,0,high_value,13.22375,1,0,1,0
24,11.0,4,4,5,7,316.44,Others,Married,0,0,0,established_loyal,0,1,1-2 years,recent_new_customer,1,0,0,0-7 days,low_risk_other,0,0,0,stable_low_risk,0,1,0,high_value,13.185,1,0,0,0
24,10.0,4,4,3,8,307.0,Others,Married,0,0,0,established_loyal,0,1,1-2 years,active_low_risk,0,0,1,8-14 days,low_risk_other,0,0,0,stable_low_risk,0,1,0,high_value,12.791667,1,0,0,0
24,7.0,4,4,5,8,306.72,Others,Married,1,0,0,established_loyal,0,1,1-2 years,active_low_risk,0,0,1,8-14 days,low_risk_other,0,0,0,stable_low_risk,0,1,0,high_value,12.78,1,0,1,0
24,9.0,4,5,4,3,303.56,Grocery,Divorced,0,0,0,established_loyal,0,1,1-2 years,recent_new_customer,1,0,0,0-7 days,lowest_risk_grocery,0,1,0,moderate_risk,0,0,1,high_value,12.648334,1,0,0,0
24,9.0,4,3,7,4,301.39,Grocery,Divorced,0,0,0,established_loyal,0,1,1-2 years,recent_new_customer,1,0,0,0-7 days,lowest_risk_grocery,0,1,0,moderate_risk,0,0,1,high_value,12.557918,1,0,0,0
24,9.0,4,3,7,4,301.39,Grocery,Married,0,0,0,established_loyal,0,1,1-2 years,recent_new_customer,1,0,0,0-7 days,lowest_risk_grocery,0,1,0,stable_low_risk,0,1,0,high_value,12.557918,1,0,0,0
24,7.0,4,1,11,4,298.99,Grocery,Married,0,0,0,established_loyal,0,1,1-2 years,recent_new_customer,1,0,0,0-7 days,lowest_risk_grocery,0,1,0,stable_low_risk,0,1,0,medium_value,12.457916,0,0,0,0
24,7.0,4,2,11,4,298.99,Grocery,Married,0,0,0,established_loyal,0,1,1-2 years,recent_new_customer,1,0,0,0-7 days,lowest_risk_grocery,0,1,0,stable_low_risk,0,1,0,medium_value,12.457916,0,0,0,0
24,15.0,3,4,5,10,298.47,Others,Married,1,0,0,established_loyal,0,1,1-2 years,active_low_risk,0,0,1,8-14 days,low_risk_other,0,0,0,stable_low_risk,0,1,0,medium_value,12.43625,0,0,1,0
24,36.0,5,3,2,8,295.46,Grocery,Divorced,0,0,0,established_loyal,0,1,1-2 years,active_low_risk,0,0,1,8-14 days,lowest_risk_grocery,0,1,0,moderate_risk,0,0,1,medium_value,12.310833,0,0,0,0
24,36.0,5,3,2,8,295.46,Grocery,Married,0,0,0,established_loyal,0,1,1-2 years,active_low_risk,0,0,1,8-14 days,lowest_risk_grocery,0,1,0,stable_low_risk,0,1,0,medium_value,12.310833,0,0,0,0
24,12.0,3,3,8,15,295.37,Others,Single,0,0,0,established_loyal,0,1,1-2 years,stable_lowest_risk,0,0,1,15-30 days,low_risk_other,0,0,0,unstable_high_risk,1,0,0,medium_value,12.307083,0,0,1,0
24,35.0,4,5,6,3,293.8,Grocery,Divorced,1,0,0,established_loyal,0,1,1-2 years,recent_new_customer,1,0,0,0-7 days,lowest_risk_grocery,0,1,0,moderate_risk,0,0,1,medium_value,12.241666,0,0,1,0
24,31.0,4,3,5,6,264.73,Grocery,Married,1,0,0,established_loyal,0,1,1-2 years,recent_new_customer,1,0,0,0-7 days,lowest_risk_grocery,0,1,0,stable_low_risk,0,1,0,medium_value,11.030417,0,0,1,0
24,31.0,4,3,5,6,264.73,Grocery,Divorced,1,0,0,established_loyal,0,1,1-2 years,recent_new_customer,1,0,0,0-7 days,lowest_risk_grocery,0,1,0,moderate_risk,0,0,1,medium_value,11.030417,0,0,1,0
24,24.0,5,5,7,12,257.69,Fashion,Married,0,0,0,established_loyal,0,1,1-2 years,active_low_risk,0,0,1,8-14 days,moderate_risk_fashion,0,0,1,stable_low_risk,0,1,0,medium_value,10.737083,0,0,0,0
24,11.0,3,4,2,10,240.26,Grocery,Married,1,0,0,established_loyal,0,1,1-2 years,active_low_risk,0,0,1,8-14 days,lowest_risk_grocery,0,1,0,stable_low_risk,0,1,0,medium_value,10.010833,0,0,1,0
24,27.0,4,3,4,14,237.45,Grocery,Married,1,0,0,established_loyal,0,1,1-2 years,active_low_risk,0,0,1,8-14 days,lowest_risk_grocery,0,1,0,stable_low_risk,0,1,0,medium_value,9.89375,0,0,1,0
24,9.0,3,4,4,0,237.34,Grocery,Single,0,0,0,established_loyal,0,1,1-2 years,recent_new_customer,1,0,0,0-7 days,lowest_risk_grocery,0,1,0,unstable_high_risk,1,0,0,medium_value,9.889167,0,0,1,0
24,17.0,4,4,4,47,231.42,Grocery,Single,0,1,0,established_loyal,0,1,1-2 years,dormant_high_risk,0,1,0,31+ days,lowest_risk_grocery,0,1,0,unstable_high_risk,1,0,0,medium_value,9.6425,0,0,2,0
24,17.0,4,4,4,3,231.42,Grocery,Single,0,0,0,established_loyal,0,1,1-2 years,recent_new_customer,1,0,0,0-7 days,lowest_risk_grocery,0,1,0,unstable_high_risk,1,0,0,medium_value,9.6425,0,0,1,0
24,9.0,3,3,3,47,231.16,Fashion,Married,0,1,0,established_loyal,0,1,1-2 years,dormant_high_risk,0,1,0,31+ days,moderate_risk_fashion,0,0,1,stable_low_risk,0,1,0,medium_value,9.631667,0,0,1,0
24,17.0,5,1,8,47,229.96,Fashion,Single,0,1,0,established_loyal,0,1,1-2 years,dormant_high_risk,0,1,0,31+ days,moderate_risk_fashion,0,0,1,unstable_high_risk,1,0,0,medium_value,9.581667,0,0,2,0
24,17.0,5,2,8,47,229.96,Fashion,Single,0,1,0,established_loyal,0,1,1-2 years,dormant_high_risk,0,1,0,31+ days,moderate_risk_fashion,0,0,1,unstable_high_risk,1,0,0,medium_value,9.581667,0,0,2,0
24,14.0,4,4,6,47,224.9,Fashion,Married,0,1,0,established_loyal,0,1,1-2 years,dormant_high_risk,0,1,0,31+ days,moderate_risk_fashion,0,0,1,stable_low_risk,0,1,0,medium_value,9.370833,0,0,1,0
24,14.0,4,4,6,47,224.9,Fashion,Divorced,0,1,0,established_loyal,0,1,1-2 years,dormant_high_risk,0,1,0,31+ days,moderate_risk_fashion,0,0,1,moderate_risk,0,0,1,medium_value,9.370833,0,0,1,0
24,7.0,4,3,2,14,188.47,Laptop & Accessory,Divorced,0,0,0,established_loyal,0,1,1-2 years,active_low_risk,0,0,1,8-14 days,low_risk_electronics,0,0,0,moderate_risk,0,0,1,medium_value,7.8529167,0,0,0,0
24,7.0,4,3,2,14,188.47,Laptop & Accessory,Married,0,0,0,established_loyal,0,1,1-2 years,active_low_risk,0,0,1,8-14 days,low_risk_electronics,0,0,0,stable_low_risk,0,1,0,medium_value,7.8529167,0,0,0,0
24,6.0,4,5,4,8,174.84,Fashion,Single,0,0,0,established_loyal,0,1,1-2 years,active_low_risk,0,0,1,8-14 days,moderate_risk_fashion,0,0,1,unstable_high_risk,1,0,0,medium_value,7.285,0,0,1,0
24,15.0,4,4,9,3,163.75,Mobile Phone,Married,0,0,0,established_loyal,0,1,1-2 years,recent_new_customer,1,0,0,0-7 days,high_risk_tech,1,0,0,stable_low_risk,0,1,0,medium_value,6.8229165,0,0,1,0
24,7.0,5,3,4,3,161.9,Mobile Phone,Married,0,0,0,established_loyal,0,1,1-2 years,recent_new_customer,1,0,0,0-7 days,high_risk_tech,1,0,0,stable_low_risk,0,1,0,medium_value,6.745833,0,0,1,0
24,13.0,4,3,3,0,161.32,Laptop & Accessory,Married,0,0,0,established_loyal,0,1,1-2 years,recent_new_customer,1,0,0,0-7 days,low_risk_electronics,0,0,0,stable_low_risk,0,1,0,medium_value,6.721667,0,0,0,0
24,8.0,5,4,6,2,154.82,Laptop & Accessory,Married,0,0,0,established_loyal,0,1,1-2 years,recent_new_customer,1,0,0,0-7 days,low_risk_electronics,0,0,0,stable_low_risk,0,1,0,medium_value,6.450834,0,0,0,0
24,27.0,3,1,1,0,154.41,Laptop & Accessory,Single,1,0,0,established_loyal,0,1,1-2 years,recent_new_customer,1,0,0,0-7 days,low_risk_electronics,0,0,0,unstable_high_risk,1,0,0,medium_value,6.43375,0,0,2,0
24,20.0,3,2,5,7,149.36,Laptop & Accessory,Divorced,0,0,0,established_loyal,0,1,1-2 years,recent_new_customer,1,0,0,0-7 days,low_risk_electronics,0,0,0,moderate_risk,0,0,1,low_value,6.2233334,0,0,0,0
24,16.0,4,1,6,1,148.8,Mobile Phone,Married,0,0,0,established_loyal,0,1,1-2 years,recent_new_customer,1,0,0,0-7 days,high_risk_tech,1,0,0,stable_low_risk,0,1,0,low_value,6.2000003,0,0,1,0
24,12.0,4,3,1,7,128.38,Mobile,Single,0,0,0,established_loyal,0,1,1-2 years,recent_new_customer,1,0,0,0-7 days,high_risk_tech,1,0,0,unstable_high_risk,1,0,0,low_value,5.349167,0,0,2,0
24,6.0,3,2,2,0,127.23,Mobile,Divorced,0,0,0,established_loyal,0,1,1-2 years,recent_new_customer,1,0,0,0-7 days,high_risk_tech,1,0,0,moderate_risk,0,0,1,low_value,5.30125,0,0,1,0
24,6.0,3,1,2,0,127.23,Mobile,Married,0,0,0,established_loyal,0,1,1-2 years,recent_new_customer,1,0,0,0-7 days,high_risk_tech,1,0,0,stable_low_risk,0,1,0,low_value,5.30125,0,0,1,0
23,25.0,5,3,3,10,320.02,Others,Married,1,0,0,established_loyal,0,1,1-2 years,active_low_risk,0,0,1,8-14 days,low_risk_other,0,0,0,stable_low_risk,0,1,0,high_value,13.913913,1,0,1,0
23,9.0,4,1,5,4,316.61,Others,Married,0,0,0,established_loyal,0,1,1-2 years,recent_new_customer,1,0,0,0-7 days,low_risk_other,0,0,0,stable_low_risk,0,1,0,high_value,13.765652,1,0,0,0
23,17.0,3,4,4,4,299.26,Others,Single,0,0,0,established_loyal,0,1,1-2 years,recent_new_customer,1,0,0,0-7 days,low_risk_other,0,0,0,unstable_high_risk,1,0,0,medium_value,13.011305,0,0,1,0
23,6.0,3,2,4,6,295.17,Others,Married,0,0,0,established_loyal,0,1,1-2 years,recent_new_customer,1,0,0,0-7 days,low_risk_other,0,0,0,stable_low_risk,0,1,0,medium_value,12.833479,0,0,0,0
23,6.0,3,1,4,6,295.17,Others,Married,0,0,0,established_loyal,0,1,1-2 years,recent_new_customer,1,0,0,0-7 days,low_risk_other,0,0,0,stable_low_risk,0,1,0,medium_value,12.833479,0,0,0,0
23,15.0,3,3,5,0,293.31,Others,Married,1,0,0,established_loyal,0,1,1-2 years,recent_new_customer,1,0,0,0-7 days,low_risk_other,0,0,0,stable_low_risk,0,1,0,medium_value,12.752608,0,0,1,0
23,29.0,4,4,5,3,289.13,Grocery,Married,0,0,0,established_loyal,0,1,1-2 years,recent_new_customer,1,0,0,0-7 days,lowest_risk_grocery,0,1,0,stable_low_risk,0,1,0,medium_value,12.570869,0,0,0,0
23,13.0,4,3,6,8,287.4,Others,Married,1,0,0,established_loyal,0,1,1-2 years,active_low_risk,0,0,1,8-14 days,low_risk_other,0,0,0,stable_low_risk,0,1,0,medium_value,12.495652,0,0,1,0
23,9.0,3,4,2,7,282.0,Others,Married,0,0,0,established_loyal,0,1,1-2 years,recent_new_customer,1,0,0,0-7 days,low_risk_other,0,0,0,stable_low_risk,0,1,0,medium_value,12.26087,0,0,0,0
23,6.0,3,4,4,7,281.72,Others,Married,1,0,0,established_loyal,0,1,1-2 years,recent_new_customer,1,0,0,0-7 days,low_risk_other,0,0,0,stable_low_risk,0,1,0,medium_value,12.248695,0,0,1,0
23,8.0,3,5,2,7,279.24,Grocery,Married,0,0,0,established_loyal,0,1,1-2 years,recent_new_customer,1,0,0,0-7 days,lowest_risk_grocery,0,1,0,stable_low_risk,0,1,0,medium_value,12.140869,0,0,0,0
23,8.0,4,3,6,1,278.79,Grocery,Single,0,0,0,established_loyal,0,1,1-2 years,recent_new_customer,1,0,0,0-7 days,lowest_risk_grocery,0,1,0,unstable_high_risk,1,0,0,medium_value,12.1213045,0,0,1,0
23,7.0,4,3,6,1,278.79,Grocery,Single,0,0,0,established_loyal,0,1,1-2 years,recent_new_customer,1,0,0,0-7 days,lowest_risk_grocery,0,1,0,unstable_high_risk,1,0,0,medium_value,12.1213045,0,0,1,0
23,8.0,3,5,3,2,278.56,Grocery,Divorced,0,0,0,established_loyal,0,1,1-2 years,recent_new_customer,1,0,0,0-7 days,lowest_risk_grocery,0,1,0,moderate_risk,0,0,1,medium_value,12.111304,0,0,0,0
23,8.0,3,3,6,3,276.39,Grocery,Married,0,0,0,established_loyal,0,1,1-2 years,recent_new_customer,1,0,0,0-7 days,lowest_risk_grocery,0,1,0,stable_low_risk,0,1,0,medium_value,12.016957,0,0,0,0
23,6.0,3,2,10,3,273.99,Grocery,Married,0,0,0,established_loyal,0,1,1-2 years,recent_new_customer,1,0,0,0-7 days,lowest_risk_grocery,0,1,0,stable_low_risk,0,1,0,medium_value,11.912608,0,0,0,0
23,6.0,3,1,10,3,273.99,Grocery,Married,0,0,0,established_loyal,0,1,1-2 years,recent_new_customer,1,0,0,0-7 days,lowest_risk_grocery,0,1,0,stable_low_risk,0,1,0,medium_value,11.912608,0,0,0,0
23,35.0,4,3,1,7,270.46,Grocery,Married,0,0,0,established_loyal,0,1,1-2 years,recent_new_customer,1,0,0,0-7 days,lowest_risk_grocery,0,1,0,stable_low_risk,0,1,0,medium_value,11.7591305,0,0,0,0
23,35.0,4,3,1,7,270.46,Grocery,Divorced,0,0,0,established_loyal,0,1,1-2 years,recent_new_customer,1,0,0,0-7 days,lowest_risk_grocery,0,1,0,moderate_risk,0,0,1,medium_value,11.7591305,0,0,0,0
23,34.0,3,5,5,2,268.8,Grocery,Divorced,1,0,0,established_loyal,0,1,1-2 years,recent_new_customer,1,0,0,0-7 days,lowest_risk_grocery,0,1,0,moderate_risk,0,0,1,medium_value,11.686956,0,0,1,0
23,34.0,3,5,5,2,268.8,Grocery,Married,1,0,0,established_loyal,0,1,1-2 years,recent_new_customer,1,0,0,0-7 days,lowest_risk_grocery,0,1,0,stable_low_risk,0,1,0,medium_value,11.686956,0,0,1,0
23,13.0,5,3,4,13,264.66,Grocery,Married,1,0,0,established_loyal,0,1,1-2 years,active_low_risk,0,0,1,8-14 days,lowest_risk_grocery,0,1,0,stable_low_risk,0,1,0,medium_value,11.506957,0,0,1,0
23,7.0,5,3,9,8,264.64,Grocery,Single,1,0,0,established_loyal,0,1,1-2 years,active_low_risk,0,0,1,8-14 days,lowest_risk_grocery,0,1,0,unstable_high_risk,1,0,0,medium_value,11.506087,0,0,2,0
23,15.0,5,4,8,4,256.2,Grocery,Married,0,0,0,established_loyal,0,1,1-2 years,recent_new_customer,1,0,0,0-7 days,lowest_risk_grocery,0,1,0,stable_low_risk,0,1,0,medium_value,11.139131,0,0,0,0
23,15.0,5,4,8,4,256.2,Grocery,Divorced,0,0,0,established_loyal,0,1,1-2 years,recent_new_customer,1,0,0,0-7 days,lowest_risk_grocery,0,1,0,moderate_risk,0,0,1,medium_value,11.139131,0,0,0,0
23,28.0,5,1,2,9,244.11,Grocery,Single,1,0,0,established_loyal,0,1,1-2 years,active_low_risk,0,0,1,8-14 days,lowest_risk_grocery,0,1,0,unstable_high_risk,1,0,0,medium_value,10.613479,0,0,2,0
23,30.0,3,3,4,5,239.73,Grocery,Divorced,1,0,0,established_loyal,0,1,1-2 years,recent_new_customer,1,0,0,0-7 days,lowest_risk_grocery,0,1,0,moderate_risk,0,0,1,medium_value,10.423043,0,0,1,0
23,14.0,5,3,10,1,234.65,Fashion,Single,0,0,0,established_loyal,0,1,1-2 years,recent_new_customer,1,0,0,0-7 days,moderate_risk_fashion,0,0,1,unstable_high_risk,1,0,0,medium_value,10.202173,0,0,1,0
23,23.0,4,5,6,11,232.69,Fashion,Married,0,0,0,established_loyal,0,1,1-2 years,active_low_risk,0,0,1,8-14 days,moderate_risk_fashion,0,0,1,stable_low_risk,0,1,0,medium_value,10.116957,0,0,0,0
23,14.0,4,4,5,47,229.66,Fashion,Married,0,1,0,established_loyal,0,1,1-2 years,dormant_high_risk,0,1,0,31+ days,moderate_risk_fashion,0,0,1,stable_low_risk,0,1,0,medium_value,9.985217,0,0,1,0
23,15.0,4,4,6,8,199.03,Fashion,Married,0,0,0,established_loyal,0,1,1-2 years,active_low_risk,0,0,1,8-14 days,moderate_risk_fashion,0,0,1,stable_low_risk,0,1,0,medium_value,8.653479,0,0,0,0
23,25.0,4,2,3,8,193.04,Laptop & Accessory,Married,1,0,0,established_loyal,0,1,1-2 years,active_low_risk,0,0,1,8-14 days,low_risk_electronics,0,0,0,stable_low_risk,0,1,0,medium_value,8.3930435,0,0,1,0
23,25.0,4,1,3,8,193.04,Laptop & Accessory,Married,1,0,0,established_loyal,0,1,1-2 years,active_low_risk,0,0,1,8-14 days,low_risk_electronics,0,0,0,stable_low_risk,0,1,0,medium_value,8.3930435,0,0,1,0
23,18.0,3,1,5,1,192.08,Fashion,Single,0,0,0,established_loyal,0,1,1-2 years,recent_new_customer,1,0,0,0-7 days,moderate_risk_fashion,0,0,1,unstable_high_risk,1,0,0,medium_value,8.351304,0,0,1,0
23,12.0,4,3,4,3,191.51,Laptop & Accessory,Married,0,0,0,established_loyal,0,1,1-2 years,recent_new_customer,1,0,0,0-7 days,low_risk_electronics,0,0,0,stable_low_risk,0,1,0,medium_value,8.326522,0,0,0,0
23,12.0,4,3,4,3,191.51,Laptop & Accessory,Divorced,0,0,0,established_loyal,0,1,1-2 years,recent_new_customer,1,0,0,0-7 days,low_risk_electronics,0,0,0,moderate_risk,0,0,1,medium_value,8.326522,0,0,0,0
23,27.0,4,5,3,12,190.67,Laptop & Accessory,Married,0,0,0,established_loyal,0,1,1-2 years,active_low_risk,0,0,1,8-14 days,low_risk_electronics,0,0,0,stable_low_risk,0,1,0,medium_value,8.29,0,0,0,0
23,15.0,5,4,3,8,176.3,Laptop & Accessory,Married,0,0,0,established_loyal,0,1,1-2 years,active_low_risk,0,0,1,8-14 days,low_risk_electronics,0,0,0,stable_low_risk,0,1,0,medium_value,7.6652174,0,0,0,0
23,18.0,4,1,5,5,170.07,Laptop & Accessory,Single,0,0,0,established_loyal,0,1,1-2 years,recent_new_customer,1,0,0,0-7 days,low_risk_electronics,0,0,0,unstable_high_risk,1,0,0,medium_value,7.394348,0,0,1,0
23,14.0,5,3,10,1,170.0,Fashion,Single,0,0,0,established_loyal,0,1,1-2 years,recent_new_customer,1,0,0,0-7 days,moderate_risk_fashion,0,0,1,unstable_high_risk,1,0,0,medium_value,7.3913045,0,0,1,0
23,6.0,3,3,1,13,163.47,Laptop & Accessory,Divorced,0,0,0,established_loyal,0,1,1-2 years,active_low_risk,0,0,1,8-14 days,low_risk_electronics,0,0,0,moderate_risk,0,0,1,medium_value,7.1073914,0,0,0,0
23,6.0,3,3,1,13,163.47,Laptop & Accessory,Married,0,0,0,established_loyal,0,1,1-2 years,active_low_risk,0,0,1,8-14 days,low_risk_electronics,0,0,0,stable_low_risk,0,1,0,medium_value,7.1073914,0,0,0,0
23,7.0,4,5,4,3,160.8,Mobile Phone,Married,0,0,0,established_loyal,0,1,1-2 years,recent_new_customer,1,0,0,0-7 days,high_risk_tech,1,0,0,stable_low_risk,0,1,0,medium_value,6.9913044,0,0,1,0
23,7.0,4,5,4,3,160.8,Mobile Phone,Divorced,0,0,0,established_loyal,0,1,1-2 years,recent_new_customer,1,0,0,0-7 days,high_risk_tech,1,0,0,moderate_risk,0,0,1,medium_value,6.9913044,0,0,1,0
23,23.0,4,5,6,3,150.87,Mobile Phone,Married,1,0,0,established_loyal,0,1,1-2 years,recent_new_customer,1,0,0,0-7 days,high_risk_tech,1,0,0,stable_low_risk,0,1,0,medium_value,6.559565,0,0,2,0
23,14.0,3,4,8,2,138.75,Mobile Phone,Married,0,0,0,established_loyal,0,1,1-2 years,recent_new_customer,1,0,0,0-7 days,high_risk_tech,1,0,0,stable_low_risk,0,1,0,low_value,6.0326085,0,0,1,0
23,14.0,3,4,8,2,138.75,Mobile Phone,Divorced,0,0,0,established_loyal,0,1,1-2 years,recent_new_customer,1,0,0,0-7 days,high_risk_tech,1,0,0,moderate_risk,0,0,1,low_value,6.0326085,0,0,1,0
23,6.0,4,3,3,2,136.9,Mobile Phone,Divorced,0,0,0,established_loyal,0,1,1-2 years,recent_new_customer,1,0,0,0-7 days,high_risk_tech,1,0,0,moderate_risk,0,0,1,low_value,5.9521737,0,0,1,0
23,6.0,4,3,3,2,136.9,Mobile Phone,Married,0,0,0,established_loyal,0,1,1-2 years,recent_new_customer,1,0,0,0-7 days,high_risk_tech,1,0,0,stable_low_risk,0,1,0,low_value,5.9521737,0,0,1,0
23,34.0,1,3,2,8,132.21,Mobile,Married,1,0,0,established_loyal,0,1,1-2 years,active_low_risk,0,0,1,8-14 days,high_risk_tech,1,0,0,stable_low_risk,0,1,0,low_value,5.748261,0,0,2,0
23,14.0,3,2,5,0,123.8,Mobile,Divorced,0,0,0,established_loyal,0,1,1-2 years,recent_new_customer,1,0,0,0-7 days,high_risk_tech,1,0,0,moderate_risk,0,0,1,low_value,5.382609,0,0,1,0
23,14.0,3,1,5,0,123.8,Mobile,Married,0,0,0,established_loyal,0,1,1-2 years,recent_new_customer,1,0,0,0-7 days,high_risk_tech,1,0,0,stable_low_risk,0,1,0,low_value,5.382609,0,0,1,0
22,17.0,5,4,6,10,321.65,Others,Married,0,0,0,established_loyal,0,1,1-2 years,active_low_risk,0,0,1,8-14 days,low_risk_other,0,0,0,stable_low_risk,0,1,0,high_value,14.620454,1,0,0,0
22,8.0,5,1,8,1,307.65,Others,Single,0,0,0,established_loyal,0,1,1-2 years,recent_new_customer,1,0,0,0-7 days,low_risk_other,0,0,0,unstable_high_risk,1,0,0,high_value,13.984091,1,0,1,0
22,29.0,4,1,5,8,296.74,Grocery,Married,0,0,0,established_loyal,0,1,1-2 years,active_low_risk,0,0,1,8-14 days,lowest_risk_grocery,0,1,0,stable_low_risk,0,1,0,medium_value,13.488181,0,0,0,0
22,24.0,4,3,2,9,295.02,Others,Married,1,0,0,established_loyal,0,1,1-2 years,active_low_risk,0,0,1,8-14 days,low_risk_other,0,0,0,stable_low_risk,0,1,0,medium_value,13.41,0,0,1,0
22,7.0,2,1,4,2,293.85,Grocery,Single,0,0,0,established_loyal,0,1,1-2 years,recent_new_customer,1,0,0,0-7 days,lowest_risk_grocery,0,1,0,unstable_high_risk,1,0,0,medium_value,13.356818,0,0,1,0
22,7.0,2,2,4,2,293.85,Grocery,Single,0,0,0,established_loyal,0,1,1-2 years,recent_new_customer,1,0,0,0-7 days,lowest_risk_grocery,0,1,0,unstable_high_risk,1,0,0,medium_value,13.356818,0,0,1,0
22,8.0,3,1,4,3,291.61,Others,Married,0,0,0,established_loyal,0,1,1-2 years,recent_new_customer,1,0,0,0-7 days,low_risk_other,0,0,0,stable_low_risk,0,1,0,medium_value,13.254999,0,0,0,0
22,10.0,4,3,3,0,287.11,Others,Divorced,0,0,0,established_loyal,0,1,1-2 years,recent_new_customer,1,0,0,0-7 days,low_risk_other,0,0,0,moderate_risk,0,0,1,medium_value,13.050454,0,0,0,0
22,16.0,3,5,10,2,286.65,Others,Single,1,0,0,established_loyal,0,1,1-2 years,recent_new_customer,1,0,0,0-7 days,low_risk_other,0,0,0,unstable_high_risk,1,0,0,medium_value,13.029545,0,0,2,0
22,7.0,5,5,9,3,279.02,Grocery,Married,0,0,0,established_loyal,0,1,1-2 years,recent_new_customer,1,0,0,0-7 days,lowest_risk_grocery,0,1,0,stable_low_risk,0,1,0,medium_value,12.682727,0,0,0,0
22,6.0,3,3,5,0,253.79,Grocery,Single,0,0,0,established_loyal,0,1,1-2 years,recent_new_customer,1,0,0,0-7 days,lowest_risk_grocery,0,1,0,unstable_high_risk,1,0,0,medium_value,11.535909,0,0,1,0
22,7.0,3,3,5,0,253.79,Grocery,Single,0,0,0,established_loyal,0,1,1-2 years,recent_new_customer,1,0,0,0-7 days,lowest_risk_grocery,0,1,0,unstable_high_risk,1,0,0,medium_value,11.535909,0,0,1,0
22,36.0,4,3,5,1,250.04,Fashion,Married,0,0,0,established_loyal,0,1,1-2 years,recent_new_customer,1,0,0,0-7 days,moderate_risk_fashion,0,0,1,stable_low_risk,0,1,0,medium_value,11.365455,0,0,0,0
22,12.0,4,3,3,12,239.66,Grocery,Married,1,0,0,established_loyal,0,1,1-2 years,active_low_risk,0,0,1,8-14 days,lowest_risk_grocery,0,1,0,stable_low_risk,0,1,0,medium_value,10.893637,0,0,1,0
22,6.0,4,3,8,7,239.64,Grocery,Single,1,0,0,established_loyal,0,1,1-2 years,recent_new_customer,1,0,0,0-7 days,lowest_risk_grocery,0,1,0,unstable_high_risk,1,0,0,medium_value,10.892727,0,0,2,0
22,11.0,5,3,9,9,234.99,Fashion,Single,0,0,0,established_loyal,0,1,1-2 years,active_low_risk,0,0,1,8-14 days,moderate_risk_fashion,0,0,1,unstable_high_risk,1,0,0,medium_value,10.681364,0,0,1,0
22,14.0,4,4,7,47,231.2,Grocery,Divorced,0,1,0,established_loyal,0,1,1-2 years,dormant_high_risk,0,1,0,31+ days,lowest_risk_grocery,0,1,0,moderate_risk,0,0,1,medium_value,10.50909,0,0,1,0
22,14.0,4,4,7,47,231.2,Grocery,Married,0,1,0,established_loyal,0,1,1-2 years,dormant_high_risk,0,1,0,31+ days,lowest_risk_grocery,0,1,0,stable_low_risk,0,1,0,medium_value,10.50909,0,0,1,0
22,13.0,4,3,9,47,209.65,Fashion,Single,0,1,0,established_loyal,0,1,1-2 years,dormant_high_risk,0,1,0,31+ days,moderate_risk_fashion,0,0,1,unstable_high_risk,1,0,0,medium_value,9.529545,0,0,2,0
22,9.0,3,4,5,3,206.2,Laptop & Accessory,Divorced,0,0,0,established_loyal,0,1,1-2 years,recent_new_customer,1,0,0,0-7 days,low_risk_electronics,0,0,0,moderate_risk,0,0,1,medium_value,9.372727,0,0,0,0
22,9.0,2,4,5,3,206.2,Laptop & Accessory,Married,0,0,0,established_loyal,0,1,1-2 years,recent_new_customer,1,0,0,0-7 days,low_risk_electronics,0,0,0,stable_low_risk,0,1,0,medium_value,9.372727,0,0,0,0
22,13.0,3,4,4,7,204.66,Fashion,Married,0,0,0,established_loyal,0,1,1-2 years,recent_new_customer,1,0,0,0-7 days,moderate_risk_fashion,0,0,1,stable_low_risk,0,1,0,medium_value,9.302728,0,0,0,0
22,11.0,4,2,3,9,203.98,Fashion,Single,0,0,0,established_loyal,0,1,1-2 years,active_low_risk,0,0,1,8-14 days,moderate_risk_fashion,0,0,1,unstable_high_risk,1,0,0,medium_value,9.271818,0,0,1,0
22,23.0,4,3,10,8,189.39,Laptop & Accessory,Married,0,0,0,established_loyal,0,1,1-2 years,active_low_risk,0,0,1,8-14 days,low_risk_electronics,0,0,0,stable_low_risk,0,1,0,medium_value,8.608636,0,0,0,0
22,14.0,4,5,6,3,179.86,Laptop & Accessory,Married,0,0,0,established_loyal,0,1,1-2 years,recent_new_customer,1,0,0,0-7 days,low_risk_electronics,0,0,0,stable_low_risk,0,1,0,medium_value,8.175454,0,0,0,0
22,14.0,3,4,5,7,174.03,Fashion,Married,0,0,0,established_loyal,0,1,1-2 years,recent_new_customer,1,0,0,0-7 days,moderate_risk_fashion,0,0,1,stable_low_risk,0,1,0,medium_value,7.9104543,0,0,0,0
22,24.0,3,2,2,7,168.04,Laptop & Accessory,Married,1,0,0,established_loyal,0,1,1-2 years,recent_new_customer,1,0,0,0-7 days,low_risk_electronics,0,0,0,stable_low_risk,0,1,0,medium_value,7.6381817,0,0,1,0
22,24.0,3,1,2,7,168.04,Laptop & Accessory,Married,1,0,0,established_loyal,0,1,1-2 years,recent_new_customer,1,0,0,0-7 days,low_risk_electronics,0,0,0,stable_low_risk,0,1,0,medium_value,7.6381817,0,0,1,0
22,11.0,3,3,3,2,166.51,Laptop & Accessory,Married,0,0,0,established_loyal,0,1,1-2 years,recent_new_customer,1,0,0,0-7 days,low_risk_electronics,0,0,0,stable_low_risk,0,1,0,medium_value,7.568636,0,0,0,0
22,11.0,3,3,3,2,166.51,Laptop & Accessory,Divorced,0,0,0,established_loyal,0,1,1-2 years,recent_new_customer,1,0,0,0-7 days,low_risk_electronics,0,0,0,moderate_risk,0,0,1,medium_value,7.568636,0,0,0,0
22,26.0,3,5,2,11,165.67,Laptop & Accessory,Married,0,0,0,established_loyal,0,1,1-2 years,active_low_risk,0,0,1,8-14 days,low_risk_electronics,0,0,0,stable_low_risk,0,1,0,medium_value,7.5304546,0,0,0,0
22,9.0,4,2,4,8,165.51,Laptop & Accessory,Divorced,0,0,0,established_loyal,0,1,1-2 years,active_low_risk,0,0,1,8-14 days,low_risk_electronics,0,0,0,moderate_risk,0,0,1,medium_value,7.5231814,0,0,0,0
22,9.0,4,1,4,8,165.51,Laptop & Accessory,Married,0,0,0,established_loyal,0,1,1-2 years,active_low_risk,0,0,1,8-14 days,low_risk_electronics,0,0,0,stable_low_risk,0,1,0,medium_value,7.5231814,0,0,0,0
22,8.0,4,4,3,8,153.9,Laptop & Accessory,Married,0,0,0,established_loyal,0,1,1-2 years,active_low_risk,0,0,1,8-14 days,low_risk_electronics,0,0,0,stable_low_risk,0,1,0,medium_value,6.9954543,0,0,0,0
22,14.0,4,4,2,7,151.3,Laptop & Accessory,Married,0,0,0,established_loyal,0,1,1-2 years,recent_new_customer,1,0,0,0-7 days,low_risk_electronics,0,0,0,stable_low_risk,0,1,0,medium_value,6.877273,0,0,0,0
22,9.0,2,4,7,1,150.59,Mobile Phone,Single,0,0,0,established_loyal,0,1,1-2 years,recent_new_customer,1,0,0,0-7 days,high_risk_tech,1,0,0,unstable_high_risk,1,0,0,medium_value,6.845,0,0,2,0
22,9.0,4,5,5,2,147.89,Laptop & Accessory,Married,0,0,0,established_loyal,0,1,1-2 years,recent_new_customer,1,0,0,0-7 days,low_risk_electronics,0,0,0,stable_low_risk,0,1,0,low_value,6.722273,0,0,0,0
22,9.0,4,5,5,2,147.89,Laptop & Accessory,Divorced,0,0,0,established_loyal,0,1,1-2 years,recent_new_customer,1,0,0,0-7 days,low_risk_electronics,0,0,0,moderate_risk,0,0,1,low_value,6.722273,0,0,0,0
22,17.0,3,1,4,4,145.07,Laptop & Accessory,Single,0,0,0,established_loyal,0,1,1-2 years,recent_new_customer,1,0,0,0-7 days,low_risk_electronics,0,0,0,unstable_high_risk,1,0,0,low_value,6.5940914,0,0,1,0
22,13.0,4,3,9,0,145.0,Fashion,Single,0,0,0,established_loyal,0,1,1-2 years,recent_new_customer,1,0,0,0-7 days,moderate_risk_fashion,0,0,1,unstable_high_risk,1,0,0,low_value,6.590909,0,0,1,0
22,31.0,3,5,2,4,132.11,Mobile,Married,0,0,0,established_loyal,0,1,1-2 years,recent_new_customer,1,0,0,0-7 days,high_risk_tech,1,0,0,stable_low_risk,0,1,0,low_value,6.005,0,0,1,0
22,14.0,3,5,5,2,125.87,Mobile,Married,1,0,0,established_loyal,0,1,1-2 years,recent_new_customer,1,0,0,0-7 days,high_risk_tech,1,0,0,stable_low_risk,0,1,0,low_value,5.7213635,0,0,2,0
21,33.0,4,3,5,1,321.58,Others,Married,0,0,0,established_loyal,0,1,1-2 years,recent_new_customer,1,0,0,0-7 days,low_risk_other,0,0,0,stable_low_risk,0,1,0,high_value,15.313333,1,0,0,0
21,9.0,4,4,9,9,317.46,Others,Single,1,0,0,established_loyal,0,1,1-2 years,active_low_risk,0,0,1,8-14 days,low_risk_other,0,0,0,unstable_high_risk,1,0,0,high_value,15.117143,1,0,2,1
21,12.0,4,3,6,2,308.0,Others,Married,0,0,0,established_loyal,0,1,1-2 years,recent_new_customer,1,0,0,0-7 days,low_risk_other,0,0,0,stable_low_risk,0,1,0,high_value,14.666667,1,0,0,0
21,9.0,4,3,5,7,296.69,Grocery,Married,0,0,0,established_loyal,0,1,1-2 years,recent_new_customer,1,0,0,0-7 days,lowest_risk_grocery,0,1,0,stable_low_risk,0,1,0,medium_value,14.128096,0,0,0,0
21,16.0,4,4,5,9,296.65,Others,Married,0,0,0,established_loyal,0,1,1-2 years,active_low_risk,0,0,1,8-14 days,low_risk_other,0,0,0,stable_low_risk,0,1,0,medium_value,14.12619,0,0,0,0
21,9.0,4,1,3,1,292.52,Grocery,Married,1,0,0,established_loyal,0,1,1-2 years,recent_new_customer,1,0,0,0-7 days,lowest_risk_grocery,0,1,0,stable_low_risk,0,1,0,medium_value,13.929523,0,0,1,0
21,9.0,2,4,8,3,284.72,Grocery,Married,0,0,0,established_loyal,0,1,1-2 years,recent_new_customer,1,0,0,0-7 days,lowest_risk_grocery,0,1,0,stable_low_risk,0,1,0,medium_value,13.558095,0,0,0,0
21,6.0,4,2,7,0,282.65,Others,Single,0,0,0,established_loyal,0,1,1-2 years,recent_new_customer,1,0,0,0-7 days,low_risk_other,0,0,0,unstable_high_risk,1,0,0,medium_value,13.459523,0,0,1,0
21,7.0,4,1,7,0,282.65,Others,Single,0,0,0,established_loyal,0,1,1-2 years,recent_new_customer,1,0,0,0-7 days,low_risk_other,0,0,0,unstable_high_risk,1,0,0,medium_value,13.459523,0,0,1,0
21,28.0,3,1,4,7,271.74,Grocery,Married,0,0,0,established_loyal,0,1,1-2 years,recent_new_customer,1,0,0,0-7 days,lowest_risk_grocery,0,1,0,stable_low_risk,0,1,0,medium_value,12.94,0,0,0,0
21,6.0,1,2,3,1,268.85,Grocery,Single,0,0,0,established_loyal,0,1,1-2 years,recent_new_customer,1,0,0,0-7 days,lowest_risk_grocery,0,1,0,unstable_high_risk,1,0,0,medium_value,12.8023815,0,0,1,0
21,10.0,4,3,11,14,262.7,Grocery,Married,1,0,0,established_loyal,0,1,1-2 years,active_low_risk,0,0,1,8-14 days,lowest_risk_grocery,0,1,0,stable_low_risk,0,1,0,medium_value,12.509524,0,0,1,0
21,6.0,4,5,8,2,254.02,Grocery,Divorced,0,0,0,established_loyal,0,1,1-2 years,recent_new_customer,1,0,0,0-7 days,lowest_risk_grocery,0,1,0,moderate_risk,0,0,1,medium_value,12.09619,0,0,0,0
21,10.0,4,1,3,2,252.02,Grocery,Married,0,0,0,established_loyal,0,1,1-2 years,recent_new_customer,1,0,0,0-7 days,lowest_risk_grocery,0,1,0,stable_low_risk,0,1,0,medium_value,12.000953,0,0,0,0
21,8.0,4,4,2,13,244.57,Fashion,Married,0,0,0,established_loyal,0,1,1-2 years,active_low_risk,0,0,1,8-14 days,moderate_risk_fashion,0,0,1,stable_low_risk,0,1,0,medium_value,11.646191,0,0,0,0
21,11.0,5,4,10,47,228.33,Fashion,Married,1,1,0,established_loyal,0,1,1-2 years,dormant_high_risk,0,1,0,31+ days,moderate_risk_fashion,0,0,1,stable_low_risk,0,1,0,medium_value,10.872857,0,0,2,0
21,14.0,5,5,9,47,225.08,Fashion,Married,1,1,0,established_loyal,0,1,1-2 years,dormant_high_risk,0,1,0,31+ days,moderate_risk_fashion,0,0,1,stable_low_risk,0,1,0,medium_value,10.718096,0,0,2,1
21,35.0,3,3,4,47,225.04,Fashion,Married,0,1,0,established_loyal,0,1,1-2 years,dormant_high_risk,0,1,0,31+ days,moderate_risk_fashion,0,0,1,stable_low_risk,0,1,0,medium_value,10.71619,0,0,1,0
21,32.0,4,3,4,47,211.33,Fashion,Single,0,1,0,established_loyal,0,1,1-2 years,dormant_high_risk,0,1,0,31+ days,moderate_risk_fashion,0,0,1,unstable_high_risk,1,0,0,medium_value,10.0633335,0,0,2,0
21,10.0,4,3,8,47,209.99,Fashion,Single,0,1,0,established_loyal,0,1,1-2 years,dormant_high_risk,0,1,0,31+ days,moderate_risk_fashion,0,0,1,unstable_high_risk,1,0,0,medium_value,9.999524,0,0,2,0
21,8.0,2,4,4,2,181.2,Laptop & Accessory,Divorced,0,0,0,established_loyal,0,1,1-2 years,recent_new_customer,1,0,0,0-7 days,low_risk_electronics,0,0,0,moderate_risk,0,0,1,medium_value,8.6285715,0,0,0,0
21,21.0,4,4,10,8,179.67,Laptop & Accessory,Married,0,0,0,established_loyal,0,1,1-2 years,active_low_risk,0,0,1,8-14 days,low_risk_electronics,0,0,0,stable_low_risk,0,1,0,medium_value,8.555715,0,0,0,0
21,10.0,3,1,2,8,178.98,Fashion,Single,0,0,0,established_loyal,0,1,1-2 years,active_low_risk,0,0,1,8-14 days,moderate_risk_fashion,0,0,1,unstable_high_risk,1,0,0,medium_value,8.522857,0,0,1,0
21,9.0,4,2,7,5,175.7,Laptop & Accessory,Married,0,0,0,established_loyal,0,1,1-2 years,recent_new_customer,1,0,0,0-7 days,low_risk_electronics,0,0,0,stable_low_risk,0,1,0,medium_value,8.366667,0,0,0,0
21,9.0,4,1,7,5,175.7,Laptop & Accessory,Married,0,0,0,established_loyal,0,1,1-2 years,recent_new_customer,1,0,0,0-7 days,low_risk_electronics,0,0,0,stable_low_risk,0,1,0,medium_value,8.366667,0,0,0,0
21,23.0,2,3,3,8,175.67,Laptop & Accessory,Married,1,0,0,established_loyal,0,1,1-2 years,active_low_risk,0,0,1,8-14 days,low_risk_electronics,0,0,0,stable_low_risk,0,1,0,medium_value,8.365238,0,0,1,0
21,9.0,4,4,9,1,174.78,Laptop & Accessory,Married,0,0,0,established_loyal,0,1,1-2 years,recent_new_customer,1,0,0,0-7 days,low_risk_electronics,0,0,0,stable_low_risk,0,1,0,medium_value,8.322857,0,0,0,0
21,21.0,4,5,4,8,174.6,Laptop & Accessory,Single,0,0,0,established_loyal,0,1,1-2 years,active_low_risk,0,0,1,8-14 days,low_risk_electronics,0,0,0,unstable_high_risk,1,0,0,medium_value,8.314286,0,0,1,0
21,11.0,4,1,3,8,166.63,Laptop & Accessory,Single,1,0,0,established_loyal,0,1,1-2 years,active_low_risk,0,0,1,8-14 days,low_risk_electronics,0,0,0,unstable_high_risk,1,0,0,medium_value,7.934762,0,0,2,0
21,11.0,4,2,3,8,166.63,Laptop & Accessory,Single,1,0,0,established_loyal,0,1,1-2 years,active_low_risk,0,0,1,8-14 days,low_risk_electronics,0,0,0,unstable_high_risk,1,0,0,medium_value,7.934762,0,0,2,0
21,22.0,3,3,9,7,164.39,Laptop & Accessory,Married,0,0,0,established_loyal,0,1,1-2 years,recent_new_customer,1,0,0,0-7 days,low_risk_electronics,0,0,0,stable_low_risk,0,1,0,medium_value,7.8280954,0,0,0,0
21,9.0,5,2,3,3,157.94,Mobile Phone,Single,1,0,0,established_loyal,0,1,1-2 years,recent_new_customer,1,0,0,0-7 days,high_risk_tech,1,0,0,unstable_high_risk,1,0,0,medium_value,7.5209527,0,0,3,0
21,9.0,5,1,3,3,157.94,Mobile Phone,Single,1,0,0,established_loyal,0,1,1-2 years,recent_new_customer,1,0,0,0-7 days,high_risk_tech,1,0,0,unstable_high_risk,1,0,0,medium_value,7.5209527,0,0,3,0
21,13.0,3,5,5,2,154.86,Laptop & Accessory,Married,0,0,0,established_loyal,0,1,1-2 years,recent_new_customer,1,0,0,0-7 days,low_risk_electronics,0,0,0,stable_low_risk,0,1,0,medium_value,7.3742857,0,0,0,0
21,11.0,4,3,5,1,154.76,Laptop & Accessory,Single,0,0,0,established_loyal,0,1,1-2 years,recent_new_customer,1,0,0,0-7 days,low_risk_electronics,0,0,0,unstable_high_risk,1,0,0,medium_value,7.3695235,0,0,1,0
21,9.0,4,3,6,1,149.79,Mobile Phone,Single,0,0,0,established_loyal,0,1,1-2 years,recent_new_customer,1,0,0,0-7 days,high_risk_tech,1,0,0,unstable_high_risk,1,0,0,low_value,7.132857,0,0,2,1
21,9.0,5,1,11,1,148.8,Mobile Phone,Married,1,0,0,established_loyal,0,1,1-2 years,recent_new_customer,1,0,0,0-7 days,high_risk_tech,1,0,0,stable_low_risk,0,1,0,low_value,7.0857143,0,0,2,1
21,16.0,4,3,6,1,146.05,Mobile Phone,Single,0,0,0,established_loyal,0,1,1-2 years,recent_new_customer,1,0,0,0-7 days,high_risk_tech,1,0,0,unstable_high_risk,1,0,0,low_value,6.954762,0,0,2,0
21,12.0,4,3,3,2,142.4,Laptop & Accessory,Single,0,0,0,established_loyal,0,1,1-2 years,recent_new_customer,1,0,0,0-7 days,low_risk_electronics,0,0,0,unstable_high_risk,1,0,0,low_value,6.780952,0,0,1,0
21,8.0,3,2,3,7,140.51,Laptop & Accessory,Divorced,0,0,0,established_loyal,0,1,1-2 years,recent_new_customer,1,0,0,0-7 days,low_risk_electronics,0,0,0,moderate_risk,0,0,1,low_value,6.6909523,0,0,0,0
21,14.0,1,4,6,0,125.59,Mobile,Single,0,0,0,established_loyal,0,1,1-2 years,recent_new_customer,1,0,0,0-7 days,high_risk_tech,1,0,0,unstable_high_risk,1,0,0,low_value,5.980476,0,0,2,0
21,14.0,3,5,9,6,123.67,Mobile,Married,0,0,0,established_loyal,0,1,1-2 years,recent_new_customer,1,0,0,0-7 days,high_risk_tech,1,0,0,stable_low_risk,0,1,0,low_value,5.8890476,0,0,1,0
20,7.0,4,1,11,3,321.27,Others,Married,0,0,0,established_loyal,0,1,1-2 years,recent_new_customer,1,0,0,0-7 days,low_risk_other,0,0,0,stable_low_risk,0,1,0,high_value,16.0635,1,0,0,0
20,7.0,4,2,11,3,321.27,Others,Married,0,0,0,established_loyal,0,1,1-2 years,recent_new_customer,1,0,0,0-7 days,low_risk_other,0,0,0,stable_low_risk,0,1,0,high_value,16.0635,1,0,0,0
20,9.0,4,1,9,3,318.28,Others,Married,1,0,0,established_loyal,0,1,1-2 years,recent_new_customer,1,0,0,0-7 days,low_risk_other,0,0,0,stable_low_risk,0,1,0,high_value,15.914,1,0,1,0
20,22.0,4,4,7,4,315.81,Others,Divorced,0,0,0,established_loyal,0,1,1-2 years,recent_new_customer,1,0,0,0-7 days,low_risk_other,0,0,0,moderate_risk,0,0,1,high_value,15.7905,1,0,0,0
20,22.0,4,4,7,4,315.81,Others,Married,0,0,0,established_loyal,0,1,1-2 years,recent_new_customer,1,0,0,0-7 days,low_risk_other,0,0,0,stable_low_risk,0,1,0,high_value,15.7905,1,0,0,0
20,9.0,4,5,5,2,314.47,Others,Single,0,0,0,established_loyal,0,1,1-2 years,recent_new_customer,1,0,0,0-7 days,low_risk_other,0,0,0,unstable_high_risk,1,0,0,high_value,15.7235,1,0,1,0
20,11.0,5,4,4,9,312.89,Others,Married,0,0,0,established_loyal,0,1,1-2 years,active_low_risk,0,0,1,8-14 days,low_risk_other,0,0,0,stable_low_risk,0,1,0,high_value,15.644501,1,0,0,0
20,9.0,4,3,8,2,303.61,Grocery,Married,0,0,0,established_loyal,0,1,1-2 years,recent_new_customer,1,0,0,0-7 days,lowest_risk_grocery,0,1,0,stable_low_risk,0,1,0,high_value,15.180499,1,0,0,0
20,8.0,2,5,3,13,300.67,Grocery,Single,0,0,0,established_loyal,0,1,1-2 years,active_low_risk,0,0,1,8-14 days,lowest_risk_grocery,0,1,0,unstable_high_risk,1,0,0,high_value,15.033501,1,0,1,0
20,7.0,2,5,3,13,300.67,Grocery,Single,0,0,0,established_loyal,0,1,1-2 years,active_low_risk,0,0,1,8-14 days,lowest_risk_grocery,0,1,0,unstable_high_risk,1,0,0,high_value,15.033501,1,0,1,0
20,10.0,4,3,5,10,299.65,Grocery,Divorced,0,0,0,established_loyal,0,1,1-2 years,active_low_risk,0,0,1,8-14 days,lowest_risk_grocery,0,1,0,moderate_risk,0,0,1,medium_value,14.9825,0,0,0,0
20,10.0,4,3,5,10,299.65,Grocery,Married,0,0,0,established_loyal,0,1,1-2 years,active_low_risk,0,0,1,8-14 days,lowest_risk_grocery,0,1,0,stable_low_risk,0,1,0,medium_value,14.9825,0,0,0,0
20,32.0,3,3,4,0,296.58,Others,Married,0,0,0,established_loyal,0,1,1-2 years,recent_new_customer,1,0,0,0-7 days,low_risk_other,0,0,0,stable_low_risk,0,1,0,medium_value,14.8289995,0,0,0,0
20,9.0,4,5,10,10,295.48,Grocery,Married,0,0,0,established_loyal,0,1,1-2 years,active_low_risk,0,0,1,8-14 days,lowest_risk_grocery,0,1,0,stable_low_risk,0,1,0,medium_value,14.774,0,0,0,0
20,9.0,6,4,5,8,293.72,Grocery,Married,1,0,0,established_loyal,0,1,1-2 years,active_low_risk,0,0,1,8-14 days,lowest_risk_grocery,0,1,0,stable_low_risk,0,1,0,medium_value,14.686,0,0,1,0
20,8.0,3,4,8,8,292.46,Others,Single,1,0,0,established_loyal,0,1,1-2 years,active_low_risk,0,0,1,8-14 days,low_risk_other,0,0,0,unstable_high_risk,1,0,0,medium_value,14.622999,0,0,2,1
20,10.0,4,4,10,2,291.06,Grocery,Divorced,0,0,0,established_loyal,0,1,1-2 years,recent_new_customer,1,0,0,0-7 days,lowest_risk_grocery,0,1,0,moderate_risk,0,0,1,medium_value,14.5529995,0,0,0,0
20,10.0,4,4,10,2,291.06,Grocery,Married,0,0,0,established_loyal,0,1,1-2 years,recent_new_customer,1,0,0,0-7 days,lowest_risk_grocery,0,1,0,stable_low_risk,0,1,0,medium_value,14.5529995,0,0,0,0
20,11.0,3,3,5,1,283.0,Others,Married,0,0,0,established_loyal,0,1,1-2 years,recent_new_customer,1,0,0,0-7 days,low_risk_other,0,0,0,stable_low_risk,0,1,0,medium_value,14.15,0,0,0,0
20,11.0,3,3,5,1,283.0,Others,Divorced,0,0,0,established_loyal,0,1,1-2 years,recent_new_customer,1,0,0,0-7 days,low_risk_other,0,0,0,moderate_risk,0,0,1,medium_value,14.15,0,0,0,0
20,8.0,3,1,2,0,267.52,Grocery,Married,1,0,0,established_loyal,0,1,1-2 years,recent_new_customer,1,0,0,0-7 days,lowest_risk_grocery,0,1,0,stable_low_risk,0,1,0,medium_value,13.375999,0,0,1,0
20,10.0,2,5,4,9,257.25,Grocery,Married,0,0,0,established_loyal,0,1,1-2 years,active_low_risk,0,0,1,8-14 days,lowest_risk_grocery,0,1,0,stable_low_risk,0,1,0,medium_value,12.8625,0,0,0,0
20,9.0,3,3,10,13,237.7,Grocery,Married,1,0,0,established_loyal,0,1,1-2 years,active_low_risk,0,0,1,8-14 days,lowest_risk_grocery,0,1,0,stable_low_risk,0,1,0,medium_value,11.885,0,0,1,0
20,14.0,4,3,8,8,233.45,Fashion,Married,0,0,0,established_loyal,0,1,1-2 years,active_low_risk,0,0,1,8-14 days,moderate_risk_fashion,0,0,1,stable_low_risk,0,1,0,medium_value,11.6725,0,0,0,0
20,7.0,5,5,4,6,231.73,Fashion,Married,1,0,0,established_loyal,0,1,1-2 years,recent_new_customer,1,0,0,0-7 days,moderate_risk_fashion,0,0,1,stable_low_risk,0,1,0,medium_value,11.5865,0,0,1,0
20,25.0,4,3,7,47,230.27,Fashion,Divorced,0,1,0,established_loyal,0,1,1-2 years,dormant_high_risk,0,1,0,31+ days,moderate_risk_fashion,0,0,1,moderate_risk,0,0,1,medium_value,11.5135,0,0,1,0
20,9.0,4,1,6,47,228.68,Fashion,Married,1,1,0,established_loyal,0,1,1-2 years,dormant_high_risk,0,1,0,31+ days,moderate_risk_fashion,0,0,1,stable_low_risk,0,1,0,medium_value,11.434,0,0,2,0
20,6.0,3,4,1,47,219.57,Fashion,Married,0,1,0,established_loyal,0,1,1-2 years,dormant_high_risk,0,1,0,31+ days,moderate_risk_fashion,0,0,1,stable_low_risk,0,1,0,medium_value,10.9785,0,0,1,0
20,7.0,3,4,1,47,219.57,Fashion,Married,0,1,0,established_loyal,0,1,1-2 years,dormant_high_risk,0,1,0,31+ days,moderate_risk_fashion,0,0,1,stable_low_risk,0,1,0,medium_value,10.9785,0,0,1,0
20,7.0,4,5,9,47,218.96,Fashion,Married,0,1,0,established_loyal,0,1,1-2 years,dormant_high_risk,0,1,0,31+ days,moderate_risk_fashion,0,0,1,stable_low_risk,0,1,0,medium_value,10.948,0,0,1,0
20,17.0,5,2,4,47,215.71,Fashion,Divorced,1,1,0,established_loyal,0,1,1-2 years,dormant_high_risk,0,1,0,31+ days,moderate_risk_fashion,0,0,1,moderate_risk,0,0,1,medium_value,10.785501,0,0,2,0
20,9.0,4,1,5,47,210.78,Fashion,Married,0,1,0,established_loyal,0,1,1-2 years,dormant_high_risk,0,1,0,31+ days,moderate_risk_fashion,0,0,1,stable_low_risk,0,1,0,medium_value,10.539,0,0,1,0
20,33.0,5,4,10,3,204.91,Laptop & Accessory,Single,0,0,0,established_loyal,0,1,1-2 years,recent_new_customer,1,0,0,0-7 days,low_risk_electronics,0,0,0,unstable_high_risk,1,0,0,medium_value,10.245501,0,0,1,0
20,10.0,4,4,9,10,203.33,Fashion,Married,1,0,0,established_loyal,0,1,1-2 years,active_low_risk,0,0,1,8-14 days,moderate_risk_fashion,0,0,1,stable_low_risk,0,1,0,medium_value,10.1665,0,0,1,0
20,29.0,3,2,2,6,203.12,Fashion,Divorced,0,0,0,established_loyal,0,1,1-2 years,recent_new_customer,1,0,0,0-7 days,moderate_risk_fashion,0,0,1,moderate_risk,0,0,1,medium_value,10.156,0,0,0,1
20,9.0,4,1,4,5,198.79,Laptop & Accessory,Married,0,0,0,established_loyal,0,1,1-2 years,recent_new_customer,1,0,0,0-7 days,low_risk_electronics,0,0,0,stable_low_risk,0,1,0,medium_value,9.9395,0,0,0,0
20,9.0,4,2,4,5,198.79,Laptop & Accessory,Married,0,0,0,established_loyal,0,1,1-2 years,recent_new_customer,1,0,0,0-7 days,low_risk_electronics,0,0,0,stable_low_risk,0,1,0,medium_value,9.9395,0,0,0,0
20,31.0,3,3,3,11,186.33,Fashion,Single,0,0,0,established_loyal,0,1,1-2 years,active_low_risk,0,0,1,8-14 days,moderate_risk_fashion,0,0,1,unstable_high_risk,1,0,0,medium_value,9.3165,0,0,1,0
20,12.0,4,1,6,9,182.72,Laptop & Accessory,Single,1,0,0,established_loyal,0,1,1-2 years,active_low_risk,0,0,1,8-14 days,low_risk_electronics,0,0,0,unstable_high_risk,1,0,0,medium_value,9.136,0,0,2,0
20,20.0,4,4,8,10,180.62,Laptop & Accessory,Single,0,0,0,established_loyal,0,1,1-2 years,active_low_risk,0,0,1,8-14 days,low_risk_electronics,0,0,0,unstable_high_risk,1,0,0,medium_value,9.031,0,0,1,0
20,14.0,4,3,4,1,177.58,Laptop & Accessory,Divorced,0,0,0,established_loyal,0,1,1-2 years,recent_new_customer,1,0,0,0-7 days,low_risk_electronics,0,0,0,moderate_risk,0,0,1,medium_value,8.879,0,0,0,0
20,14.0,4,3,4,1,177.58,Laptop & Accessory,Married,0,0,0,established_loyal,0,1,1-2 years,recent_new_customer,1,0,0,0-7 days,low_risk_electronics,0,0,0,stable_low_risk,0,1,0,medium_value,8.879,0,0,0,0
20,12.0,4,4,3,3,175.21,Laptop & Accessory,Married,1,0,0,established_loyal,0,1,1-2 years,recent_new_customer,1,0,0,0-7 days,low_risk_electronics,0,0,0,stable_low_risk,0,1,0,medium_value,8.7605,0,0,1,0
20,21.0,4,4,11,4,174.63,Mobile Phone,Married,1,0,0,established_loyal,0,1,1-2 years,recent_new_customer,1,0,0,0-7 days,high_risk_tech,1,0,0,stable_low_risk,0,1,0,medium_value,8.731501,0,0,2,1
20,21.0,4,4,11,4,174.63,Mobile Phone,Divorced,1,0,0,established_loyal,0,1,1-2 years,recent_new_customer,1,0,0,0-7 days,high_risk_tech,1,0,0,moderate_risk,0,0,1,medium_value,8.731501,0,0,2,1
20,25.0,4,3,4,9,173.1,Laptop & Accessory,Married,0,0,0,established_loyal,0,1,1-2 years,active_low_risk,0,0,1,8-14 days,low_risk_electronics,0,0,0,stable_low_risk,0,1,0,medium_value,8.655001,0,0,0,0
20,15.0,5,5,10,8,171.15,Laptop & Accessory,Married,1,0,0,established_loyal,0,1,1-2 years,active_low_risk,0,0,1,8-14 days,low_risk_electronics,0,0,0,stable_low_risk,0,1,0,medium_value,8.5575,0,0,1,0
20,8.0,4,5,8,8,159.23,Mobile Phone,Single,0,0,0,established_loyal,0,1,1-2 years,active_low_risk,0,0,1,8-14 days,high_risk_tech,1,0,0,unstable_high_risk,1,0,0,medium_value,7.9614997,0,0,2,0
20,20.0,3,4,9,7,154.67,Laptop & Accessory,Married,0,0,0,established_loyal,0,1,1-2 years,recent_new_customer,1,0,0,0-7 days,low_risk_electronics,0,0,0,stable_low_risk,0,1,0,medium_value,7.7335,0,0,0,0
20,31.0,4,1,3,1,150.87,Mobile Phone,Single,0,0,0,established_loyal,0,1,1-2 years,recent_new_customer,1,0,0,0-7 days,high_risk_tech,1,0,0,unstable_high_risk,1,0,0,medium_value,7.5435,0,0,2,1
20,8.0,3,2,6,4,150.7,Laptop & Accessory,Married,0,0,0,established_loyal,0,1,1-2 years,recent_new_customer,1,0,0,0-7 days,low_risk_electronics,0,0,0,stable_low_risk,0,1,0,medium_value,7.535,0,0,0,0
20,8.0,3,1,6,4,150.7,Laptop & Accessory,Married,0,0,0,established_loyal,0,1,1-2 years,recent_new_customer,1,0,0,0-7 days,low_risk_electronics,0,0,0,stable_low_risk,0,1,0,medium_value,7.535,0,0,0,0
20,22.0,1,3,2,7,150.67,Laptop & Accessory,Married,1,0,0,established_loyal,0,1,1-2 years,recent_new_customer,1,0,0,0-7 days,low_risk_electronics,0,0,0,stable_low_risk,0,1,0,medium_value,7.5334997,0,0,1,0
20,20.0,3,5,3,7,149.6,Laptop & Accessory,Single,0,0,0,established_loyal,0,1,1-2 years,recent_new_customer,1,0,0,0-7 days,low_risk_electronics,0,0,0,unstable_high_risk,1,0,0,low_value,7.4800005,0,0,1,0
20,14.0,4,3,10,9,148.39,Mobile Phone,Married,0,0,0,established_loyal,0,1,1-2 years,active_low_risk,0,0,1,8-14 days,high_risk_tech,1,0,0,stable_low_risk,0,1,0,low_value,7.4195,0,0,1,1
20,20.0,3,3,4,2,145.91,Laptop & Accessory,Married,1,0,0,established_loyal,0,1,1-2 years,recent_new_customer,1,0,0,0-7 days,low_risk_electronics,0,0,0,stable_low_risk,0,1,0,low_value,7.2955003,0,0,1,0
20,10.0,3,2,2,7,141.63,Laptop & Accessory,Single,1,0,0,established_loyal,0,1,1-2 years,recent_new_customer,1,0,0,0-7 days,low_risk_electronics,0,0,0,unstable_high_risk,1,0,0,low_value,7.0815,0,0,2,0
20,10.0,3,1,2,7,141.63,Laptop & Accessory,Single,1,0,0,established_loyal,0,1,1-2 years,recent_new_customer,1,0,0,0-7 days,low_risk_electronics,0,0,0,unstable_high_risk,1,0,0,low_value,7.0815,0,0,2,0
20,7.0,3,1,8,2,134.2,Mobile,Married,0,0,0,established_loyal,0,1,1-2 years,recent_new_customer,1,0,0,0-7 days,high_risk_tech,1,0,0,stable_low_risk,0,1,0,low_value,6.71,0,0,1,0
20,8.0,4,1,2,2,132.94,Mobile,Single,1,0,0,established_loyal,0,1,1-2 years,recent_new_customer,1,0,0,0-7 days,high_risk_tech,1,0,0,unstable_high_risk,1,0,0,low_value,6.6470003,0,0,3,0
20,8.0,4,2,2,2,132.94,Mobile,Single,1,0,0,established_loyal,0,1,1-2 years,recent_new_customer,1,0,0,0-7 days,high_risk_tech,1,0,0,unstable_high_risk,1,0,0,low_value,6.6470003,0,0,3,0
20,10.0,3,3,4,0,129.76,Laptop & Accessory,Single,0,0,0,established_loyal,0,1,1-2 years,recent_new_customer,1,0,0,0-7 days,low_risk_electronics,0,0,0,unstable_high_risk,1,0,0,low_value,6.488,0,0,1,0
20,14.0,3,3,5,0,124.79,Mobile,Single,0,0,0,established_loyal,0,1,1-2 years,recent_new_customer,1,0,0,0-7 days,high_risk_tech,1,0,0,unstable_high_risk,1,0,0,low_value,6.2395,0,0,2,1
20,14.0,4,1,10,0,123.8,Mobile,Married,1,0,0,established_loyal,0,1,1-2 years,recent_new_customer,1,0,0,0-7 days,high_risk_tech,1,0,0,stable_low_risk,0,1,0,low_value,6.19,0,0,2,1
19,9.0,4,5,7,5,323.59,Others,Divorced,1,0,0,established_loyal,0,1,1-2 years,recent_new_customer,1,0,0,0-7 days,low_risk_other,0,0,0,moderate_risk,0,0,1,high_value,17.031052,1,0,1,1
19,7.0,2,1,2,8,317.02,Others,Married,0,0,0,established_loyal,0,1,1-2 years,active_low_risk,0,0,1,8-14 days,low_risk_other,0,0,0,stable_low_risk,0,1,0,high_value,16.685263,1,0,0,0
19,7.0,3,2,2,8,317.02,Others,Divorced,0,0,0,established_loyal,0,1,1-2 years,active_low_risk,0,0,1,8-14 days,low_risk_other,0,0,0,moderate_risk,0,0,1,high_value,16.685263,1,0,0,0
19,32.0,4,4,5,1,305.61,Others,Single,0,0,0,established_loyal,0,1,1-2 years,recent_new_customer,1,0,0,0-7 days,low_risk_other,0,0,0,unstable_high_risk,1,0,0,high_value,16.084736,1,0,1,0
19,18.0,4,2,5,2,301.5,Grocery,Divorced,0,0,0,established_loyal,0,1,1-2 years,recent_new_customer,1,0,0,0-7 days,lowest_risk_grocery,0,1,0,moderate_risk,0,0,1,high_value,15.868421,1,0,0,0
19,6.0,3,2,10,2,296.27,Others,Married,0,0,0,established_loyal,0,1,1-2 years,recent_new_customer,1,0,0,0-7 days,low_risk_other,0,0,0,stable_low_risk,0,1,0,medium_value,15.593158,0,0,0,0
19,6.0,3,1,10,2,296.27,Others,Married,0,0,0,established_loyal,0,1,1-2 years,recent_new_customer,1,0,0,0-7 days,low_risk_other,0,0,0,stable_low_risk,0,1,0,medium_value,15.593158,0,0,0,0
19,8.0,3,1,8,2,293.28,Others,Married,1,0,0,established_loyal,0,1,1-2 years,recent_new_customer,1,0,0,0-7 days,low_risk_other,0,0,0,stable_low_risk,0,1,0,medium_value,15.435789,0,0,1,0
19,9.0,5,2,11,9,292.92,Grocery,Divorced,0,0,0,established_loyal,0,1,1-2 years,active_low_risk,0,0,1,8-14 days,lowest_risk_grocery,0,1,0,moderate_risk,0,0,1,medium_value,15.416842,0,0,0,0
19,9.0,5,1,11,9,292.92,Grocery,Married,0,0,0,established_loyal,0,1,1-2 years,active_low_risk,0,0,1,8-14 days,lowest_risk_grocery,0,1,0,stable_low_risk,0,1,0,medium_value,15.416842,0,0,0,0
19,35.0,5,4,3,7,292.04,Grocery,Single,0,0,0,established_loyal,0,1,1-2 years,recent_new_customer,1,0,0,0-7 days,lowest_risk_grocery,0,1,0,unstable_high_risk,1,0,0,medium_value,15.370526,0,0,1,0
19,21.0,3,4,6,3,290.81,Others,Married,0,0,0,established_loyal,0,1,1-2 years,recent_new_customer,1,0,0,0-7 days,low_risk_other,0,0,0,stable_low_risk,0,1,0,medium_value,15.305789,0,0,0,0
19,21.0,3,4,6,3,290.81,Others,Divorced,0,0,0,established_loyal,0,1,1-2 years,recent_new_customer,1,0,0,0-7 days,low_risk_other,0,0,0,moderate_risk,0,0,1,medium_value,15.305789,0,0,0,0
19,8.0,3,5,4,1,289.47,Others,Single,0,0,0,established_loyal,0,1,1-2 years,recent_new_customer,1,0,0,0-7 days,low_risk_other,0,0,0,unstable_high_risk,1,0,0,medium_value,15.235263,0,0,1,0
19,10.0,4,4,3,8,287.89,Others,Married,0,0,0,established_loyal,0,1,1-2 years,active_low_risk,0,0,1,8-14 days,low_risk_other,0,0,0,stable_low_risk,0,1,0,medium_value,15.152106,0,0,0,0
19,10.0,4,4,3,8,287.89,Others,Divorced,0,0,0,established_loyal,0,1,1-2 years,active_low_risk,0,0,1,8-14 days,low_risk_other,0,0,0,moderate_risk,0,0,1,medium_value,15.152106,0,0,0,0
19,8.0,3,3,7,1,278.61,Grocery,Married,0,0,0,established_loyal,0,1,1-2 years,recent_new_customer,1,0,0,0-7 days,lowest_risk_grocery,0,1,0,stable_low_risk,0,1,0,medium_value,14.663684,0,0,0,0
19,7.0,1,5,2,12,275.67,Grocery,Single,0,0,0,established_loyal,0,1,1-2 years,active_low_risk,0,0,1,8-14 days,lowest_risk_grocery,0,1,0,unstable_high_risk,1,0,0,medium_value,14.508948,0,0,1,0
19,6.0,1,5,2,12,275.67,Grocery,Single,0,0,0,established_loyal,0,1,1-2 years,active_low_risk,0,0,1,8-14 days,lowest_risk_grocery,0,1,0,unstable_high_risk,1,0,0,medium_value,14.508948,0,0,1,0
19,9.0,3,3,4,9,274.65,Grocery,Married,0,0,0,established_loyal,0,1,1-2 years,active_low_risk,0,0,1,8-14 days,lowest_risk_grocery,0,1,0,stable_low_risk,0,1,0,medium_value,14.455263,0,0,0,0
19,9.0,3,3,4,9,274.65,Grocery,Divorced,0,0,0,established_loyal,0,1,1-2 years,active_low_risk,0,0,1,8-14 days,lowest_risk_grocery,0,1,0,moderate_risk,0,0,1,medium_value,14.455263,0,0,0,0
19,8.0,3,5,9,9,270.48,Grocery,Divorced,0,0,0,established_loyal,0,1,1-2 years,active_low_risk,0,0,1,8-14 days,lowest_risk_grocery,0,1,0,moderate_risk,0,0,1,medium_value,14.23579,0,0,0,0
19,8.0,3,5,9,9,270.48,Grocery,Married,0,0,0,established_loyal,0,1,1-2 years,active_low_risk,0,0,1,8-14 days,lowest_risk_grocery,0,1,0,stable_low_risk,0,1,0,medium_value,14.23579,0,0,0,0
19,8.0,5,4,4,7,268.72,Grocery,Married,1,0,0,established_loyal,0,1,1-2 years,recent_new_customer,1,0,0,0-7 days,lowest_risk_grocery,0,1,0,stable_low_risk,0,1,0,medium_value,14.143158,0,0,1,0
19,9.0,3,4,9,1,266.06,Grocery,Divorced,0,0,0,established_loyal,0,1,1-2 years,recent_new_customer,1,0,0,0-7 days,lowest_risk_grocery,0,1,0,moderate_risk,0,0,1,medium_value,14.003158,0,0,0,0
19,20.0,2,3,8,9,261.95,Grocery,Single,1,0,0,established_loyal,0,1,1-2 years,active_low_risk,0,0,1,8-14 days,lowest_risk_grocery,0,1,0,unstable_high_risk,1,0,0,medium_value,13.786842,0,0,2,1
19,27.0,4,1,2,11,259.96,Grocery,Married,1,0,0,established_loyal,0,1,1-2 years,active_low_risk,0,0,1,8-14 days,lowest_risk_grocery,0,1,0,stable_low_risk,0,1,0,medium_value,13.682105,0,0,1,0
19,13.0,4,5,6,1,257.45,Fashion,Married,1,0,0,established_loyal,0,1,1-2 years,recent_new_customer,1,0,0,0-7 days,moderate_risk_fashion,0,0,1,stable_low_risk,0,1,0,medium_value,13.55,0,0,1,0
19,27.0,6,5,4,8,233.51,Fashion,Married,1,0,0,established_loyal,0,1,1-2 years,active_low_risk,0,0,1,8-14 days,moderate_risk_fashion,0,0,1,stable_low_risk,0,1,0,medium_value,12.29,0,0,1,0
19,7.0,5,3,5,5,232.48,Fashion,Married,0,0,0,established_loyal,0,1,1-2 years,recent_new_customer,1,0,0,0-7 days,moderate_risk_fashion,0,0,1,stable_low_risk,0,1,0,medium_value,12.235789,0,0,0,0
19,9.0,1,5,3,8,232.25,Grocery,Married,0,0,0,established_loyal,0,1,1-2 years,active_low_risk,0,0,1,8-14 days,lowest_risk_grocery,0,1,0,stable_low_risk,0,1,0,medium_value,12.223684,0,0,0,0
19,11.0,6,3,6,47,222.56,Fashion,Married,0,1,0,established_loyal,0,1,1-2 years,dormant_high_risk,0,1,0,31+ days,moderate_risk_fashion,0,0,1,stable_low_risk,0,1,0,medium_value,11.713684,0,0,1,0
19,14.0,4,5,4,47,222.24,Fashion,Married,0,1,0,established_loyal,0,1,1-2 years,dormant_high_risk,0,1,0,31+ days,moderate_risk_fashion,0,0,1,stable_low_risk,0,1,0,medium_value,11.696842,0,0,1,0
19,36.0,4,1,6,47,218.8,Fashion,Married,1,1,0,established_loyal,0,1,1-2 years,dormant_high_risk,0,1,0,31+ days,moderate_risk_fashion,0,0,1,stable_low_risk,0,1,0,medium_value,11.51579,0,0,2,0
19,36.0,4,1,6,47,218.8,Fashion,Divorced,1,1,0,established_loyal,0,1,1-2 years,dormant_high_risk,0,1,0,31+ days,moderate_risk_fashion,0,0,1,moderate_risk,0,0,1,medium_value,11.51579,0,0,2,0
19,13.0,5,1,8,47,213.65,Fashion,Single,0,1,0,established_loyal,0,1,1-2 years,dormant_high_risk,0,1,0,31+ days,moderate_risk_fashion,0,0,1,unstable_high_risk,1,0,0,medium_value,11.244737,0,0,2,0
19,13.0,5,2,8,47,213.65,Fashion,Single,0,1,0,established_loyal,0,1,1-2 years,dormant_high_risk,0,1,0,31+ days,moderate_risk_fashion,0,0,1,unstable_high_risk,1,0,0,medium_value,11.244737,0,0,2,0
19,13.0,3,3,7,7,208.45,Fashion,Married,0,0,0,established_loyal,0,1,1-2 years,recent_new_customer,1,0,0,0-7 days,moderate_risk_fashion,0,0,1,stable_low_risk,0,1,0,medium_value,10.971052,0,0,0,0
19,6.0,4,5,3,5,206.73,Fashion,Married,1,0,0,established_loyal,0,1,1-2 years,recent_new_customer,1,0,0,0-7 days,moderate_risk_fashion,0,0,1,stable_low_risk,0,1,0,medium_value,10.880527,0,0,1,0
19,24.0,3,3,6,2,205.27,Fashion,Divorced,0,0,0,established_loyal,0,1,1-2 years,recent_new_customer,1,0,0,0-7 days,moderate_risk_fashion,0,0,1,moderate_risk,0,0,1,medium_value,10.803684,0,0,0,0
19,24.0,3,3,6,2,205.27,Fashion,Married,0,0,0,established_loyal,0,1,1-2 years,recent_new_customer,1,0,0,0-7 days,moderate_risk_fashion,0,0,1,stable_low_risk,0,1,0,medium_value,10.803684,0,0,0,0
19,6.0,3,5,2,7,204.53,Fashion,Married,0,0,0,established_loyal,0,1,1-2 years,recent_new_customer,1,0,0,0-7 days,moderate_risk_fashion,0,0,1,stable_low_risk,0,1,0,medium_value,10.764737,0,0,0,0
19,8.0,3,1,5,3,203.68,Fashion,Married,1,0,0,established_loyal,0,1,1-2 years,recent_new_customer,1,0,0,0-7 days,moderate_risk_fashion,0,0,1,stable_low_risk,0,1,0,medium_value,10.719999,0,0,1,0
19,8.0,4,4,3,8,199.41,Fashion,Married,0,0,0,established_loyal,0,1,1-2 years,active_low_risk,0,0,1,8-14 days,moderate_risk_fashion,0,0,1,stable_low_risk,0,1,0,medium_value,10.495263,0,0,0,0
19,6.0,3,5,8,3,193.96,Fashion,Married,0,0,0,established_loyal,0,1,1-2 years,recent_new_customer,1,0,0,0-7 days,moderate_risk_fashion,0,0,1,stable_low_risk,0,1,0,medium_value,10.208422,0,0,0,0
19,9.0,6,3,2,2,191.32,Laptop & Accessory,Single,0,0,0,established_loyal,0,1,1-2 years,recent_new_customer,1,0,0,0-7 days,low_risk_electronics,0,0,0,unstable_high_risk,1,0,0,medium_value,10.069474,0,0,1,0
19,14.0,2,3,6,3,189.34,Laptop & Accessory,Married,0,0,0,established_loyal,0,1,1-2 years,recent_new_customer,1,0,0,0-7 days,low_risk_electronics,0,0,0,stable_low_risk,0,1,0,medium_value,9.965263,0,0,0,0
19,14.0,3,3,6,3,189.34,Laptop & Accessory,Divorced,0,0,0,established_loyal,0,1,1-2 years,recent_new_customer,1,0,0,0-7 days,low_risk_electronics,0,0,0,moderate_risk,0,0,1,medium_value,9.965263,0,0,0,0
19,8.0,3,1,4,7,185.78,Fashion,Married,0,0,0,established_loyal,0,1,1-2 years,recent_new_customer,1,0,0,0-7 days,moderate_risk_fashion,0,0,1,stable_low_risk,0,1,0,medium_value,9.777895,0,0,0,0
19,32.0,5,1,2,9,184.06,Laptop & Accessory,Married,0,0,0,established_loyal,0,1,1-2 years,active_low_risk,0,0,1,8-14 days,low_risk_electronics,0,0,0,stable_low_risk,0,1,0,medium_value,9.687368,0,0,0,0
19,9.0,5,1,3,10,182.7,Laptop & Accessory,Married,0,0,0,established_loyal,0,1,1-2 years,active_low_risk,0,0,1,8-14 days,low_risk_electronics,0,0,0,stable_low_risk,0,1,0,medium_value,9.615789,0,0,0,0
19,12.0,6,5,3,5,182.69,Laptop & Accessory,Single,1,0,0,established_loyal,0,1,1-2 years,recent_new_customer,1,0,0,0-7 days,low_risk_electronics,0,0,0,unstable_high_risk,1,0,0,medium_value,9.615263,0,0,2,0
19,32.0,4,4,9,2,179.91,Laptop & Accessory,Single,0,0,0,established_loyal,0,1,1-2 years,recent_new_customer,1,0,0,0-7 days,low_risk_electronics,0,0,0,unstable_high_risk,1,0,0,medium_value,9.468947,0,0,1,0
19,8.0,4,3,6,4,178.99,Laptop & Accessory,Single,0,0,0,established_loyal,0,1,1-2 years,recent_new_customer,1,0,0,0-7 days,low_risk_electronics,0,0,0,unstable_high_risk,1,0,0,medium_value,9.4205265,0,0,1,0
19,9.0,4,2,6,4,176.6,Laptop & Accessory,Single,0,0,0,established_loyal,0,1,1-2 years,recent_new_customer,1,0,0,0-7 days,low_risk_electronics,0,0,0,unstable_high_risk,1,0,0,medium_value,9.294737,0,0,1,1
19,9.0,4,1,6,4,176.6,Laptop & Accessory,Single,0,0,0,established_loyal,0,1,1-2 years,recent_new_customer,1,0,0,0-7 days,low_risk_electronics,0,0,0,unstable_high_risk,1,0,0,medium_value,9.294737,0,0,1,1
19,9.0,4,3,6,8,176.54,Laptop & Accessory,Married,0,0,0,established_loyal,0,1,1-2 years,active_low_risk,0,0,1,8-14 days,low_risk_electronics,0,0,0,stable_low_risk,0,1,0,medium_value,9.291578,0,0,0,0
19,11.0,4,5,6,4,175.06,Laptop & Accessory,Married,1,0,0,established_loyal,0,1,1-2 years,recent_new_customer,1,0,0,0-7 days,low_risk_electronics,0,0,0,stable_low_risk,0,1,0,medium_value,9.213684,0,0,1,0
19,8.0,3,2,3,4,173.79,Laptop & Accessory,Married,0,0,0,established_loyal,0,1,1-2 years,recent_new_customer,1,0,0,0-7 days,low_risk_electronics,0,0,0,stable_low_risk,0,1,0,medium_value,9.146842,0,0,0,0
19,8.0,3,1,3,4,173.79,Laptop & Accessory,Married,0,0,0,established_loyal,0,1,1-2 years,recent_new_customer,1,0,0,0-7 days,low_risk_electronics,0,0,0,stable_low_risk,0,1,0,medium_value,9.146842,0,0,0,0
19,27.0,4,3,10,2,173.5,Laptop & Accessory,Single,0,0,0,established_loyal,0,1,1-2 years,recent_new_customer,1,0,0,0-7 days,low_risk_electronics,0,0,0,unstable_high_risk,1,0,0,medium_value,9.131579,0,0,1,0
19,9.0,4,4,2,8,173.05,Laptop & Accessory,Divorced,0,0,0,established_loyal,0,1,1-2 years,active_low_risk,0,0,1,8-14 days,low_risk_electronics,0,0,0,moderate_risk,0,0,1,medium_value,9.107895,0,0,0,0
19,9.0,4,4,2,8,173.05,Laptop & Accessory,Married,0,0,0,established_loyal,0,1,1-2 years,active_low_risk,0,0,1,8-14 days,low_risk_electronics,0,0,0,stable_low_risk,0,1,0,medium_value,9.107895,0,0,0,0
19,14.0,4,3,6,3,169.77,Mobile Phone,Divorced,1,0,0,established_loyal,0,1,1-2 years,recent_new_customer,1,0,0,0-7 days,high_risk_tech,1,0,0,moderate_risk,0,0,1,medium_value,8.935264,0,0,2,0
19,11.0,4,4,3,9,169.47,Laptop & Accessory,Married,0,0,0,established_loyal,0,1,1-2 years,active_low_risk,0,0,1,8-14 days,low_risk_electronics,0,0,0,stable_low_risk,0,1,0,medium_value,8.919474,0,0,0,0
19,11.0,4,4,3,9,169.47,Laptop & Accessory,Divorced,0,0,0,established_loyal,0,1,1-2 years,active_low_risk,0,0,1,8-14 days,low_risk_electronics,0,0,0,moderate_risk,0,0,1,medium_value,8.919474,0,0,0,0
19,33.0,5,5,3,6,168.85,Laptop & Accessory,Married,0,0,0,established_loyal,0,1,1-2 years,recent_new_customer,1,0,0,0-7 days,low_risk_electronics,0,0,0,stable_low_risk,0,1,0,medium_value,8.886843,0,0,0,0
19,15.0,4,2,11,9,161.97,Laptop & Accessory,Divorced,0,0,0,established_loyal,0,1,1-2 years,active_low_risk,0,0,1,8-14 days,low_risk_electronics,0,0,0,moderate_risk,0,0,1,medium_value,8.524737,0,0,0,0
19,15.0,4,1,11,9,161.97,Laptop & Accessory,Married,0,0,0,established_loyal,0,1,1-2 years,active_low_risk,0,0,1,8-14 days,low_risk_electronics,0,0,0,stable_low_risk,0,1,0,medium_value,8.524737,0,0,0,0
19,30.0,4,5,3,9,161.33,Laptop & Accessory,Divorced,1,0,0,established_loyal,0,1,1-2 years,active_low_risk,0,0,1,8-14 days,low_risk_electronics,0,0,0,moderate_risk,0,0,1,medium_value,8.491053,0,0,1,0
19,30.0,4,5,3,9,161.33,Laptop & Accessory,Married,1,0,0,established_loyal,0,1,1-2 years,active_low_risk,0,0,1,8-14 days,low_risk_electronics,0,0,0,stable_low_risk,0,1,0,medium_value,8.491053,0,0,1,0
19,36.0,4,1,7,4,159.52,Mobile Phone,Single,0,0,0,established_loyal,0,1,1-2 years,recent_new_customer,1,0,0,0-7 days,high_risk_tech,1,0,0,unstable_high_risk,1,0,0,medium_value,8.39579,0,0,2,0
19,19.0,3,4,7,9,155.62,Laptop & Accessory,Single,0,0,0,established_loyal,0,1,1-2 years,active_low_risk,0,0,1,8-14 days,low_risk_electronics,0,0,0,unstable_high_risk,1,0,0,medium_value,8.190526,0,0,1,0
19,13.0,3,3,3,0,152.58,Laptop & Accessory,Divorced,0,0,0,established_loyal,0,1,1-2 years,recent_new_customer,1,0,0,0-7 days,low_risk_electronics,0,0,0,moderate_risk,0,0,1,medium_value,8.030526,0,0,0,0
19,13.0,3,3,3,0,152.58,Laptop & Accessory,Married,0,0,0,established_loyal,0,1,1-2 years,recent_new_customer,1,0,0,0-7 days,low_risk_electronics,0,0,0,stable_low_risk,0,1,0,medium_value,8.030526,0,0,0,0
19,17.0,4,1,5,3,151.54,Mobile Phone,Married,0,0,0,established_loyal,0,1,1-2 years,recent_new_customer,1,0,0,0-7 days,high_risk_tech,1,0,0,stable_low_risk,0,1,0,medium_value,7.975789,0,0,1,0
19,11.0,3,4,2,2,150.21,Laptop & Accessory,Married,1,0,0,established_loyal,0,1,1-2 years,recent_new_customer,1,0,0,0-7 days,low_risk_electronics,0,0,0,stable_low_risk,0,1,0,medium_value,7.90579,0,0,1,0
19,20.0,3,4,10,3,149.63,Mobile Phone,Divorced,1,0,0,established_loyal,0,1,1-2 years,recent_new_customer,1,0,0,0-7 days,high_risk_tech,1,0,0,moderate_risk,0,0,1,low_value,7.875263,0,0,2,1
19,20.0,3,4,10,3,149.63,Mobile Phone,Married,1,0,0,established_loyal,0,1,1-2 years,recent_new_customer,1,0,0,0-7 days,high_risk_tech,1,0,0,stable_low_risk,0,1,0,low_value,7.875263,0,0,2,1
19,16.0,4,4,10,16,148.48,Laptop & Accessory,Married,0,0,0,established_loyal,0,1,1-2 years,stable_lowest_risk,0,0,1,15-30 days,low_risk_electronics,0,0,0,stable_low_risk,0,1,0,low_value,7.814737,0,0,0,0
19,24.0,3,3,3,8,148.1,Laptop & Accessory,Married,0,0,0,established_loyal,0,1,1-2 years,active_low_risk,0,0,1,8-14 days,low_risk_electronics,0,0,0,stable_low_risk,0,1,0,low_value,7.7947373,0,0,0,0
19,9.0,5,3,3,1,147.74,Mobile Phone,Single,0,0,0,established_loyal,0,1,1-2 years,recent_new_customer,1,0,0,0-7 days,high_risk_tech,1,0,0,unstable_high_risk,1,0,0,low_value,7.7757897,0,0,2,0
19,7.0,4,1,5,3,147.7,Mobile Phone,Married,0,0,0,established_loyal,0,1,1-2 years,recent_new_customer,1,0,0,0-7 days,high_risk_tech,1,0,0,stable_low_risk,0,1,0,low_value,7.773684,0,0,1,0
19,31.0,4,4,3,5,146.77,Mobile Phone,Single,0,0,0,established_loyal,0,1,1-2 years,recent_new_customer,1,0,0,0-7 days,high_risk_tech,1,0,0,unstable_high_risk,1,0,0,low_value,7.724737,0,0,2,0
19,35.0,4,1,6,4,146.32,Mobile Phone,Married,0,0,0,established_loyal,0,1,1-2 years,recent_new_customer,1,0,0,0-7 days,high_risk_tech,1,0,0,stable_low_risk,0,1,0,low_value,7.701053,0,0,1,0
19,14.0,4,5,9,7,146.15,Laptop & Accessory,Married,1,0,0,established_loyal,0,1,1-2 years,recent_new_customer,1,0,0,0-7 days,low_risk_electronics,0,0,0,stable_low_risk,0,1,0,low_value,7.692105,0,0,1,0
19,6.0,3,5,7,7,134.23,Mobile,Single,0,0,0,established_loyal,0,1,1-2 years,recent_new_customer,1,0,0,0-7 days,high_risk_tech,1,0,0,unstable_high_risk,1,0,0,low_value,7.064737,0,0,2,0
19,7.0,3,5,7,7,134.23,Mobile,Single,0,0,0,established_loyal,0,1,1-2 years,recent_new_customer,1,0,0,0-7 days,high_risk_tech,1,0,0,unstable_high_risk,1,0,0,low_value,7.064737,0,0,2,0
19,14.0,3,1,2,0,125.87,Mobile,Single,0,0,0,established_loyal,0,1,1-2 years,recent_new_customer,1,0,0,0-7 days,high_risk_tech,1,0,0,unstable_high_risk,1,0,0,low_value,6.624737,0,0,2,1
19,14.0,3,3,9,8,123.39,Mobile,Married,0,0,0,established_loyal,0,1,1-2 years,active_low_risk,0,0,1,8-14 days,high_risk_tech,1,0,0,stable_low_risk,0,1,0,low_value,6.4942107,0,0,1,1
18,10.0,4,2,6,2,320.13,Others,Divorced,1,0,0,established_loyal,0,1,1-2 years,recent_new_customer,1,0,0,0-7 days,low_risk_other,0,0,0,moderate_risk,0,0,1,high_value,17.785,1,0,1,0
18,11.0,2,5,3,14,316.9,Others,Married,0,0,0,established_loyal,0,1,1-2 years,active_low_risk,0,0,1,8-14 days,low_risk_other,0,0,0,stable_low_risk,0,1,0,high_value,17.605555,1,0,0,0
18,14.0,4,1,2,11,315.49,Others,Married,1,0,0,established_loyal,0,1,1-2 years,active_low_risk,0,0,1,8-14 days,low_risk_other,0,0,0,stable_low_risk,0,1,0,high_value,17.527222,1,0,1,0
18,8.0,3,5,6,4,298.59,Others,Married,1,0,0,established_loyal,0,1,1-2 years,recent_new_customer,1,0,0,0-7 days,low_risk_other,0,0,0,stable_low_risk,0,1,0,medium_value,16.588333,0,0,1,1
18,6.0,1,1,1,7,292.02,Others,Married,0,0,0,established_loyal,0,1,1-2 years,recent_new_customer,1,0,0,0-7 days,low_risk_other,0,0,0,stable_low_risk,0,1,0,medium_value,16.223333,0,0,0,0
18,6.0,2,2,1,7,292.02,Others,Divorced,0,0,0,established_loyal,0,1,1-2 years,recent_new_customer,1,0,0,0-7 days,low_risk_other,0,0,0,moderate_risk,0,0,1,medium_value,16.223333,0,0,0,0
18,35.0,4,5,5,18,288.28,Grocery,Married,0,0,0,established_loyal,0,1,1-2 years,stable_lowest_risk,0,0,1,15-30 days,lowest_risk_grocery,0,1,0,stable_low_risk,0,1,0,medium_value,16.015556,0,0,0,0
18,31.0,3,4,4,0,280.61,Others,Single,0,0,0,established_loyal,0,1,1-2 years,recent_new_customer,1,0,0,0-7 days,low_risk_other,0,0,0,unstable_high_risk,1,0,0,medium_value,15.589443,0,0,1,0
18,8.0,4,2,10,8,267.92,Grocery,Divorced,0,0,0,established_loyal,0,1,1-2 years,active_low_risk,0,0,1,8-14 days,lowest_risk_grocery,0,1,0,moderate_risk,0,0,1,medium_value,14.884445,0,0,0,0
18,8.0,4,1,10,8,267.92,Grocery,Married,0,0,0,established_loyal,0,1,1-2 years,active_low_risk,0,0,1,8-14 days,lowest_risk_grocery,0,1,0,stable_low_risk,0,1,0,medium_value,14.884445,0,0,0,0
18,34.0,4,4,2,6,267.04,Grocery,Single,0,0,0,established_loyal,0,1,1-2 years,recent_new_customer,1,0,0,0-7 days,lowest_risk_grocery,0,1,0,unstable_high_risk,1,0,0,medium_value,14.835556,0,0,1,0
18,35.0,2,2,5,12,258.2,Grocery,Divorced,1,0,0,established_loyal,0,1,1-2 years,active_low_risk,0,0,1,8-14 days,lowest_risk_grocery,0,1,0,moderate_risk,0,0,1,medium_value,14.344445,0,0,1,0
18,19.0,1,3,7,8,236.95,Grocery,Single,1,0,0,established_loyal,0,1,1-2 years,active_low_risk,0,0,1,8-14 days,lowest_risk_grocery,0,1,0,unstable_high_risk,1,0,0,medium_value,13.163889,0,0,2,1
18,26.0,3,1,1,10,234.96,Grocery,Married,1,0,0,established_loyal,0,1,1-2 years,active_low_risk,0,0,1,8-14 days,lowest_risk_grocery,0,1,0,stable_low_risk,0,1,0,medium_value,13.053333,0,0,1,0
18,9.0,4,3,7,47,227.09,Fashion,Single,1,1,0,established_loyal,0,1,1-2 years,dormant_high_risk,0,1,0,31+ days,moderate_risk_fashion,0,0,1,unstable_high_risk,1,0,0,medium_value,12.616111,0,0,3,0
18,26.0,5,5,3,7,208.51,Fashion,Married,1,0,0,established_loyal,0,1,1-2 years,recent_new_customer,1,0,0,0-7 days,moderate_risk_fashion,0,0,1,stable_low_risk,0,1,0,medium_value,11.583889,0,0,1,0
18,15.0,3,5,5,2,207.61,Fashion,Married,1,0,0,established_loyal,0,1,1-2 years,recent_new_customer,1,0,0,0-7 days,moderate_risk_fashion,0,0,1,stable_low_risk,0,1,0,medium_value,11.533889,0,0,1,0
18,7.0,4,3,4,4,207.48,Fashion,Married,0,0,0,established_loyal,0,1,1-2 years,recent_new_customer,1,0,0,0-7 days,moderate_risk_fashion,0,0,1,stable_low_risk,0,1,0,medium_value,11.526667,0,0,0,0
18,9.0,2,1,3,8,203.79,Fashion,Married,1,0,0,established_loyal,0,1,1-2 years,active_low_risk,0,0,1,8-14 days,moderate_risk_fashion,0,0,1,stable_low_risk,0,1,0,medium_value,11.321667,0,0,1,0
18,10.0,5,3,5,3,197.56,Fashion,Married,0,0,0,established_loyal,0,1,1-2 years,recent_new_customer,1,0,0,0-7 days,moderate_risk_fashion,0,0,1,stable_low_risk,0,1,0,medium_value,10.975555,0,0,0,0
18,13.0,3,5,3,0,197.24,Fashion,Married,0,0,0,established_loyal,0,1,1-2 years,recent_new_customer,1,0,0,0-7 days,moderate_risk_fashion,0,0,1,stable_low_risk,0,1,0,medium_value,10.957778,0,0,0,0
18,35.0,3,1,5,2,193.8,Fashion,Divorced,1,0,0,established_loyal,0,1,1-2 years,recent_new_customer,1,0,0,0-7 days,moderate_risk_fashion,0,0,1,moderate_risk,0,0,1,medium_value,10.766666,0,0,1,0
18,17.0,4,1,4,4,189.65,Laptop & Accessory,Married,1,0,0,established_loyal,0,1,1-2 years,recent_new_customer,1,0,0,0-7 days,low_risk_electronics,0,0,0,stable_low_risk,0,1,0,medium_value,10.536111,0,0,1,0
18,12.0,4,2,7,8,188.65,Fashion,Single,0,0,0,established_loyal,0,1,1-2 years,active_low_risk,0,0,1,8-14 days,moderate_risk_fashion,0,0,1,unstable_high_risk,1,0,0,medium_value,10.480556,0,0,1,0
18,7.0,5,3,6,3,184.85,Laptop & Accessory,Single,0,0,0,established_loyal,0,1,1-2 years,recent_new_customer,1,0,0,0-7 days,low_risk_electronics,0,0,0,unstable_high_risk,1,0,0,medium_value,10.269444,0,0,1,0
18,11.0,4,4,11,4,184.33,Laptop & Accessory,Single,0,0,0,established_loyal,0,1,1-2 years,recent_new_customer,1,0,0,0-7 days,low_risk_electronics,0,0,0,unstable_high_risk,1,0,0,medium_value,10.240556,0,0,1,0
18,7.0,4,1,6,3,182.43,Laptop & Accessory,Married,1,0,0,established_loyal,0,1,1-2 years,recent_new_customer,1,0,0,0-7 days,low_risk_electronics,0,0,0,stable_low_risk,0,1,0,medium_value,10.134999,0,0,1,0
18,7.0,4,5,7,4,179.54,Laptop & Accessory,Married,1,0,0,established_loyal,0,1,1-2 years,recent_new_customer,1,0,0,0-7 days,low_risk_electronics,0,0,0,stable_low_risk,0,1,0,medium_value,9.974444,0,0,1,0
18,7.0,2,5,4,3,175.33,Laptop & Accessory,Married,0,0,0,established_loyal,0,1,1-2 years,recent_new_customer,1,0,0,0-7 days,low_risk_electronics,0,0,0,stable_low_risk,0,1,0,medium_value,9.740556,0,0,0,0
18,7.0,3,4,2,7,174.41,Fashion,Married,0,0,0,established_loyal,0,1,1-2 years,recent_new_customer,1,0,0,0-7 days,moderate_risk_fashion,0,0,1,stable_low_risk,0,1,0,medium_value,9.689445,0,0,0,0
18,6.0,3,4,2,7,174.41,Fashion,Married,0,0,0,established_loyal,0,1,1-2 years,recent_new_customer,1,0,0,0-7 days,moderate_risk_fashion,0,0,1,stable_low_risk,0,1,0,medium_value,9.689445,0,0,0,0
18,36.0,4,1,3,18,170.41,Laptop & Accessory,Single,0,0,0,established_loyal,0,1,1-2 years,stable_lowest_risk,0,0,1,15-30 days,low_risk_electronics,0,0,0,unstable_high_risk,1,0,0,medium_value,9.467222,0,0,1,0
18,8.0,5,3,1,1,166.32,Laptop & Accessory,Single,0,0,0,established_loyal,0,1,1-2 years,recent_new_customer,1,0,0,0-7 days,low_risk_electronics,0,0,0,unstable_high_risk,1,0,0,medium_value,9.240001,0,0,1,0
18,13.0,1,3,5,2,164.34,Laptop & Accessory,Married,0,0,0,established_loyal,0,1,1-2 years,recent_new_customer,1,0,0,0-7 days,low_risk_electronics,0,0,0,stable_low_risk,0,1,0,medium_value,9.13,0,0,0,0
18,31.0,6,3,4,5,162.08,Mobile Phone,Single,0,0,0,established_loyal,0,1,1-2 years,recent_new_customer,1,0,0,0-7 days,high_risk_tech,1,0,0,unstable_high_risk,1,0,0,medium_value,9.004444,0,0,2,0
18,27.0,4,4,3,4,159.2,Mobile Phone,Single,0,0,0,established_loyal,0,1,1-2 years,recent_new_customer,1,0,0,0-7 days,high_risk_tech,1,0,0,unstable_high_risk,1,0,0,medium_value,8.844444,0,0,2,0
18,31.0,4,1,1,8,159.06,Laptop & Accessory,Married,0,0,0,established_loyal,0,1,1-2 years,active_low_risk,0,0,1,8-14 days,low_risk_electronics,0,0,0,stable_low_risk,0,1,0,medium_value,8.836666,0,0,0,0
18,8.0,4,1,2,9,157.7,Laptop & Accessory,Married,0,0,0,established_loyal,0,1,1-2 years,active_low_risk,0,0,1,8-14 days,low_risk_electronics,0,0,0,stable_low_risk,0,1,0,medium_value,8.761111,0,0,0,0
18,11.0,5,5,2,4,157.69,Laptop & Accessory,Single,1,0,0,established_loyal,0,1,1-2 years,recent_new_customer,1,0,0,0-7 days,low_risk_electronics,0,0,0,unstable_high_risk,1,0,0,medium_value,8.760555,0,0,2,0
18,7.0,4,1,6,3,156.95,Mobile Phone,Married,1,0,0,established_loyal,0,1,1-2 years,recent_new_customer,1,0,0,0-7 days,high_risk_tech,1,0,0,stable_low_risk,0,1,0,medium_value,8.719444,0,0,2,0
18,8.0,4,1,6,3,156.95,Mobile Phone,Married,1,0,0,established_loyal,0,1,1-2 years,recent_new_customer,1,0,0,0-7 days,high_risk_tech,1,0,0,stable_low_risk,0,1,0,medium_value,8.719444,0,0,2,0
18,12.0,5,3,5,4,156.62,Mobile Phone,Single,0,0,0,established_loyal,0,1,1-2 years,recent_new_customer,1,0,0,0-7 days,high_risk_tech,1,0,0,unstable_high_risk,1,0,0,medium_value,8.701111,0,0,2,0
18,15.0,4,3,2,12,155.93,Laptop & Accessory,Divorced,0,0,0,established_loyal,0,1,1-2 years,active_low_risk,0,0,1,8-14 days,low_risk_electronics,0,0,0,moderate_risk,0,0,1,medium_value,8.662777,0,0,0,0
18,15.0,4,3,2,12,155.93,Laptop & Accessory,Married,0,0,0,established_loyal,0,1,1-2 years,active_low_risk,0,0,1,8-14 days,low_risk_electronics,0,0,0,stable_low_risk,0,1,0,medium_value,8.662777,0,0,0,0
18,15.0,2,2,4,3,153.18,Mobile Phone,Divorced,1,0,0,established_loyal,0,1,1-2 years,recent_new_customer,1,0,0,0-7 days,high_risk_tech,1,0,0,moderate_risk,0,0,1,medium_value,8.509999,0,0,2,0
18,13.0,3,5,2,11,152.1,Fashion,Married,0,0,0,established_loyal,0,1,1-2 years,active_low_risk,0,0,1,8-14 days,moderate_risk_fashion,0,0,1,stable_low_risk,0,1,0,medium_value,8.450001,0,0,0,0
18,8.0,3,3,5,7,151.54,Laptop & Accessory,Married,0,0,0,established_loyal,0,1,1-2 years,recent_new_customer,1,0,0,0-7 days,low_risk_electronics,0,0,0,stable_low_risk,0,1,0,medium_value,8.418888,0,0,0,0
18,16.0,4,5,3,2,150.59,Mobile Phone,Married,1,0,0,established_loyal,0,1,1-2 years,recent_new_customer,1,0,0,0-7 days,high_risk_tech,1,0,0,stable_low_risk,0,1,0,medium_value,8.366111,0,0,2,0
18,16.0,4,5,3,2,150.59,Mobile Phone,Divorced,1,0,0,established_loyal,0,1,1-2 years,recent_new_customer,1,0,0,0-7 days,high_risk_tech,1,0,0,moderate_risk,0,0,1,medium_value,8.366111,0,0,2,0
18,8.0,4,1,8,3,149.36,Mobile Phone,Single,1,0,0,established_loyal,0,1,1-2 years,recent_new_customer,1,0,0,0-7 days,high_risk_tech,1,0,0,unstable_high_risk,1,0,0,low_value,8.297778,0,0,3,0
18,7.0,4,1,8,3,149.36,Mobile Phone,Single,1,0,0,established_loyal,0,1,1-2 years,recent_new_customer,1,0,0,0-7 days,high_risk_tech,1,0,0,unstable_high_risk,1,0,0,low_value,8.297778,0,0,3,0
18,26.0,3,3,9,1,148.5,Laptop & Accessory,Single,0,0,0,established_loyal,0,1,1-2 years,recent_new_customer,1,0,0,0-7 days,low_risk_electronics,0,0,0,unstable_high_risk,1,0,0,low_value,8.25,0,0,1,0
18,8.0,3,4,1,7,148.05,Laptop & Accessory,Divorced,0,0,0,established_loyal,0,1,1-2 years,recent_new_customer,1,0,0,0-7 days,low_risk_electronics,0,0,0,moderate_risk,0,0,1,low_value,8.225,0,0,0,0
18,8.0,3,4,1,7,148.05,Laptop & Accessory,Married,0,0,0,established_loyal,0,1,1-2 years,recent_new_customer,1,0,0,0-7 days,low_risk_electronics,0,0,0,stable_low_risk,0,1,0,low_value,8.225,0,0,0,0
18,24.0,6,3,4,1,147.9,Mobile Phone,Single,0,0,0,established_loyal,0,1,1-2 years,recent_new_customer,1,0,0,0-7 days,high_risk_tech,1,0,0,unstable_high_risk,1,0,0,low_value,8.216666,0,0,2,0
18,30.0,4,4,6,3,145.42,Laptop & Accessory,Married,0,0,0,established_loyal,0,1,1-2 years,recent_new_customer,1,0,0,0-7 days,low_risk_electronics,0,0,0,stable_low_risk,0,1,0,low_value,8.078889,0,0,0,0
18,13.0,3,3,5,2,144.77,Mobile Phone,Married,1,0,0,established_loyal,0,1,1-2 years,recent_new_customer,1,0,0,0-7 days,high_risk_tech,1,0,0,stable_low_risk,0,1,0,low_value,8.042778,0,0,2,0
18,10.0,3,4,2,8,144.47,Laptop & Accessory,Divorced,0,0,0,established_loyal,0,1,1-2 years,active_low_risk,0,0,1,8-14 days,low_risk_electronics,0,0,0,moderate_risk,0,0,1,low_value,8.026112,0,0,0,0
18,10.0,3,4,2,8,144.47,Laptop & Accessory,Married,0,0,0,established_loyal,0,1,1-2 years,active_low_risk,0,0,1,8-14 days,low_risk_electronics,0,0,0,stable_low_risk,0,1,0,low_value,8.026112,0,0,0,0
18,32.0,4,5,2,5,143.85,Laptop & Accessory,Married,0,0,0,established_loyal,0,1,1-2 years,recent_new_customer,1,0,0,0-7 days,low_risk_electronics,0,0,0,stable_low_risk,0,1,0,low_value,7.991667,0,0,0,0
18,14.0,3,1,10,8,136.97,Laptop & Accessory,Married,0,0,0,established_loyal,0,1,1-2 years,active_low_risk,0,0,1,8-14 days,low_risk_electronics,0,0,0,stable_low_risk,0,1,0,low_value,7.6094446,0,0,0,0
18,14.0,3,2,10,8,136.97,Laptop & Accessory,Divorced,0,0,0,established_loyal,0,1,1-2 years,active_low_risk,0,0,1,8-14 days,low_risk_electronics,0,0,0,moderate_risk,0,0,1,low_value,7.6094446,0,0,0,0
18,29.0,3,5,2,8,136.33,Laptop & Accessory,Married,1,0,0,established_loyal,0,1,1-2 years,active_low_risk,0,0,1,8-14 days,low_risk_electronics,0,0,0,stable_low_risk,0,1,0,low_value,7.573889,0,0,1,0
18,35.0,3,1,6,3,134.52,Mobile,Single,0,0,0,established_loyal,0,1,1-2 years,recent_new_customer,1,0,0,0-7 days,high_risk_tech,1,0,0,unstable_high_risk,1,0,0,low_value,7.4733334,0,0,2,0
18,14.0,3,4,9,15,123.48,Laptop & Accessory,Married,0,0,0,established_loyal,0,1,1-2 years,stable_lowest_risk,0,0,1,15-30 days,low_risk_electronics,0,0,0,stable_low_risk,0,1,0,low_value,6.86,0,0,0,0
17,10.0,6,2,5,8,322.4,Others,Divorced,0,0,0,established_loyal,0,1,1-2 years,active_low_risk,0,0,1,8-14 days,low_risk_other,0,0,0,moderate_risk,0,0,1,high_value,18.964706,1,0,0,0
17,13.0,5,3,9,15,318.92,Others,Married,0,0,0,established_loyal,0,1,1-2 years,stable_lowest_risk,0,0,1,15-30 days,low_risk_other,0,0,0,stable_low_risk,0,1,0,high_value,18.76,1,0,0,0
17,22.0,5,3,3,12,301.03,Grocery,Married,0,0,0,established_loyal,0,1,1-2 years,active_low_risk,0,0,1,8-14 days,lowest_risk_grocery,0,1,0,stable_low_risk,0,1,0,high_value,17.707647,1,0,0,0
17,21.0,4,5,8,1,296.59,Grocery,Married,0,0,0,established_loyal,0,1,1-2 years,recent_new_customer,1,0,0,0-7 days,lowest_risk_grocery,0,1,0,stable_low_risk,0,1,0,medium_value,17.44647,0,0,0,0
17,21.0,4,5,8,1,296.59,Grocery,Divorced,0,0,0,established_loyal,0,1,1-2 years,recent_new_customer,1,0,0,0-7 days,lowest_risk_grocery,0,1,0,moderate_risk,0,0,1,medium_value,17.44647,0,0,0,0
17,9.0,3,1,5,1,295.13,Others,Married,1,0,0,established_loyal,0,1,1-2 years,recent_new_customer,1,0,0,0-7 days,low_risk_other,0,0,0,stable_low_risk,0,1,0,medium_value,17.360588,0,0,1,0
17,9.0,3,2,5,1,295.13,Others,Divorced,1,0,0,established_loyal,0,1,1-2 years,recent_new_customer,1,0,0,0-7 days,low_risk_other,0,0,0,moderate_risk,0,0,1,medium_value,17.360588,0,0,1,0
17,33.0,4,1,3,13,294.59,Grocery,Married,1,0,0,established_loyal,0,1,1-2 years,active_low_risk,0,0,1,8-14 days,lowest_risk_grocery,0,1,0,stable_low_risk,0,1,0,medium_value,17.328823,0,0,1,0
17,10.0,1,5,2,13,291.9,Others,Married,0,0,0,established_loyal,0,1,1-2 years,active_low_risk,0,0,1,8-14 days,low_risk_other,0,0,0,stable_low_risk,0,1,0,medium_value,17.170588,0,0,0,0
17,13.0,5,2,6,1,291.27,Grocery,Married,1,0,0,established_loyal,0,1,1-2 years,recent_new_customer,1,0,0,0-7 days,lowest_risk_grocery,0,1,0,stable_low_risk,0,1,0,medium_value,17.13353,0,0,1,0
17,13.0,3,1,1,10,290.49,Others,Married,1,0,0,established_loyal,0,1,1-2 years,active_low_risk,0,0,1,8-14 days,low_risk_other,0,0,0,stable_low_risk,0,1,0,medium_value,17.087646,0,0,1,0
17,11.0,3,4,8,10,282.13,Others,Divorced,0,0,0,established_loyal,0,1,1-2 years,active_low_risk,0,0,1,8-14 days,low_risk_other,0,0,0,moderate_risk,0,0,1,medium_value,16.595882,0,0,0,0
17,11.0,3,4,8,10,282.13,Others,Married,0,0,0,established_loyal,0,1,1-2 years,active_low_risk,0,0,1,8-14 days,low_risk_other,0,0,0,stable_low_risk,0,1,0,medium_value,16.595882,0,0,0,0
17,19.0,5,4,3,10,268.36,Grocery,Married,0,0,0,established_loyal,0,1,1-2 years,active_low_risk,0,0,1,8-14 days,lowest_risk_grocery,0,1,0,stable_low_risk,0,1,0,medium_value,15.785881,0,0,0,0
17,34.0,3,5,4,17,263.28,Grocery,Divorced,0,0,0,established_loyal,0,1,1-2 years,stable_lowest_risk,0,0,1,15-30 days,lowest_risk_grocery,0,1,0,moderate_risk,0,0,1,medium_value,15.487059,0,0,0,0
17,32.0,5,2,7,1,259.0,Fashion,Married,0,0,0,established_loyal,0,1,1-2 years,recent_new_customer,1,0,0,0-7 days,moderate_risk_fashion,0,0,1,stable_low_risk,0,1,0,medium_value,15.235294,0,0,0,0
17,34.0,4,5,10,2,233.2,Fashion,Married,0,0,0,established_loyal,0,1,1-2 years,recent_new_customer,1,0,0,0-7 days,moderate_risk_fashion,0,0,1,stable_low_risk,0,1,0,medium_value,13.717647,0,0,0,0
17,34.0,1,1,4,11,233.2,Grocery,Married,1,0,0,established_loyal,0,1,1-2 years,active_low_risk,0,0,1,8-14 days,lowest_risk_grocery,0,1,0,stable_low_risk,0,1,0,medium_value,13.717647,0,0,1,0
17,34.0,1,2,4,11,233.2,Grocery,Divorced,1,0,0,established_loyal,0,1,1-2 years,active_low_risk,0,0,1,8-14 days,lowest_risk_grocery,0,1,0,moderate_risk,0,0,1,medium_value,13.717647,0,0,1,0
17,32.0,5,1,7,1,232.98,Fashion,Married,0,0,0,established_loyal,0,1,1-2 years,recent_new_customer,1,0,0,0-7 days,moderate_risk_fashion,0,0,1,stable_low_risk,0,1,0,medium_value,13.704705,0,0,0,0
17,31.0,4,5,8,47,229.48,Fashion,Single,1,1,0,established_loyal,0,1,1-2 years,dormant_high_risk,0,1,0,31+ days,moderate_risk_fashion,0,0,1,unstable_high_risk,1,0,0,medium_value,13.498823,0,0,3,1
17,11.0,5,2,5,47,227.31,Fashion,Single,0,1,0,established_loyal,0,1,1-2 years,dormant_high_risk,0,1,0,31+ days,moderate_risk_fashion,0,0,1,unstable_high_risk,1,0,0,medium_value,13.371177,0,0,2,0
17,11.0,5,1,5,47,227.31,Fashion,Single,0,1,0,established_loyal,0,1,1-2 years,dormant_high_risk,0,1,0,31+ days,moderate_risk_fashion,0,0,1,unstable_high_risk,1,0,0,medium_value,13.371177,0,0,2,0
17,9.0,5,1,2,47,226.69,Fashion,Married,0,1,0,established_loyal,0,1,1-2 years,dormant_high_risk,0,1,0,31+ days,moderate_risk_fashion,0,0,1,stable_low_risk,0,1,0,medium_value,13.334706,0,0,1,1
17,14.0,4,5,10,47,224.85,Fashion,Divorced,0,1,0,established_loyal,0,1,1-2 years,dormant_high_risk,0,1,0,31+ days,moderate_risk_fashion,0,0,1,moderate_risk,0,0,1,medium_value,13.226471,0,0,1,0
17,14.0,4,5,10,47,224.85,Fashion,Married,0,1,0,established_loyal,0,1,1-2 years,dormant_high_risk,0,1,0,31+ days,moderate_risk_fashion,0,0,1,stable_low_risk,0,1,0,medium_value,13.226471,0,0,1,0
17,9.0,4,1,3,9,203.47,Laptop & Accessory,Married,1,0,0,established_loyal,0,1,1-2 years,active_low_risk,0,0,1,8-14 days,low_risk_electronics,0,0,0,stable_low_risk,0,1,0,medium_value,11.968823,0,0,1,0
17,13.0,4,1,4,17,202.48,Fashion,Married,0,0,0,established_loyal,0,1,1-2 years,stable_lowest_risk,0,0,1,15-30 days,moderate_risk_fashion,0,0,1,stable_low_risk,0,1,0,medium_value,11.910588,0,0,0,0
17,8.0,3,3,6,2,202.09,Fashion,Single,1,0,0,established_loyal,0,1,1-2 years,recent_new_customer,1,0,0,0-7 days,moderate_risk_fashion,0,0,1,unstable_high_risk,1,0,0,medium_value,11.887647,0,0,2,0
17,18.0,4,3,3,10,200.1,Fashion,Married,0,0,0,established_loyal,0,1,1-2 years,active_low_risk,0,0,1,8-14 days,moderate_risk_fashion,0,0,1,stable_low_risk,0,1,0,medium_value,11.770589,0,0,0,0
17,22.0,5,2,5,3,193.04,Laptop & Accessory,Divorced,0,0,0,established_loyal,0,1,1-2 years,recent_new_customer,1,0,0,0-7 days,low_risk_electronics,0,0,0,moderate_risk,0,0,1,medium_value,11.355293,0,0,0,0
17,22.0,5,1,5,3,193.04,Laptop & Accessory,Married,0,0,0,established_loyal,0,1,1-2 years,recent_new_customer,1,0,0,0-7 days,low_risk_electronics,0,0,0,stable_low_risk,0,1,0,medium_value,11.355293,0,0,0,0
17,16.0,4,3,5,8,181.79,Laptop & Accessory,Married,1,0,0,established_loyal,0,1,1-2 years,active_low_risk,0,0,1,8-14 days,low_risk_electronics,0,0,0,stable_low_risk,0,1,0,medium_value,10.693529,0,0,1,0
17,9.0,4,1,3,8,181.75,Laptop & Accessory,Married,0,0,0,established_loyal,0,1,1-2 years,active_low_risk,0,0,1,8-14 days,low_risk_electronics,0,0,0,stable_low_risk,0,1,0,medium_value,10.691176,0,0,0,0
17,8.0,1,1,2,7,178.79,Fashion,Married,1,0,0,established_loyal,0,1,1-2 years,recent_new_customer,1,0,0,0-7 days,moderate_risk_fashion,0,0,1,stable_low_risk,0,1,0,medium_value,10.517058,0,0,1,0
17,17.0,5,3,3,1,177.57,Laptop & Accessory,Married,0,0,0,established_loyal,0,1,1-2 years,recent_new_customer,1,0,0,0-7 days,low_risk_electronics,0,0,0,stable_low_risk,0,1,0,medium_value,10.445294,0,0,0,0
17,15.0,4,4,6,1,172.65,Laptop & Accessory,Married,0,0,0,established_loyal,0,1,1-2 years,recent_new_customer,1,0,0,0-7 days,low_risk_electronics,0,0,0,stable_low_risk,0,1,0,medium_value,10.155882,0,0,0,0
17,35.0,2,3,6,3,172.39,Mobile Phone,Single,0,0,0,established_loyal,0,1,1-2 years,recent_new_customer,1,0,0,0-7 days,high_risk_tech,1,0,0,unstable_high_risk,1,0,0,medium_value,10.140588,0,0,2,0
17,15.0,4,3,6,3,170.22,Laptop & Accessory,Married,1,0,0,established_loyal,0,1,1-2 years,recent_new_customer,1,0,0,0-7 days,low_risk_electronics,0,0,0,stable_low_risk,0,1,0,medium_value,10.012941,0,0,1,0
17,13.0,5,3,3,9,165.81,Laptop & Accessory,Single,1,0,0,established_loyal,0,1,1-2 years,active_low_risk,0,0,1,8-14 days,low_risk_electronics,0,0,0,unstable_high_risk,1,0,0,medium_value,9.75353,0,0,2,0
17,16.0,3,1,3,3,164.65,Laptop & Accessory,Married,1,0,0,established_loyal,0,1,1-2 years,recent_new_customer,1,0,0,0-7 days,low_risk_electronics,0,0,0,stable_low_risk,0,1,0,medium_value,9.685294,0,0,1,0
17,9.0,4,1,2,9,160.39,Mobile Phone,Single,0,0,0,established_loyal,0,1,1-2 years,active_low_risk,0,0,1,8-14 days,high_risk_tech,1,0,0,unstable_high_risk,1,0,0,medium_value,9.434706,0,0,2,0
17,6.0,4,3,5,2,159.85,Laptop & Accessory,Single,0,0,0,established_loyal,0,1,1-2 years,recent_new_customer,1,0,0,0-7 days,low_risk_electronics,0,0,0,unstable_high_risk,1,0,0,medium_value,9.402942,0,0,1,0
17,10.0,3,4,10,3,159.33,Laptop & Accessory,Single,0,0,0,established_loyal,0,1,1-2 years,recent_new_customer,1,0,0,0-7 days,low_risk_electronics,0,0,0,unstable_high_risk,1,0,0,medium_value,9.372353,0,0,1,0
17,7.0,3,1,5,2,157.43,Laptop & Accessory,Married,1,0,0,established_loyal,0,1,1-2 years,recent_new_customer,1,0,0,0-7 days,low_risk_electronics,0,0,0,stable_low_risk,0,1,0,medium_value,9.260588,0,0,1,0
17,6.0,3,1,5,2,157.43,Laptop & Accessory,Married,1,0,0,established_loyal,0,1,1-2 years,recent_new_customer,1,0,0,0-7 days,low_risk_electronics,0,0,0,stable_low_risk,0,1,0,medium_value,9.260588,0,0,1,0
17,6.0,3,5,6,3,154.54,Laptop & Accessory,Married,1,0,0,established_loyal,0,1,1-2 years,recent_new_customer,1,0,0,0-7 days,low_risk_electronics,0,0,0,stable_low_risk,0,1,0,medium_value,9.090588,0,0,1,0
17,6.0,1,5,3,2,150.33,Laptop & Accessory,Married,0,0,0,established_loyal,0,1,1-2 years,recent_new_customer,1,0,0,0-7 days,low_risk_electronics,0,0,0,stable_low_risk,0,1,0,medium_value,8.842941,0,0,0,0
17,7.0,1,5,3,2,150.33,Laptop & Accessory,Married,0,0,0,established_loyal,0,1,1-2 years,recent_new_customer,1,0,0,0-7 days,low_risk_electronics,0,0,0,stable_low_risk,0,1,0,medium_value,8.842941,0,0,0,0
17,17.0,4,2,2,8,149.55,Mobile Phone,Single,0,0,0,established_loyal,0,1,1-2 years,active_low_risk,0,0,1,8-14 days,high_risk_tech,1,0,0,unstable_high_risk,1,0,0,low_value,8.797059,0,0,2,0
17,17.0,4,1,2,8,149.55,Mobile Phone,Single,0,0,0,established_loyal,0,1,1-2 years,active_low_risk,0,0,1,8-14 days,high_risk_tech,1,0,0,unstable_high_risk,1,0,0,low_value,8.797059,0,0,2,0
17,16.0,4,3,6,3,149.38,Mobile Phone,Single,0,0,0,established_loyal,0,1,1-2 years,recent_new_customer,1,0,0,0-7 days,high_risk_tech,1,0,0,unstable_high_risk,1,0,0,low_value,8.787059,0,0,2,0
17,6.0,3,3,8,0,147.68,Laptop & Accessory,Divorced,0,0,0,established_loyal,0,1,1-2 years,recent_new_customer,1,0,0,0-7 days,low_risk_electronics,0,0,0,moderate_risk,0,0,1,low_value,8.687058,0,0,0,0
17,28.0,4,2,9,3,147.58,Mobile Phone,Divorced,0,0,0,established_loyal,0,1,1-2 years,recent_new_customer,1,0,0,0-7 days,high_risk_tech,1,0,0,moderate_risk,0,0,1,low_value,8.681176,0,0,1,0
17,14.0,2,1,6,3,145.89,Mobile Phone,Married,0,0,0,established_loyal,0,1,1-2 years,recent_new_customer,1,0,0,0-7 days,high_risk_tech,1,0,0,stable_low_risk,0,1,0,low_value,8.581764,0,0,1,0
17,35.0,3,2,2,17,145.41,Laptop & Accessory,Single,0,0,0,established_loyal,0,1,1-2 years,stable_lowest_risk,0,0,1,15-30 days,low_risk_electronics,0,0,0,unstable_high_risk,1,0,0,low_value,8.55353,0,0,1,0
17,35.0,3,1,2,17,145.41,Laptop & Accessory,Single,0,0,0,established_loyal,0,1,1-2 years,stable_lowest_risk,0,0,1,15-30 days,low_risk_electronics,0,0,0,unstable_high_risk,1,0,0,low_value,8.55353,0,0,1,0
17,30.0,5,3,3,4,137.08,Mobile Phone,Single,0,0,0,established_loyal,0,1,1-2 years,recent_new_customer,1,0,0,0-7 days,high_risk_tech,1,0,0,unstable_high_risk,1,0,0,low_value,8.06353,0,0,2,0
17,26.0,3,4,2,3,134.2,Mobile,Single,0,0,0,established_loyal,0,1,1-2 years,recent_new_customer,1,0,0,0-7 days,high_risk_tech,1,0,0,unstable_high_risk,1,0,0,low_value,7.8941174,0,0,2,0
17,7.0,3,1,5,2,131.95,Mobile,Married,1,0,0,established_loyal,0,1,1-2 years,recent_new_customer,1,0,0,0-7 days,high_risk_tech,1,0,0,stable_low_risk,0,1,0,low_value,7.7617645,0,0,2,0
17,11.0,4,3,4,3,131.62,Mobile,Single,0,0,0,established_loyal,0,1,1-2 years,recent_new_customer,1,0,0,0-7 days,high_risk_tech,1,0,0,unstable_high_risk,1,0,0,low_value,7.7423525,0,0,2,0
17,14.0,1,1,3,2,128.18,Mobile,Married,1,0,0,established_loyal,0,1,1-2 years,recent_new_customer,1,0,0,0-7 days,high_risk_tech,1,0,0,stable_low_risk,0,1,0,low_value,7.5399995,0,0,2,0
17,14.0,1,2,3,2,128.18,Mobile,Divorced,1,0,0,established_loyal,0,1,1-2 years,recent_new_customer,1,0,0,0-7 days,high_risk_tech,1,0,0,moderate_risk,0,0,1,low_value,7.5399995,0,0,2,0
17,14.0,3,5,2,1,125.59,Mobile,Married,1,0,0,established_loyal,0,1,1-2 years,recent_new_customer,1,0,0,0-7 days,high_risk_tech,1,0,0,stable_low_risk,0,1,0,low_value,7.3876467,0,0,2,0
17,14.0,3,1,7,2,124.36,Mobile,Single,1,0,0,established_loyal,0,1,1-2 years,recent_new_customer,1,0,0,0-7 days,high_risk_tech,1,0,0,unstable_high_risk,1,0,0,low_value,7.3152943,0,0,3,0
16,9.0,6,1,3,10,323.45,Others,Married,0,0,0,established_loyal,0,1,1-2 years,active_low_risk,0,0,1,8-14 days,low_risk_other,0,0,0,stable_low_risk,0,1,0,high_value,20.215626,1,0,0,1
16,16.0,5,1,10,2,321.13,Others,Single,0,0,0,established_loyal,0,1,1-2 years,recent_new_customer,1,0,0,0-7 days,low_risk_other,0,0,0,unstable_high_risk,1,0,0,high_value,20.070625,1,0,1,0
16,11.0,4,2,3,16,317.32,Others,Divorced,0,0,0,established_loyal,0,1,1-2 years,stable_lowest_risk,0,0,1,15-30 days,low_risk_other,0,0,0,moderate_risk,0,0,1,high_value,19.8325,1,0,0,0
16,9.0,4,3,7,15,313.8,Others,Married,0,0,0,established_loyal,0,1,1-2 years,stable_lowest_risk,0,0,1,15-30 days,low_risk_other,0,0,0,stable_low_risk,0,1,0,high_value,19.6125,1,0,0,0
16,15.0,4,2,3,10,309.3,Others,Married,0,0,0,established_loyal,0,1,1-2 years,active_low_risk,0,0,1,8-14 days,low_risk_other,0,0,0,stable_low_risk,0,1,0,high_value,19.33125,1,0,0,0
16,15.0,4,1,3,10,309.3,Others,Married,0,0,0,established_loyal,0,1,1-2 years,active_low_risk,0,0,1,8-14 days,low_risk_other,0,0,0,stable_low_risk,0,1,0,high_value,19.33125,1,0,0,0
16,12.0,4,3,8,1,308.03,Others,Divorced,0,0,0,established_loyal,0,1,1-2 years,recent_new_customer,1,0,0,0-7 days,low_risk_other,0,0,0,moderate_risk,0,0,1,high_value,19.251875,1,0,0,0
16,9.0,4,3,2,11,303.61,Grocery,Divorced,1,0,0,established_loyal,0,1,1-2 years,active_low_risk,0,0,1,8-14 days,lowest_risk_grocery,0,1,0,moderate_risk,0,0,1,high_value,18.975624,1,0,1,0
16,9.0,4,5,2,8,301.65,Grocery,Divorced,0,0,0,established_loyal,0,1,1-2 years,active_low_risk,0,0,1,8-14 days,lowest_risk_grocery,0,1,0,moderate_risk,0,0,1,high_value,18.853125,1,0,0,0
16,9.0,4,5,2,8,301.65,Grocery,Married,0,0,0,established_loyal,0,1,1-2 years,active_low_risk,0,0,1,8-14 days,lowest_risk_grocery,0,1,0,stable_low_risk,0,1,0,high_value,18.853125,1,0,0,0
16,12.0,4,3,8,14,293.92,Others,Married,0,0,0,established_loyal,0,1,1-2 years,active_low_risk,0,0,1,8-14 days,low_risk_other,0,0,0,stable_low_risk,0,1,0,medium_value,18.37,0,0,0,0
16,17.0,4,5,2,10,292.99,Grocery,Married,0,0,0,established_loyal,0,1,1-2 years,active_low_risk,0,0,1,8-14 days,lowest_risk_grocery,0,1,0,stable_low_risk,0,1,0,medium_value,18.311874,0,0,0,0
16,30.0,4,2,4,1,284.92,Grocery,Single,0,0,0,established_loyal,0,1,1-2 years,recent_new_customer,1,0,0,0-7 days,lowest_risk_grocery,0,1,0,unstable_high_risk,1,0,0,medium_value,17.8075,0,0,1,0
16,21.0,4,3,2,11,276.03,Grocery,Married,0,0,0,established_loyal,0,1,1-2 years,active_low_risk,0,0,1,8-14 days,lowest_risk_grocery,0,1,0,stable_low_risk,0,1,0,medium_value,17.251875,0,0,0,0
16,20.0,3,5,7,0,271.59,Grocery,Divorced,0,0,0,established_loyal,0,1,1-2 years,recent_new_customer,1,0,0,0-7 days,lowest_risk_grocery,0,1,0,moderate_risk,0,0,1,medium_value,16.974375,0,0,0,0
16,20.0,3,5,7,0,271.59,Grocery,Married,0,0,0,established_loyal,0,1,1-2 years,recent_new_customer,1,0,0,0-7 days,lowest_risk_grocery,0,1,0,stable_low_risk,0,1,0,medium_value,16.974375,0,0,0,0
16,32.0,3,1,2,12,269.59,Grocery,Married,1,0,0,established_loyal,0,1,1-2 years,active_low_risk,0,0,1,8-14 days,lowest_risk_grocery,0,1,0,stable_low_risk,0,1,0,medium_value,16.849375,0,0,1,0
16,12.0,4,1,5,0,266.27,Grocery,Married,1,0,0,established_loyal,0,1,1-2 years,recent_new_customer,1,0,0,0-7 days,lowest_risk_grocery,0,1,0,stable_low_risk,0,1,0,medium_value,16.641874,0,0,1,0
16,12.0,4,2,5,0,266.27,Grocery,Married,1,0,0,established_loyal,0,1,1-2 years,recent_new_customer,1,0,0,0-7 days,lowest_risk_grocery,0,1,0,stable_low_risk,0,1,0,medium_value,16.641874,0,0,1,0
16,22.0,3,2,6,9,260.64,Grocery,Divorced,1,0,0,established_loyal,0,1,1-2 years,active_low_risk,0,0,1,8-14 days,lowest_risk_grocery,0,1,0,moderate_risk,0,0,1,medium_value,16.29,0,0,1,0
16,33.0,4,4,7,9,260.25,Grocery,Married,0,0,0,established_loyal,0,1,1-2 years,active_low_risk,0,0,1,8-14 days,lowest_risk_grocery,0,1,0,stable_low_risk,0,1,0,medium_value,16.265625,0,0,0,0
16,33.0,4,4,7,9,260.25,Grocery,Divorced,0,0,0,established_loyal,0,1,1-2 years,active_low_risk,0,0,1,8-14 days,lowest_risk_grocery,0,1,0,moderate_risk,0,0,1,medium_value,16.265625,0,0,0,0
16,13.0,4,5,11,8,258.48,Fashion,Married,0,0,0,established_loyal,0,1,1-2 years,active_low_risk,0,0,1,8-14 days,moderate_risk_fashion,0,0,1,stable_low_risk,0,1,0,medium_value,16.155,0,0,0,0
16,33.0,4,5,5,1,256.91,Fashion,Divorced,1,0,0,established_loyal,0,1,1-2 years,recent_new_customer,1,0,0,0-7 days,moderate_risk_fashion,0,0,1,moderate_risk,0,0,1,medium_value,16.056875,0,0,1,0
16,33.0,4,5,5,1,256.91,Fashion,Married,1,0,0,established_loyal,0,1,1-2 years,recent_new_customer,1,0,0,0-7 days,moderate_risk_fashion,0,0,1,stable_low_risk,0,1,0,medium_value,16.056875,0,0,1,0
16,18.0,4,4,2,9,243.36,Grocery,Married,0,0,0,established_loyal,0,1,1-2 years,active_low_risk,0,0,1,8-14 days,lowest_risk_grocery,0,1,0,stable_low_risk,0,1,0,medium_value,15.21,0,0,0,0
16,31.0,4,2,6,0,234.0,Fashion,Married,0,0,0,established_loyal,0,1,1-2 years,recent_new_customer,1,0,0,0-7 days,moderate_risk_fashion,0,0,1,stable_low_risk,0,1,0,medium_value,14.625,0,0,0,0
16,9.0,4,1,4,47,226.24,Fashion,Married,1,1,0,established_loyal,0,1,1-2 years,dormant_high_risk,0,1,0,31+ days,moderate_risk_fashion,0,0,1,stable_low_risk,0,1,0,medium_value,14.14,0,0,2,0
16,12.0,4,4,11,47,209.46,Fashion,Single,1,1,0,established_loyal,0,1,1-2 years,dormant_high_risk,0,1,0,31+ days,moderate_risk_fashion,0,0,1,unstable_high_risk,1,0,0,medium_value,13.09125,0,0,3,1
16,33.0,3,5,9,1,208.2,Fashion,Divorced,0,0,0,established_loyal,0,1,1-2 years,recent_new_customer,1,0,0,0-7 days,moderate_risk_fashion,0,0,1,moderate_risk,0,0,1,medium_value,13.0125,0,0,0,0
16,33.0,3,5,9,1,208.2,Fashion,Married,0,0,0,established_loyal,0,1,1-2 years,recent_new_customer,1,0,0,0-7 days,moderate_risk_fashion,0,0,1,stable_low_risk,0,1,0,medium_value,13.0125,0,0,0,0
16,31.0,4,1,6,0,207.98,Fashion,Married,0,0,0,established_loyal,0,1,1-2 years,recent_new_customer,1,0,0,0-7 days,moderate_risk_fashion,0,0,1,stable_low_risk,0,1,0,medium_value,12.99875,0,0,0,0
16,30.0,3,5,7,2,204.48,Fashion,Single,1,0,0,established_loyal,0,1,1-2 years,recent_new_customer,1,0,0,0-7 days,moderate_risk_fashion,0,0,1,unstable_high_risk,1,0,0,medium_value,12.78,0,0,2,1
16,10.0,4,1,4,17,202.31,Fashion,Single,0,0,0,established_loyal,0,1,1-2 years,stable_lowest_risk,0,0,1,15-30 days,moderate_risk_fashion,0,0,1,unstable_high_risk,1,0,0,medium_value,12.644375,0,0,1,0
16,10.0,4,2,4,17,202.31,Fashion,Single,0,0,0,established_loyal,0,1,1-2 years,stable_lowest_risk,0,0,1,15-30 days,moderate_risk_fashion,0,0,1,unstable_high_risk,1,0,0,medium_value,12.644375,0,0,1,0
16,8.0,4,1,1,9,201.69,Fashion,Married,0,0,0,established_loyal,0,1,1-2 years,active_low_risk,0,0,1,8-14 days,moderate_risk_fashion,0,0,1,stable_low_risk,0,1,0,medium_value,12.605625,0,0,0,1
16,13.0,3,5,9,0,199.85,Fashion,Divorced,0,0,0,established_loyal,0,1,1-2 years,recent_new_customer,1,0,0,0-7 days,moderate_risk_fashion,0,0,1,moderate_risk,0,0,1,medium_value,12.490625,0,0,0,0
16,31.0,4,5,3,9,199.06,Fashion,Divorced,1,0,0,established_loyal,0,1,1-2 years,active_low_risk,0,0,1,8-14 days,moderate_risk_fashion,0,0,1,moderate_risk,0,0,1,medium_value,12.44125,0,0,1,0
16,31.0,4,5,3,9,199.06,Fashion,Married,1,0,0,established_loyal,0,1,1-2 years,active_low_risk,0,0,1,8-14 days,moderate_risk_fashion,0,0,1,stable_low_risk,0,1,0,medium_value,12.44125,0,0,1,0
16,15.0,4,4,2,3,193.25,Laptop & Accessory,Married,0,0,0,established_loyal,0,1,1-2 years,recent_new_customer,1,0,0,0-7 days,low_risk_electronics,0,0,0,stable_low_risk,0,1,0,medium_value,12.078125,0,0,0,0
16,9.0,5,2,5,1,192.81,Laptop & Accessory,Single,0,0,0,established_loyal,0,1,1-2 years,recent_new_customer,1,0,0,0-7 days,low_risk_electronics,0,0,0,unstable_high_risk,1,0,0,medium_value,12.050625,0,0,1,0
16,9.0,5,1,5,1,192.81,Laptop & Accessory,Single,0,0,0,established_loyal,0,1,1-2 years,recent_new_customer,1,0,0,0-7 days,low_risk_electronics,0,0,0,unstable_high_risk,1,0,0,medium_value,12.050625,0,0,1,0
16,9.0,2,5,9,4,187.72,Laptop & Accessory,Married,0,0,0,established_loyal,0,1,1-2 years,recent_new_customer,1,0,0,0-7 days,low_risk_electronics,0,0,0,stable_low_risk,0,1,0,medium_value,11.7325,0,0,0,0
16,7.0,5,1,11,3,185.62,Laptop & Accessory,Married,1,0,0,established_loyal,0,1,1-2 years,recent_new_customer,1,0,0,0-7 days,low_risk_electronics,0,0,0,stable_low_risk,0,1,0,medium_value,11.60125,0,0,1,0
16,7.0,5,2,11,3,185.62,Laptop & Accessory,Divorced,1,0,0,established_loyal,0,1,1-2 years,recent_new_customer,1,0,0,0-7 days,low_risk_electronics,0,0,0,moderate_risk,0,0,1,medium_value,11.60125,0,0,1,0
16,20.0,2,5,7,1,180.38,Laptop & Accessory,Married,0,0,0,established_loyal,0,1,1-2 years,recent_new_customer,1,0,0,0-7 days,low_risk_electronics,0,0,0,stable_low_risk,0,1,0,medium_value,11.27375,0,0,0,0
16,25.0,4,5,8,3,179.1,Laptop & Accessory,Married,1,0,0,established_loyal,0,1,1-2 years,recent_new_customer,1,0,0,0-7 days,low_risk_electronics,0,0,0,stable_low_risk,0,1,0,medium_value,11.19375,0,0,1,0
16,8.0,3,1,2,8,178.47,Laptop & Accessory,Married,1,0,0,established_loyal,0,1,1-2 years,active_low_risk,0,0,1,8-14 days,low_risk_electronics,0,0,0,stable_low_risk,0,1,0,medium_value,11.154375,0,0,1,0
16,28.0,4,3,4,3,177.65,Laptop & Accessory,Married,0,0,0,established_loyal,0,1,1-2 years,recent_new_customer,1,0,0,0-7 days,low_risk_electronics,0,0,0,stable_low_risk,0,1,0,medium_value,11.103125,0,0,0,0
16,10.0,2,1,4,4,177.31,Laptop & Accessory,Married,1,0,0,established_loyal,0,1,1-2 years,recent_new_customer,1,0,0,0-7 days,low_risk_electronics,0,0,0,stable_low_risk,0,1,0,medium_value,11.081875,0,0,1,0
16,10.0,2,2,4,4,177.31,Laptop & Accessory,Divorced,1,0,0,established_loyal,0,1,1-2 years,recent_new_customer,1,0,0,0-7 days,low_risk_electronics,0,0,0,moderate_risk,0,0,1,medium_value,11.081875,0,0,1,0
16,11.0,4,5,9,6,176.55,Laptop & Accessory,Single,0,0,0,established_loyal,0,1,1-2 years,recent_new_customer,1,0,0,0-7 days,low_risk_electronics,0,0,0,unstable_high_risk,1,0,0,medium_value,11.034375,0,0,1,0
16,19.0,4,1,5,1,175.87,Laptop & Accessory,Married,1,0,0,established_loyal,0,1,1-2 years,recent_new_customer,1,0,0,0-7 days,low_risk_electronics,0,0,0,stable_low_risk,0,1,0,medium_value,10.991875,0,0,1,0
16,17.0,3,3,2,9,175.1,Fashion,Married,0,0,0,established_loyal,0,1,1-2 years,active_low_risk,0,0,1,8-14 days,moderate_risk_fashion,0,0,1,stable_low_risk,0,1,0,medium_value,10.94375,0,0,0,0
16,7.0,4,3,3,7,174.07,Laptop & Accessory,Married,0,0,0,established_loyal,0,1,1-2 years,recent_new_customer,1,0,0,0-7 days,low_risk_electronics,0,0,0,stable_low_risk,0,1,0,medium_value,10.879375,0,0,0,0
16,9.0,5,4,6,1,173.41,Mobile Phone,Married,0,0,0,established_loyal,0,1,1-2 years,recent_new_customer,1,0,0,0-7 days,high_risk_tech,1,0,0,stable_low_risk,0,1,0,medium_value,10.838125,0,0,1,0
16,36.0,4,3,4,3,170.56,Laptop & Accessory,Married,0,0,0,established_loyal,0,1,1-2 years,recent_new_customer,1,0,0,0-7 days,low_risk_electronics,0,0,0,stable_low_risk,0,1,0,medium_value,10.66,0,0,0,0
16,35.0,5,2,2,5,170.23,Laptop & Accessory,Divorced,0,0,0,established_loyal,0,1,1-2 years,recent_new_customer,1,0,0,0-7 days,low_risk_electronics,0,0,0,moderate_risk,0,0,1,medium_value,10.639375,0,0,0,0
16,36.0,4,4,3,9,169.34,Laptop & Accessory,Married,0,0,0,established_loyal,0,1,1-2 years,active_low_risk,0,0,1,8-14 days,low_risk_electronics,0,0,0,stable_low_risk,0,1,0,medium_value,10.58375,0,0,0,0
16,30.0,5,3,3,8,168.32,Laptop & Accessory,Single,0,0,0,established_loyal,0,1,1-2 years,active_low_risk,0,0,1,8-14 days,low_risk_electronics,0,0,0,unstable_high_risk,1,0,0,medium_value,10.52,0,0,1,0
16,21.0,4,1,4,2,168.04,Laptop & Accessory,Married,0,0,0,established_loyal,0,1,1-2 years,recent_new_customer,1,0,0,0-7 days,low_risk_electronics,0,0,0,stable_low_risk,0,1,0,medium_value,10.5025,0,0,0,0
16,21.0,4,2,4,2,168.04,Laptop & Accessory,Divorced,0,0,0,established_loyal,0,1,1-2 years,recent_new_customer,1,0,0,0-7 days,low_risk_electronics,0,0,0,moderate_risk,0,0,1,medium_value,10.5025,0,0,0,0
16,36.0,6,1,6,1,167.72,Laptop & Accessory,Single,0,0,0,established_loyal,0,1,1-2 years,recent_new_customer,1,0,0,0-7 days,low_risk_electronics,0,0,0,unstable_high_risk,1,0,0,medium_value,10.4825,0,0,1,0
16,9.0,4,1,3,3,165.89,Laptop & Accessory,Married,0,0,0,established_loyal,0,1,1-2 years,recent_new_customer,1,0,0,0-7 days,low_risk_electronics,0,0,0,stable_low_risk,0,1,0,medium_value,10.368125,0,0,0,0
16,9.0,4,2,3,3,165.89,Laptop & Accessory,Divorced,0,0,0,established_loyal,0,1,1-2 years,recent_new_customer,1,0,0,0-7 days,low_risk_electronics,0,0,0,moderate_risk,0,0,1,medium_value,10.368125,0,0,0,0
16,15.0,4,3,6,1,164.68,Mobile Phone,Single,0,0,0,established_loyal,0,1,1-2 years,recent_new_customer,1,0,0,0-7 days,high_risk_tech,1,0,0,unstable_high_risk,1,0,0,medium_value,10.2925,0,0,2,0
16,16.0,4,1,3,9,161.73,Mobile Phone,Single,0,0,0,established_loyal,0,1,1-2 years,active_low_risk,0,0,1,8-14 days,high_risk_tech,1,0,0,unstable_high_risk,1,0,0,medium_value,10.108125,0,0,2,0
16,15.0,3,3,4,7,156.79,Laptop & Accessory,Married,1,0,0,established_loyal,0,1,1-2 years,recent_new_customer,1,0,0,0-7 days,low_risk_electronics,0,0,0,stable_low_risk,0,1,0,medium_value,9.799375,0,0,1,0
16,8.0,3,1,2,7,156.75,Laptop & Accessory,Married,0,0,0,established_loyal,0,1,1-2 years,recent_new_customer,1,0,0,0-7 days,low_risk_electronics,0,0,0,stable_low_risk,0,1,0,medium_value,9.796875,0,0,0,0
16,6.0,3,2,5,2,155.62,Laptop & Accessory,Divorced,0,0,0,established_loyal,0,1,1-2 years,recent_new_customer,1,0,0,0-7 days,low_risk_electronics,0,0,0,moderate_risk,0,0,1,medium_value,9.72625,0,0,0,0
16,17.0,4,3,5,4,154.36,Mobile Phone,Married,0,0,0,established_loyal,0,1,1-2 years,recent_new_customer,1,0,0,0-7 days,high_risk_tech,1,0,0,stable_low_risk,0,1,0,medium_value,9.6475,0,0,1,0
16,19.0,4,4,10,5,152.66,Mobile Phone,Married,0,0,0,established_loyal,0,1,1-2 years,recent_new_customer,1,0,0,0-7 days,high_risk_tech,1,0,0,stable_low_risk,0,1,0,medium_value,9.54125,0,0,1,0
16,16.0,4,3,2,0,152.57,Laptop & Accessory,Married,0,0,0,established_loyal,0,1,1-2 years,recent_new_customer,1,0,0,0-7 days,low_risk_electronics,0,0,0,stable_low_risk,0,1,0,medium_value,9.535625,0,0,0,0
16,9.0,4,3,2,1,151.96,Mobile Phone,Married,1,0,0,established_loyal,0,1,1-2 years,recent_new_customer,1,0,0,0-7 days,high_risk_tech,1,0,0,stable_low_risk,0,1,0,medium_value,9.4975,0,0,2,0
16,7.0,4,5,5,3,150.76,Mobile Phone,Married,0,0,0,established_loyal,0,1,1-2 years,recent_new_customer,1,0,0,0-7 days,high_risk_tech,1,0,0,stable_low_risk,0,1,0,medium_value,9.4225,0,0,1,0
16,33.0,1,4,6,2,148.76,Mobile Phone,Married,0,0,0,established_loyal,0,1,1-2 years,recent_new_customer,1,0,0,0-7 days,high_risk_tech,1,0,0,stable_low_risk,0,1,0,low_value,9.2975,0,0,1,0
16,14.0,2,4,8,1,148.72,Laptop & Accessory,Married,1,0,0,established_loyal,0,1,1-2 years,recent_new_customer,1,0,0,0-7 days,low_risk_electronics,0,0,0,stable_low_risk,0,1,0,low_value,9.295,0,0,1,0
16,14.0,3,4,5,0,147.65,Laptop & Accessory,Married,0,0,0,established_loyal,0,1,1-2 years,recent_new_customer,1,0,0,0-7 days,low_risk_electronics,0,0,0,stable_low_risk,0,1,0,low_value,9.228125,0,0,0,0
16,12.0,4,3,6,1,145.93,Mobile Phone,Divorced,0,0,0,established_loyal,0,1,1-2 years,recent_new_customer,1,0,0,0-7 days,high_risk_tech,1,0,0,moderate_risk,0,0,1,low_value,9.120625,0,0,1,0
16,12.0,4,3,6,1,145.93,Mobile Phone,Married,0,0,0,established_loyal,0,1,1-2 years,recent_new_customer,1,0,0,0-7 days,high_risk_tech,1,0,0,stable_low_risk,0,1,0,low_value,9.120625,0,0,1,0
16,12.0,4,3,2,8,140.81,Laptop & Accessory,Single,1,0,0,established_loyal,0,1,1-2 years,active_low_risk,0,0,1,8-14 days,low_risk_electronics,0,0,0,unstable_high_risk,1,0,0,low_value,8.800625,0,0,2,0
16,8.0,3,1,1,8,135.39,Mobile,Single,0,0,0,established_loyal,0,1,1-2 years,active_low_risk,0,0,1,8-14 days,high_risk_tech,1,0,0,unstable_high_risk,1,0,0,low_value,8.461875,0,0,2,0
16,14.0,3,1,1,7,124.55,Mobile,Single,0,0,0,established_loyal,0,1,1-2 years,recent_new_customer,1,0,0,0-7 days,high_risk_tech,1,0,0,unstable_high_risk,1,0,0,low_value,7.784375,0,0,2,0
16,14.0,3,2,1,7,124.55,Mobile,Single,0,0,0,established_loyal,0,1,1-2 years,recent_new_customer,1,0,0,0-7 days,high_risk_tech,1,0,0,unstable_high_risk,1,0,0,low_value,7.784375,0,0,2,0
16,14.0,3,3,5,2,124.38,Mobile,Single,0,0,0,established_loyal,0,1,1-2 years,recent_new_customer,1,0,0,0-7 days,high_risk_tech,1,0,0,unstable_high_risk,1,0,0,low_value,7.77375,0,0,2,0
15,14.0,6,3,3,11,324.73,Others,Married,0,0,0,established_loyal,0,1,1-2 years,active_low_risk,0,0,1,8-14 days,low_risk_other,0,0,0,stable_low_risk,0,1,0,high_value,21.648668,1,0,0,0
15,16.0,4,3,4,12,319.19,Others,Married,0,0,0,established_loyal,0,1,1-2 years,active_low_risk,0,0,1,8-14 days,low_risk_other,0,0,0,stable_low_risk,0,1,0,high_value,21.279333,1,0,0,0
15,8.0,5,1,2,9,298.45,Others,Married,0,0,0,established_loyal,0,1,1-2 years,active_low_risk,0,0,1,8-14 days,low_risk_other,0,0,0,stable_low_risk,0,1,0,medium_value,19.896667,0,0,0,1
15,15.0,4,1,9,1,296.13,Others,Single,0,0,0,established_loyal,0,1,1-2 years,recent_new_customer,1,0,0,0-7 days,low_risk_other,0,0,0,unstable_high_risk,1,0,0,medium_value,19.742,0,0,1,0
15,10.0,3,1,2,15,292.32,Others,Married,0,0,0,established_loyal,0,1,1-2 years,stable_lowest_risk,0,0,1,15-30 days,low_risk_other,0,0,0,stable_low_risk,0,1,0,medium_value,19.488,0,0,0,0
15,10.0,3,2,2,15,292.32,Others,Divorced,0,0,0,established_loyal,0,1,1-2 years,stable_lowest_risk,0,0,1,15-30 days,low_risk_other,0,0,0,moderate_risk,0,0,1,medium_value,19.488,0,0,0,0
15,9.0,4,5,9,9,290.95,Grocery,Divorced,0,0,0,established_loyal,0,1,1-2 years,active_low_risk,0,0,1,8-14 days,lowest_risk_grocery,0,1,0,moderate_risk,0,0,1,medium_value,19.396667,0,0,0,0
15,8.0,3,3,6,14,288.8,Others,Married,0,0,0,established_loyal,0,1,1-2 years,active_low_risk,0,0,1,8-14 days,low_risk_other,0,0,0,stable_low_risk,0,1,0,medium_value,19.253332,0,0,0,0
15,9.0,4,4,3,5,285.15,Grocery,Single,0,0,0,established_loyal,0,1,1-2 years,recent_new_customer,1,0,0,0-7 days,lowest_risk_grocery,0,1,0,unstable_high_risk,1,0,0,medium_value,19.01,0,0,1,0
15,14.0,3,1,2,9,284.3,Others,Married,0,0,0,established_loyal,0,1,1-2 years,active_low_risk,0,0,1,8-14 days,low_risk_other,0,0,0,stable_low_risk,0,1,0,medium_value,18.953333,0,0,0,0
15,14.0,3,2,2,9,284.3,Others,Married,0,0,0,established_loyal,0,1,1-2 years,active_low_risk,0,0,1,8-14 days,low_risk_other,0,0,0,stable_low_risk,0,1,0,medium_value,18.953333,0,0,0,0
15,11.0,3,3,7,0,283.03,Others,Divorced,0,0,0,established_loyal,0,1,1-2 years,recent_new_customer,1,0,0,0-7 days,low_risk_other,0,0,0,moderate_risk,0,0,1,medium_value,18.868666,0,0,0,0
15,8.0,3,3,1,10,278.61,Grocery,Married,1,0,0,established_loyal,0,1,1-2 years,active_low_risk,0,0,1,8-14 days,lowest_risk_grocery,0,1,0,stable_low_risk,0,1,0,medium_value,18.574,0,0,1,0
15,8.0,3,5,1,7,276.65,Grocery,Married,0,0,0,established_loyal,0,1,1-2 years,recent_new_customer,1,0,0,0-7 days,lowest_risk_grocery,0,1,0,stable_low_risk,0,1,0,medium_value,18.443333,0,0,0,0
15,8.0,3,5,1,7,276.65,Grocery,Divorced,0,0,0,established_loyal,0,1,1-2 years,recent_new_customer,1,0,0,0-7 days,lowest_risk_grocery,0,1,0,moderate_risk,0,0,1,medium_value,18.443333,0,0,0,0
15,16.0,3,5,1,9,267.99,Grocery,Divorced,0,0,0,established_loyal,0,1,1-2 years,active_low_risk,0,0,1,8-14 days,lowest_risk_grocery,0,1,0,moderate_risk,0,0,1,medium_value,17.866,0,0,0,0
15,16.0,3,5,1,9,267.99,Grocery,Married,0,0,0,established_loyal,0,1,1-2 years,active_low_risk,0,0,1,8-14 days,lowest_risk_grocery,0,1,0,stable_low_risk,0,1,0,medium_value,17.866,0,0,0,0
15,13.0,4,1,5,1,260.91,Fashion,Single,1,0,0,established_loyal,0,1,1-2 years,recent_new_customer,1,0,0,0-7 days,moderate_risk_fashion,0,0,1,unstable_high_risk,1,0,0,medium_value,17.394001,0,0,2,0
15,35.0,5,4,2,11,260.7,Grocery,Married,0,0,0,established_loyal,0,1,1-2 years,active_low_risk,0,0,1,8-14 days,lowest_risk_grocery,0,1,0,stable_low_risk,0,1,0,medium_value,17.380001,0,0,0,0
15,29.0,3,1,3,0,259.92,Grocery,Single,0,0,0,established_loyal,0,1,1-2 years,recent_new_customer,1,0,0,0-7 days,lowest_risk_grocery,0,1,0,unstable_high_risk,1,0,0,medium_value,17.328001,0,0,1,0
15,32.0,3,4,6,8,235.25,Grocery,Married,0,0,0,established_loyal,0,1,1-2 years,active_low_risk,0,0,1,8-14 days,lowest_risk_grocery,0,1,0,stable_low_risk,0,1,0,medium_value,15.683333,0,0,0,0
15,12.0,3,5,10,7,233.48,Fashion,Married,0,0,0,established_loyal,0,1,1-2 years,recent_new_customer,1,0,0,0-7 days,moderate_risk_fashion,0,0,1,stable_low_risk,0,1,0,medium_value,15.565333,0,0,0,0
15,32.0,3,5,4,0,231.91,Fashion,Married,1,0,0,established_loyal,0,1,1-2 years,recent_new_customer,1,0,0,0-7 days,moderate_risk_fashion,0,0,1,stable_low_risk,0,1,0,medium_value,15.460667,0,0,1,0
15,32.0,3,5,4,0,231.91,Fashion,Divorced,1,0,0,established_loyal,0,1,1-2 years,recent_new_customer,1,0,0,0-7 days,moderate_risk_fashion,0,0,1,moderate_risk,0,0,1,medium_value,15.460667,0,0,1,0
15,11.0,4,3,2,47,229.47,Fashion,Married,1,1,0,established_loyal,0,1,1-2 years,dormant_high_risk,0,1,0,31+ days,moderate_risk_fashion,0,0,1,stable_low_risk,0,1,0,medium_value,15.298,0,0,2,0
15,13.0,4,3,3,47,217.41,Fashion,Single,0,1,0,established_loyal,0,1,1-2 years,dormant_high_risk,0,1,0,31+ days,moderate_risk_fashion,0,0,1,unstable_high_risk,1,0,0,medium_value,14.494,0,0,2,0
15,10.0,5,4,4,47,214.38,Laptop & Accessory,Married,0,1,0,established_loyal,0,1,1-2 years,dormant_high_risk,0,1,0,31+ days,low_risk_electronics,0,0,0,stable_low_risk,0,1,0,medium_value,14.292001,0,0,1,0
15,7.0,2,5,3,8,208.92,Fashion,Married,0,0,0,established_loyal,0,1,1-2 years,active_low_risk,0,0,1,8-14 days,moderate_risk_fashion,0,0,1,stable_low_risk,0,1,0,medium_value,13.9279995,0,0,0,0
15,7.0,3,5,3,8,208.92,Fashion,Divorced,0,0,0,established_loyal,0,1,1-2 years,active_low_risk,0,0,1,8-14 days,moderate_risk_fashion,0,0,1,moderate_risk,0,0,1,medium_value,13.9279995,0,0,0,0
15,8.0,3,1,3,9,201.24,Fashion,Married,1,0,0,established_loyal,0,1,1-2 years,active_low_risk,0,0,1,8-14 days,moderate_risk_fashion,0,0,1,stable_low_risk,0,1,0,medium_value,13.416,0,0,1,0
15,30.0,4,3,5,3,195.82,Fashion,Single,1,0,0,established_loyal,0,1,1-2 years,recent_new_customer,1,0,0,0-7 days,moderate_risk_fashion,0,0,1,unstable_high_risk,1,0,0,medium_value,13.054667,0,0,2,0
15,12.0,2,4,5,3,193.7,Laptop & Accessory,Single,0,0,0,established_loyal,0,1,1-2 years,recent_new_customer,1,0,0,0-7 days,low_risk_electronics,0,0,0,unstable_high_risk,1,0,0,medium_value,12.913333,0,0,1,0
15,9.0,5,3,4,8,193.11,Laptop & Accessory,Single,1,0,0,established_loyal,0,1,1-2 years,active_low_risk,0,0,1,8-14 days,low_risk_electronics,0,0,0,unstable_high_risk,1,0,0,medium_value,12.874,0,0,2,0
15,11.0,6,4,8,3,189.3,Laptop & Accessory,Married,0,0,0,established_loyal,0,1,1-2 years,recent_new_customer,1,0,0,0-7 days,low_risk_electronics,0,0,0,stable_low_risk,0,1,0,medium_value,12.62,0,0,0,0
15,17.0,4,2,9,11,187.3,Laptop & Accessory,Single,0,0,0,established_loyal,0,1,1-2 years,active_low_risk,0,0,1,8-14 days,low_risk_electronics,0,0,0,unstable_high_risk,1,0,0,medium_value,12.486667,0,0,1,0
15,17.0,6,4,3,10,186.51,Laptop & Accessory,Single,0,0,0,established_loyal,0,1,1-2 years,active_low_risk,0,0,1,8-14 days,low_risk_electronics,0,0,0,unstable_high_risk,1,0,0,medium_value,12.434,0,0,1,0
15,13.0,5,4,8,3,185.32,Laptop & Accessory,Single,1,0,0,established_loyal,0,1,1-2 years,recent_new_customer,1,0,0,0-7 days,low_risk_electronics,0,0,0,unstable_high_risk,1,0,0,medium_value,12.354667,0,0,2,0
15,11.0,3,4,10,7,184.46,Fashion,Single,1,0,0,established_loyal,0,1,1-2 years,recent_new_customer,1,0,0,0-7 days,moderate_risk_fashion,0,0,1,unstable_high_risk,1,0,0,medium_value,12.297334,0,0,2,1
15,29.0,4,2,5,4,179.67,Laptop & Accessory,Married,1,0,0,established_loyal,0,1,1-2 years,recent_new_customer,1,0,0,0-7 days,low_risk_electronics,0,0,0,stable_low_risk,0,1,0,medium_value,11.978,0,0,1,0
15,29.0,4,1,5,4,179.67,Laptop & Accessory,Married,1,0,0,established_loyal,0,1,1-2 years,recent_new_customer,1,0,0,0-7 days,low_risk_electronics,0,0,0,stable_low_risk,0,1,0,medium_value,11.978,0,0,1,0
15,14.0,4,3,8,2,175.03,Laptop & Accessory,Single,0,0,0,established_loyal,0,1,1-2 years,recent_new_customer,1,0,0,0-7 days,low_risk_electronics,0,0,0,unstable_high_risk,1,0,0,medium_value,11.668667,0,0,1,0
15,30.0,3,5,2,8,174.06,Fashion,Married,1,0,0,established_loyal,0,1,1-2 years,active_low_risk,0,0,1,8-14 days,moderate_risk_fashion,0,0,1,stable_low_risk,0,1,0,medium_value,11.604,0,0,1,0
15,19.0,4,2,5,1,172.66,Mobile Phone,Divorced,1,0,0,established_loyal,0,1,1-2 years,recent_new_customer,1,0,0,0-7 days,high_risk_tech,1,0,0,moderate_risk,0,0,1,medium_value,11.510667,0,0,2,0
15,13.0,4,5,4,18,172.21,Mobile Phone,Single,1,0,0,established_loyal,0,1,1-2 years,stable_lowest_risk,0,0,1,15-30 days,high_risk_tech,1,0,0,unstable_high_risk,1,0,0,medium_value,11.480667,0,0,3,0
15,14.0,3,4,1,2,168.25,Laptop & Accessory,Married,0,0,0,established_loyal,0,1,1-2 years,recent_new_customer,1,0,0,0-7 days,low_risk_electronics,0,0,0,stable_low_risk,0,1,0,medium_value,11.216666,0,0,0,0
15,8.0,4,2,4,0,167.81,Laptop & Accessory,Single,0,0,0,established_loyal,0,1,1-2 years,recent_new_customer,1,0,0,0-7 days,low_risk_electronics,0,0,0,unstable_high_risk,1,0,0,medium_value,11.187333,0,0,1,0
15,8.0,4,1,4,0,167.81,Laptop & Accessory,Single,0,0,0,established_loyal,0,1,1-2 years,recent_new_customer,1,0,0,0-7 days,low_risk_electronics,0,0,0,unstable_high_risk,1,0,0,medium_value,11.187333,0,0,1,0
15,7.0,4,5,2,8,166.03,Laptop & Accessory,Married,0,0,0,established_loyal,0,1,1-2 years,active_low_risk,0,0,1,8-14 days,low_risk_electronics,0,0,0,stable_low_risk,0,1,0,medium_value,11.068666,0,0,0,0
15,8.0,4,5,2,8,166.03,Laptop & Accessory,Married,0,0,0,established_loyal,0,1,1-2 years,active_low_risk,0,0,1,8-14 days,low_risk_electronics,0,0,0,stable_low_risk,0,1,0,medium_value,11.068666,0,0,0,0
15,23.0,1,5,4,2,165.45,Laptop & Accessory,Single,1,0,0,established_loyal,0,1,1-2 years,recent_new_customer,1,0,0,0-7 days,low_risk_electronics,0,0,0,unstable_high_risk,1,0,0,medium_value,11.03,0,0,2,0
15,23.0,2,5,4,2,165.45,Laptop & Accessory,Single,1,0,0,established_loyal,0,1,1-2 years,recent_new_customer,1,0,0,0-7 days,low_risk_electronics,0,0,0,unstable_high_risk,1,0,0,medium_value,11.03,0,0,2,0
15,8.0,1,5,8,3,162.72,Laptop & Accessory,Divorced,0,0,0,established_loyal,0,1,1-2 years,recent_new_customer,1,0,0,0-7 days,low_risk_electronics,0,0,0,moderate_risk,0,0,1,medium_value,10.848001,0,0,0,0
15,20.0,4,3,8,3,162.44,Laptop & Accessory,Single,0,0,0,established_loyal,0,1,1-2 years,recent_new_customer,1,0,0,0-7 days,low_risk_electronics,0,0,0,unstable_high_risk,1,0,0,medium_value,10.829333,0,0,1,0
15,14.0,2,3,3,9,158.76,Mobile Phone,Divorced,0,0,0,established_loyal,0,1,1-2 years,active_low_risk,0,0,1,8-14 days,high_risk_tech,1,0,0,moderate_risk,0,0,1,medium_value,10.584,0,0,1,0
15,26.0,4,5,4,1,155.72,Laptop & Accessory,Married,0,0,0,established_loyal,0,1,1-2 years,recent_new_customer,1,0,0,0-7 days,low_risk_electronics,0,0,0,stable_low_risk,0,1,0,medium_value,10.381333,0,0,0,0
15,19.0,1,5,6,0,155.38,Laptop & Accessory,Married,0,0,0,established_loyal,0,1,1-2 years,recent_new_customer,1,0,0,0-7 days,low_risk_electronics,0,0,0,stable_low_risk,0,1,0,medium_value,10.358667,0,0,0,0
15,8.0,4,1,5,1,152.82,Mobile Phone,Married,0,0,0,established_loyal,0,1,1-2 years,recent_new_customer,1,0,0,0-7 days,high_risk_tech,1,0,0,stable_low_risk,0,1,0,medium_value,10.188001,0,0,1,0
15,9.0,1,1,3,3,152.31,Laptop & Accessory,Married,1,0,0,established_loyal,0,1,1-2 years,recent_new_customer,1,0,0,0-7 days,low_risk_electronics,0,0,0,stable_low_risk,0,1,0,medium_value,10.154,0,0,1,0
15,9.0,1,2,3,3,152.31,Laptop & Accessory,Divorced,1,0,0,established_loyal,0,1,1-2 years,recent_new_customer,1,0,0,0-7 days,low_risk_electronics,0,0,0,moderate_risk,0,0,1,medium_value,10.154,0,0,1,0
15,10.0,3,5,8,5,151.55,Laptop & Accessory,Single,0,0,0,established_loyal,0,1,1-2 years,recent_new_customer,1,0,0,0-7 days,low_risk_electronics,0,0,0,unstable_high_risk,1,0,0,medium_value,10.103333,0,0,1,0
15,18.0,3,1,4,0,150.87,Laptop & Accessory,Married,1,0,0,established_loyal,0,1,1-2 years,recent_new_customer,1,0,0,0-7 days,low_risk_electronics,0,0,0,stable_low_risk,0,1,0,medium_value,10.058,0,0,1,0
15,11.0,4,3,11,8,149.61,Mobile Phone,Married,1,0,0,established_loyal,0,1,1-2 years,active_low_risk,0,0,1,8-14 days,high_risk_tech,1,0,0,stable_low_risk,0,1,0,low_value,9.974,0,0,2,1
15,11.0,4,3,11,8,149.61,Mobile Phone,Divorced,1,0,0,established_loyal,0,1,1-2 years,active_low_risk,0,0,1,8-14 days,high_risk_tech,1,0,0,moderate_risk,0,0,1,low_value,9.974,0,0,2,1
15,21.0,4,3,6,9,149.51,Mobile Phone,Married,0,0,0,established_loyal,0,1,1-2 years,active_low_risk,0,0,1,8-14 days,high_risk_tech,1,0,0,stable_low_risk,0,1,0,low_value,9.967333,0,0,1,0
15,6.0,3,3,2,6,149.07,Laptop & Accessory,Married,0,0,0,established_loyal,0,1,1-2 years,recent_new_customer,1,0,0,0-7 days,low_risk_electronics,0,0,0,stable_low_risk,0,1,0,low_value,9.938001,0,0,0,0
15,8.0,4,4,5,0,148.41,Mobile Phone,Married,0,0,0,established_loyal,0,1,1-2 years,recent_new_customer,1,0,0,0-7 days,high_risk_tech,1,0,0,stable_low_risk,0,1,0,low_value,9.894,0,0,1,0
15,12.0,2,3,4,4,146.27,Mobile Phone,Married,1,0,0,established_loyal,0,1,1-2 years,recent_new_customer,1,0,0,0-7 days,high_risk_tech,1,0,0,stable_low_risk,0,1,0,low_value,9.751333,0,0,2,0
15,12.0,2,3,4,4,146.27,Mobile Phone,Divorced,1,0,0,established_loyal,0,1,1-2 years,recent_new_customer,1,0,0,0-7 days,high_risk_tech,1,0,0,moderate_risk,0,0,1,low_value,9.751333,0,0,2,0
15,35.0,3,3,3,2,145.56,Laptop & Accessory,Married,0,0,0,established_loyal,0,1,1-2 years,recent_new_customer,1,0,0,0-7 days,low_risk_electronics,0,0,0,stable_low_risk,0,1,0,low_value,9.7039995,0,0,0,0
15,34.0,4,1,1,4,145.23,Laptop & Accessory,Married,0,0,0,established_loyal,0,1,1-2 years,recent_new_customer,1,0,0,0-7 days,low_risk_electronics,0,0,0,stable_low_risk,0,1,0,low_value,9.682,0,0,0,0
15,34.0,4,2,1,4,145.23,Laptop & Accessory,Divorced,0,0,0,established_loyal,0,1,1-2 years,recent_new_customer,1,0,0,0-7 days,low_risk_electronics,0,0,0,moderate_risk,0,0,1,low_value,9.682,0,0,0,0
15,29.0,4,3,2,7,143.32,Laptop & Accessory,Single,0,0,0,established_loyal,0,1,1-2 years,recent_new_customer,1,0,0,0-7 days,low_risk_electronics,0,0,0,unstable_high_risk,1,0,0,low_value,9.554667,0,0,1,0
15,35.0,5,1,5,0,142.72,Laptop & Accessory,Single,0,0,0,established_loyal,0,1,1-2 years,recent_new_customer,1,0,0,0-7 days,low_risk_electronics,0,0,0,unstable_high_risk,1,0,0,low_value,9.514667,0,0,1,0
15,35.0,5,2,5,0,142.72,Laptop & Accessory,Single,0,0,0,established_loyal,0,1,1-2 years,recent_new_customer,1,0,0,0-7 days,low_risk_electronics,0,0,0,unstable_high_risk,1,0,0,low_value,9.514667,0,0,1,0
15,8.0,3,2,2,2,140.89,Laptop & Accessory,Divorced,0,0,0,established_loyal,0,1,1-2 years,recent_new_customer,1,0,0,0-7 days,low_risk_electronics,0,0,0,moderate_risk,0,0,1,low_value,9.392667,0,0,0,0
15,14.0,3,3,5,0,139.68,Mobile Phone,Single,0,0,0,established_loyal,0,1,1-2 years,recent_new_customer,1,0,0,0-7 days,high_risk_tech,1,0,0,unstable_high_risk,1,0,0,low_value,9.311999,0,0,2,0
15,15.0,3,1,2,8,136.73,Mobile Phone,Single,0,0,0,established_loyal,0,1,1-2 years,active_low_risk,0,0,1,8-14 days,high_risk_tech,1,0,0,unstable_high_risk,1,0,0,low_value,9.115333,0,0,2,0
15,16.0,3,3,4,3,129.36,Mobile,Married,0,0,0,established_loyal,0,1,1-2 years,recent_new_customer,1,0,0,0-7 days,high_risk_tech,1,0,0,stable_low_risk,0,1,0,low_value,8.624,0,0,1,0
15,18.0,3,4,9,4,127.66,Mobile,Married,0,0,0,established_loyal,0,1,1-2 years,recent_new_customer,1,0,0,0-7 days,high_risk_tech,1,0,0,stable_low_risk,0,1,0,low_value,8.510667,0,0,1,0
15,8.0,3,3,1,0,126.96,Mobile,Married,1,0,0,established_loyal,0,1,1-2 years,recent_new_customer,1,0,0,0-7 days,high_risk_tech,1,0,0,stable_low_risk,0,1,0,low_value,8.464,0,0,2,0
15,14.0,4,5,1,8,125.93,Mobile,Married,1,0,0,established_loyal,0,1,1-2 years,active_low_risk,0,0,1,8-14 days,high_risk_tech,1,0,0,stable_low_risk,0,1,0,low_value,8.395333,0,0,2,0
15,14.0,3,5,4,2,125.76,Mobile,Married,0,0,0,established_loyal,0,1,1-2 years,recent_new_customer,1,0,0,0-7 days,high_risk_tech,1,0,0,stable_low_risk,0,1,0,low_value,8.384,0,0,1,0
15,14.0,1,4,7,0,123.72,Laptop & Accessory,Divorced,1,0,0,established_loyal,0,1,1-2 years,recent_new_customer,1,0,0,0-7 days,low_risk_electronics,0,0,0,moderate_risk,0,0,1,low_value,8.248,0,0,1,0
14,14.0,4,4,3,9,323.33,Others,Single,0,0,0,established_loyal,0,1,1-2 years,active_low_risk,0,0,1,8-14 days,low_risk_other,0,0,0,unstable_high_risk,1,0,0,high_value,23.095,1,0,1,0
14,21.0,5,3,3,10,321.26,Others,Single,0,0,0,established_loyal,0,1,1-2 years,active_low_risk,0,0,1,8-14 days,low_risk_other,0,0,0,unstable_high_risk,1,0,0,high_value,22.947144,1,0,1,0
14,9.0,4,3,2,10,319.36,Others,Married,0,0,0,established_loyal,0,1,1-2 years,active_low_risk,0,0,1,8-14 days,low_risk_other,0,0,0,stable_low_risk,0,1,0,high_value,22.811428,1,0,0,0
14,9.0,4,3,2,13,305.41,Others,Divorced,0,0,0,established_loyal,0,1,1-2 years,active_low_risk,0,0,1,8-14 days,low_risk_other,0,0,0,moderate_risk,0,0,1,high_value,21.815,1,0,0,0
14,9.0,4,3,2,13,305.41,Others,Married,0,0,0,established_loyal,0,1,1-2 years,active_low_risk,0,0,1,8-14 days,low_risk_other,0,0,0,stable_low_risk,0,1,0,high_value,21.815,1,0,0,0
14,15.0,3,3,3,11,294.19,Others,Married,0,0,0,established_loyal,0,1,1-2 years,active_low_risk,0,0,1,8-14 days,low_risk_other,0,0,0,stable_low_risk,0,1,0,medium_value,21.01357,0,0,0,0
14,8.0,4,5,4,17,293.23,Grocery,Married,0,0,0,established_loyal,0,1,1-2 years,stable_lowest_risk,0,0,1,15-30 days,lowest_risk_grocery,0,1,0,stable_low_risk,0,1,0,medium_value,20.945002,0,0,0,0
14,7.0,4,5,4,17,293.23,Grocery,Married,0,0,0,established_loyal,0,1,1-2 years,stable_lowest_risk,0,0,1,15-30 days,lowest_risk_grocery,0,1,0,stable_low_risk,0,1,0,medium_value,20.945002,0,0,0,0
14,6.0,4,3,2,10,291.89,Others,Divorced,0,0,0,established_loyal,0,1,1-2 years,active_low_risk,0,0,1,8-14 days,low_risk_other,0,0,0,moderate_risk,0,0,1,medium_value,20.849287,0,0,0,0
14,6.0,4,3,2,10,291.89,Others,Married,0,0,0,established_loyal,0,1,1-2 years,active_low_risk,0,0,1,8-14 days,low_risk_other,0,0,0,stable_low_risk,0,1,0,medium_value,20.849287,0,0,0,0
14,16.0,4,1,4,6,291.41,Others,Married,0,0,0,established_loyal,0,1,1-2 years,recent_new_customer,1,0,0,0-7 days,low_risk_other,0,0,0,stable_low_risk,0,1,0,medium_value,20.815,0,0,0,0
14,13.0,4,1,3,8,289.37,Grocery,Single,1,0,0,established_loyal,0,1,1-2 years,active_low_risk,0,0,1,8-14 days,lowest_risk_grocery,0,1,0,unstable_high_risk,1,0,0,medium_value,20.669285,0,0,2,0
14,16.0,4,5,5,7,271.81,Grocery,Married,0,0,0,established_loyal,0,1,1-2 years,recent_new_customer,1,0,0,0-7 days,lowest_risk_grocery,0,1,0,stable_low_risk,0,1,0,medium_value,19.414999,0,0,0,0
14,8.0,3,5,8,8,265.95,Grocery,Divorced,0,0,0,established_loyal,0,1,1-2 years,active_low_risk,0,0,1,8-14 days,lowest_risk_grocery,0,1,0,moderate_risk,0,0,1,medium_value,18.99643,0,0,0,0
14,8.0,3,5,8,8,265.95,Grocery,Married,0,0,0,established_loyal,0,1,1-2 years,active_low_risk,0,0,1,8-14 days,lowest_risk_grocery,0,1,0,stable_low_risk,0,1,0,medium_value,18.99643,0,0,0,0
14,15.0,5,4,4,9,262.57,Fashion,Married,0,0,0,established_loyal,0,1,1-2 years,active_low_risk,0,0,1,8-14 days,moderate_risk_fashion,0,0,1,stable_low_risk,0,1,0,medium_value,18.755001,0,0,0,0
14,8.0,3,4,2,4,260.15,Grocery,Single,0,0,0,established_loyal,0,1,1-2 years,recent_new_customer,1,0,0,0-7 days,lowest_risk_grocery,0,1,0,unstable_high_risk,1,0,0,medium_value,18.582142,0,0,1,0
14,7.0,5,4,3,12,260.03,Grocery,Married,0,0,0,established_loyal,0,1,1-2 years,active_low_risk,0,0,1,8-14 days,lowest_risk_grocery,0,1,0,stable_low_risk,0,1,0,medium_value,18.573572,0,0,0,0
14,16.0,4,3,11,14,259.99,Fashion,Single,0,0,0,established_loyal,0,1,1-2 years,active_low_risk,0,0,1,8-14 days,moderate_risk_fashion,0,0,1,unstable_high_risk,1,0,0,medium_value,18.570713,0,0,1,0
14,13.0,4,3,9,14,257.37,Grocery,Single,0,0,0,established_loyal,0,1,1-2 years,active_low_risk,0,0,1,8-14 days,lowest_risk_grocery,0,1,0,unstable_high_risk,1,0,0,medium_value,18.383572,0,0,1,0
14,12.0,3,2,4,0,235.91,Fashion,Single,1,0,0,established_loyal,0,1,1-2 years,recent_new_customer,1,0,0,0-7 days,moderate_risk_fashion,0,0,1,unstable_high_risk,1,0,0,medium_value,16.850714,0,0,2,0
14,12.0,3,1,4,0,235.91,Fashion,Single,1,0,0,established_loyal,0,1,1-2 years,recent_new_customer,1,0,0,0-7 days,moderate_risk_fashion,0,0,1,unstable_high_risk,1,0,0,medium_value,16.850714,0,0,2,0
14,34.0,4,4,1,10,235.7,Grocery,Married,0,0,0,established_loyal,0,1,1-2 years,active_low_risk,0,0,1,8-14 days,lowest_risk_grocery,0,1,0,stable_low_risk,0,1,0,medium_value,16.835714,0,0,0,0
14,35.0,6,5,5,2,234.32,Fashion,Married,0,0,0,established_loyal,0,1,1-2 years,recent_new_customer,1,0,0,0-7 days,moderate_risk_fashion,0,0,1,stable_low_risk,0,1,0,medium_value,16.737143,0,0,0,0
14,11.0,5,1,9,12,233.55,Fashion,Married,0,0,0,established_loyal,0,1,1-2 years,active_low_risk,0,0,1,8-14 days,moderate_risk_fashion,0,0,1,stable_low_risk,0,1,0,medium_value,16.682142,0,0,0,0
14,35.0,5,5,6,1,233.54,Fashion,Married,1,0,0,established_loyal,0,1,1-2 years,recent_new_customer,1,0,0,0-7 days,moderate_risk_fashion,0,0,1,stable_low_risk,0,1,0,medium_value,16.681429,0,0,1,1
14,12.0,5,5,7,47,229.75,Fashion,Married,1,1,0,established_loyal,0,1,1-2 years,dormant_high_risk,0,1,0,31+ days,moderate_risk_fashion,0,0,1,stable_low_risk,0,1,0,medium_value,16.410715,0,0,2,0
14,12.0,5,5,7,47,229.75,Fashion,Divorced,1,1,0,established_loyal,0,1,1-2 years,dormant_high_risk,0,1,0,31+ days,moderate_risk_fashion,0,0,1,moderate_risk,0,0,1,medium_value,16.410715,0,0,2,0
14,27.0,4,2,6,47,228.22,Fashion,Divorced,0,1,0,established_loyal,0,1,1-2 years,dormant_high_risk,0,1,0,31+ days,moderate_risk_fashion,0,0,1,moderate_risk,0,0,1,medium_value,16.301428,0,0,1,0
14,27.0,4,1,6,47,228.22,Fashion,Married,0,1,0,established_loyal,0,1,1-2 years,dormant_high_risk,0,1,0,31+ days,moderate_risk_fashion,0,0,1,stable_low_risk,0,1,0,medium_value,16.301428,0,0,1,0
14,17.0,5,4,4,47,222.05,Fashion,Married,0,1,0,established_loyal,0,1,1-2 years,dormant_high_risk,0,1,0,31+ days,moderate_risk_fashion,0,0,1,stable_low_risk,0,1,0,medium_value,15.860715,0,0,1,0
14,33.0,4,5,3,6,208.96,Laptop & Accessory,Married,0,0,0,established_loyal,0,1,1-2 years,recent_new_customer,1,0,0,0-7 days,low_risk_electronics,0,0,0,stable_low_risk,0,1,0,medium_value,14.9257145,0,0,0,0
14,33.0,4,5,3,6,208.96,Laptop & Accessory,Divorced,0,0,0,established_loyal,0,1,1-2 years,recent_new_customer,1,0,0,0-7 days,low_risk_electronics,0,0,0,moderate_risk,0,0,1,medium_value,14.9257145,0,0,0,0
14,14.0,5,1,3,3,206.5,Fashion,Single,0,0,0,established_loyal,0,1,1-2 years,recent_new_customer,1,0,0,0-7 days,moderate_risk_fashion,0,0,1,unstable_high_risk,1,0,0,medium_value,14.75,0,0,1,1
14,14.0,5,2,3,3,206.5,Fashion,Single,0,0,0,established_loyal,0,1,1-2 years,recent_new_customer,1,0,0,0-7 days,moderate_risk_fashion,0,0,1,unstable_high_risk,1,0,0,medium_value,14.75,0,0,1,1
14,23.0,4,1,8,4,204.45,Fashion,Single,1,0,0,established_loyal,0,1,1-2 years,recent_new_customer,1,0,0,0-7 days,moderate_risk_fashion,0,0,1,unstable_high_risk,1,0,0,medium_value,14.603571,0,0,2,0
14,7.0,6,1,4,3,199.57,Laptop & Accessory,Married,1,0,0,established_loyal,0,1,1-2 years,recent_new_customer,1,0,0,0-7 days,low_risk_electronics,0,0,0,stable_low_risk,0,1,0,medium_value,14.255,0,0,1,0
14,17.0,5,4,9,4,193.52,Laptop & Accessory,Married,0,0,0,established_loyal,0,1,1-2 years,recent_new_customer,1,0,0,0-7 days,low_risk_electronics,0,0,0,stable_low_risk,0,1,0,medium_value,13.822858,0,0,0,0
14,15.0,4,3,5,4,192.96,Laptop & Accessory,Divorced,1,0,0,established_loyal,0,1,1-2 years,recent_new_customer,1,0,0,0-7 days,low_risk_electronics,0,0,0,moderate_risk,0,0,1,medium_value,13.782858,0,0,1,1
14,12.0,3,3,2,7,192.41,Fashion,Single,0,0,0,established_loyal,0,1,1-2 years,recent_new_customer,1,0,0,0-7 days,moderate_risk_fashion,0,0,1,unstable_high_risk,1,0,0,medium_value,13.743571,0,0,1,0
14,7.0,4,3,9,2,192.28,Laptop & Accessory,Married,0,0,0,established_loyal,0,1,1-2 years,recent_new_customer,1,0,0,0-7 days,low_risk_electronics,0,0,0,stable_low_risk,0,1,0,medium_value,13.734285,0,0,0,1
14,15.0,4,5,4,1,190.16,Laptop & Accessory,Married,1,0,0,established_loyal,0,1,1-2 years,recent_new_customer,1,0,0,0-7 days,low_risk_electronics,0,0,0,stable_low_risk,0,1,0,medium_value,13.582857,0,0,1,0
14,8.0,4,1,6,4,190.13,Laptop & Accessory,Married,0,0,0,established_loyal,0,1,1-2 years,recent_new_customer,1,0,0,0-7 days,low_risk_electronics,0,0,0,stable_low_risk,0,1,0,medium_value,13.580714,0,0,0,0
14,7.0,4,1,6,4,190.13,Laptop & Accessory,Married,0,0,0,established_loyal,0,1,1-2 years,recent_new_customer,1,0,0,0-7 days,low_risk_electronics,0,0,0,stable_low_risk,0,1,0,medium_value,13.580714,0,0,0,0
14,9.0,4,4,3,4,189.38,Laptop & Accessory,Married,0,0,0,established_loyal,0,1,1-2 years,recent_new_customer,1,0,0,0-7 days,low_risk_electronics,0,0,0,stable_low_risk,0,1,0,medium_value,13.5271435,0,0,0,0
14,9.0,2,3,7,9,188.77,Laptop & Accessory,Married,0,0,0,established_loyal,0,1,1-2 years,active_low_risk,0,0,1,8-14 days,low_risk_electronics,0,0,0,stable_low_risk,0,1,0,medium_value,13.483572,0,0,0,0
14,18.0,4,3,3,5,188.23,Laptop & Accessory,Married,0,0,0,established_loyal,0,1,1-2 years,recent_new_customer,1,0,0,0-7 days,low_risk_electronics,0,0,0,stable_low_risk,0,1,0,medium_value,13.445,0,0,0,0
14,6.0,2,5,2,7,183.92,Fashion,Divorced,0,0,0,established_loyal,0,1,1-2 years,recent_new_customer,1,0,0,0-7 days,moderate_risk_fashion,0,0,1,moderate_risk,0,0,1,medium_value,13.137143,0,0,0,0
14,6.0,1,5,2,7,183.92,Fashion,Married,0,0,0,established_loyal,0,1,1-2 years,recent_new_customer,1,0,0,0-7 days,moderate_risk_fashion,0,0,1,stable_low_risk,0,1,0,medium_value,13.137143,0,0,0,0
14,9.0,4,4,9,4,182.15,Laptop & Accessory,Married,0,0,0,established_loyal,0,1,1-2 years,recent_new_customer,1,0,0,0-7 days,low_risk_electronics,0,0,0,stable_low_risk,0,1,0,medium_value,13.010714,0,0,0,0
14,15.0,3,3,4,7,181.89,Fashion,Married,1,0,0,established_loyal,0,1,1-2 years,recent_new_customer,1,0,0,0-7 days,moderate_risk_fashion,0,0,1,stable_low_risk,0,1,0,medium_value,12.992143,0,0,1,0
14,9.0,4,4,5,11,181.77,Laptop & Accessory,Married,0,0,0,established_loyal,0,1,1-2 years,active_low_risk,0,0,1,8-14 days,low_risk_electronics,0,0,0,stable_low_risk,0,1,0,medium_value,12.983572,0,0,0,0
14,16.0,4,5,2,2,179.73,Laptop & Accessory,Married,0,0,0,established_loyal,0,1,1-2 years,recent_new_customer,1,0,0,0-7 days,low_risk_electronics,0,0,0,stable_low_risk,0,1,0,medium_value,12.837857,0,0,0,0
14,23.0,5,3,8,1,175.94,Laptop & Accessory,Single,0,0,0,established_loyal,0,1,1-2 years,recent_new_customer,1,0,0,0-7 days,low_risk_electronics,0,0,0,unstable_high_risk,1,0,0,medium_value,12.567143,0,0,1,0
14,16.0,5,2,11,3,173.76,Laptop & Accessory,Divorced,0,0,0,established_loyal,0,1,1-2 years,recent_new_customer,1,0,0,0-7 days,low_risk_electronics,0,0,0,moderate_risk,0,0,1,medium_value,12.411428,0,0,0,0
14,7.0,4,3,5,1,172.28,Laptop & Accessory,Single,1,0,0,established_loyal,0,1,1-2 years,recent_new_customer,1,0,0,0-7 days,low_risk_electronics,0,0,0,unstable_high_risk,1,0,0,medium_value,12.305715,0,0,2,1
14,9.0,4,2,3,9,171.61,Laptop & Accessory,Single,0,0,0,established_loyal,0,1,1-2 years,active_low_risk,0,0,1,8-14 days,low_risk_electronics,0,0,0,unstable_high_risk,1,0,0,medium_value,12.257857,0,0,1,0
14,21.0,4,5,3,3,171.39,Laptop & Accessory,Married,0,0,0,established_loyal,0,1,1-2 years,recent_new_customer,1,0,0,0-7 days,low_risk_electronics,0,0,0,stable_low_risk,0,1,0,medium_value,12.242143,0,0,0,0
14,29.0,3,3,4,2,170.82,Fashion,Single,1,0,0,established_loyal,0,1,1-2 years,recent_new_customer,1,0,0,0-7 days,moderate_risk_fashion,0,0,1,unstable_high_risk,1,0,0,medium_value,12.201429,0,0,2,0
14,19.0,4,5,4,8,169.48,Laptop & Accessory,Married,0,0,0,established_loyal,0,1,1-2 years,active_low_risk,0,0,1,8-14 days,low_risk_electronics,0,0,0,stable_low_risk,0,1,0,medium_value,12.105714,0,0,0,0
14,33.0,5,1,5,1,169.22,Laptop & Accessory,Married,1,0,0,established_loyal,0,1,1-2 years,recent_new_customer,1,0,0,0-7 days,low_risk_electronics,0,0,0,stable_low_risk,0,1,0,medium_value,12.087143,0,0,1,0
14,11.0,1,4,4,2,168.7,Laptop & Accessory,Single,0,0,0,established_loyal,0,1,1-2 years,recent_new_customer,1,0,0,0-7 days,low_risk_electronics,0,0,0,unstable_high_risk,1,0,0,medium_value,12.05,0,0,1,0
14,8.0,4,3,3,7,168.11,Laptop & Accessory,Single,1,0,0,established_loyal,0,1,1-2 years,recent_new_customer,1,0,0,0-7 days,low_risk_electronics,0,0,0,unstable_high_risk,1,0,0,medium_value,12.007857,0,0,2,0
14,9.0,2,4,3,8,167.44,Laptop & Accessory,Divorced,0,0,0,established_loyal,0,1,1-2 years,active_low_risk,0,0,1,8-14 days,low_risk_electronics,0,0,0,moderate_risk,0,0,1,medium_value,11.96,0,0,0,0
14,15.0,4,1,5,3,165.69,Laptop & Accessory,Married,1,0,0,established_loyal,0,1,1-2 years,recent_new_customer,1,0,0,0-7 days,low_risk_electronics,0,0,0,stable_low_risk,0,1,0,medium_value,11.835,0,0,1,0
14,16.0,4,3,5,8,164.75,Laptop & Accessory,Married,0,0,0,established_loyal,0,1,1-2 years,active_low_risk,0,0,1,8-14 days,low_risk_electronics,0,0,0,stable_low_risk,0,1,0,medium_value,11.767858,0,0,0,0
14,10.0,5,4,7,2,164.3,Laptop & Accessory,Married,0,0,0,established_loyal,0,1,1-2 years,recent_new_customer,1,0,0,0-7 days,low_risk_electronics,0,0,0,stable_low_risk,0,1,0,medium_value,11.735715,0,0,0,0
14,16.0,3,2,8,10,162.3,Laptop & Accessory,Single,0,0,0,established_loyal,0,1,1-2 years,active_low_risk,0,0,1,8-14 days,low_risk_electronics,0,0,0,unstable_high_risk,1,0,0,medium_value,11.592857,0,0,1,0
14,16.0,3,1,8,10,162.3,Laptop & Accessory,Single,0,0,0,established_loyal,0,1,1-2 years,active_low_risk,0,0,1,8-14 days,low_risk_electronics,0,0,0,unstable_high_risk,1,0,0,medium_value,11.592857,0,0,1,0
14,16.0,5,4,2,9,161.51,Laptop & Accessory,Single,0,0,0,established_loyal,0,1,1-2 years,active_low_risk,0,0,1,8-14 days,low_risk_electronics,0,0,0,unstable_high_risk,1,0,0,medium_value,11.536428,0,0,1,0
14,16.0,4,4,10,1,161.17,Mobile Phone,Married,1,0,0,established_loyal,0,1,1-2 years,recent_new_customer,1,0,0,0-7 days,high_risk_tech,1,0,0,stable_low_risk,0,1,0,medium_value,11.512143,0,0,2,0
14,23.0,4,3,11,1,160.44,Mobile Phone,Married,0,0,0,established_loyal,0,1,1-2 years,recent_new_customer,1,0,0,0-7 days,high_risk_tech,1,0,0,stable_low_risk,0,1,0,medium_value,11.46,0,0,1,0
14,12.0,4,4,7,2,160.32,Laptop & Accessory,Single,1,0,0,established_loyal,0,1,1-2 years,recent_new_customer,1,0,0,0-7 days,low_risk_electronics,0,0,0,unstable_high_risk,1,0,0,medium_value,11.451429,0,0,2,0
14,9.0,5,3,8,1,159.48,Laptop & Accessory,Married,0,0,0,established_loyal,0,1,1-2 years,recent_new_customer,1,0,0,0-7 days,low_risk_electronics,0,0,0,stable_low_risk,0,1,0,medium_value,11.391428,0,0,0,0
14,9.0,4,5,6,3,158.77,Mobile Phone,Married,0,0,0,established_loyal,0,1,1-2 years,recent_new_customer,1,0,0,0-7 days,high_risk_tech,1,0,0,stable_low_risk,0,1,0,medium_value,11.340714,0,0,1,0
14,31.0,4,2,3,8,158.19,Laptop & Accessory,Married,0,0,0,established_loyal,0,1,1-2 years,active_low_risk,0,0,1,8-14 days,low_risk_electronics,0,0,0,stable_low_risk,0,1,0,medium_value,11.299286,0,0,0,0
14,31.0,4,1,3,8,158.19,Laptop & Accessory,Married,0,0,0,established_loyal,0,1,1-2 years,active_low_risk,0,0,1,8-14 days,low_risk_electronics,0,0,0,stable_low_risk,0,1,0,medium_value,11.299286,0,0,0,0
14,28.0,3,1,4,3,154.67,Laptop & Accessory,Married,1,0,0,established_loyal,0,1,1-2 years,recent_new_customer,1,0,0,0-7 days,low_risk_electronics,0,0,0,stable_low_risk,0,1,0,medium_value,11.047857,0,0,1,0
14,9.0,5,3,4,3,153.09,Mobile Phone,Single,0,0,0,established_loyal,0,1,1-2 years,recent_new_customer,1,0,0,0-7 days,high_risk_tech,1,0,0,unstable_high_risk,1,0,0,medium_value,10.934999,0,0,2,0
14,26.0,4,1,10,8,152.41,Laptop & Accessory,Married,1,0,0,established_loyal,0,1,1-2 years,active_low_risk,0,0,1,8-14 days,low_risk_electronics,0,0,0,stable_low_risk,0,1,0,medium_value,10.886429,0,0,1,0
14,26.0,4,2,10,8,152.41,Laptop & Accessory,Divorced,1,0,0,established_loyal,0,1,1-2 years,active_low_risk,0,0,1,8-14 days,low_risk_electronics,0,0,0,moderate_risk,0,0,1,medium_value,10.886429,0,0,1,0
14,10.0,5,3,3,3,151.83,Mobile Phone,Married,1,0,0,established_loyal,0,1,1-2 years,recent_new_customer,1,0,0,0-7 days,high_risk_tech,1,0,0,stable_low_risk,0,1,0,medium_value,10.845,0,0,2,1
14,13.0,3,3,7,1,150.03,Laptop & Accessory,Single,0,0,0,established_loyal,0,1,1-2 years,recent_new_customer,1,0,0,0-7 days,low_risk_electronics,0,0,0,unstable_high_risk,1,0,0,medium_value,10.716429,0,0,1,0
14,8.0,4,1,10,1,149.06,Mobile Phone,Married,0,0,0,established_loyal,0,1,1-2 years,recent_new_customer,1,0,0,0-7 days,high_risk_tech,1,0,0,stable_low_risk,0,1,0,low_value,10.647142,0,0,1,0
14,8.0,4,4,5,4,148.87,Mobile Phone,Married,0,0,0,established_loyal,0,1,1-2 years,recent_new_customer,1,0,0,0-7 days,high_risk_tech,1,0,0,stable_low_risk,0,1,0,low_value,10.633571,0,0,1,0
14,9.0,4,3,4,3,148.45,Mobile Phone,Married,0,0,0,established_loyal,0,1,1-2 years,recent_new_customer,1,0,0,0-7 days,high_risk_tech,1,0,0,stable_low_risk,0,1,0,low_value,10.603571,0,0,1,0
14,9.0,5,2,2,4,148.42,Mobile Phone,Single,1,0,0,established_loyal,0,1,1-2 years,recent_new_customer,1,0,0,0-7 days,high_risk_tech,1,0,0,unstable_high_risk,1,0,0,low_value,10.601428,0,0,3,0
14,18.0,3,2,4,0,147.66,Mobile Phone,Divorced,1,0,0,established_loyal,0,1,1-2 years,recent_new_customer,1,0,0,0-7 days,high_risk_tech,1,0,0,moderate_risk,0,0,1,low_value,10.547143,0,0,2,0
14,12.0,3,5,3,17,147.21,Mobile Phone,Single,1,0,0,established_loyal,0,1,1-2 years,stable_lowest_risk,0,0,1,15-30 days,high_risk_tech,1,0,0,unstable_high_risk,1,0,0,low_value,10.515,0,0,3,0
14,17.0,2,3,5,8,147.13,Mobile Phone,Married,1,0,0,established_loyal,0,1,1-2 years,active_low_risk,0,0,1,8-14 days,high_risk_tech,1,0,0,stable_low_risk,0,1,0,low_value,10.509286,0,0,2,0
14,9.0,4,3,4,3,145.01,Mobile Phone,Married,0,0,0,established_loyal,0,1,1-2 years,recent_new_customer,1,0,0,0-7 days,high_risk_tech,1,0,0,stable_low_risk,0,1,0,low_value,10.357857,0,0,1,0
14,14.0,3,4,6,4,143.93,Laptop & Accessory,Married,0,0,0,established_loyal,0,1,1-2 years,recent_new_customer,1,0,0,0-7 days,low_risk_electronics,0,0,0,stable_low_risk,0,1,0,low_value,10.280714,0,0,0,0
14,7.0,3,5,1,7,141.03,Laptop & Accessory,Married,0,0,0,established_loyal,0,1,1-2 years,recent_new_customer,1,0,0,0-7 days,low_risk_electronics,0,0,0,stable_low_risk,0,1,0,low_value,10.073571,0,0,0,0
14,6.0,3,5,1,7,141.03,Laptop & Accessory,Married,0,0,0,established_loyal,0,1,1-2 years,recent_new_customer,1,0,0,0-7 days,low_risk_electronics,0,0,0,stable_low_risk,0,1,0,low_value,10.073571,0,0,0,0
14,13.0,1,3,2,8,133.76,Mobile,Married,0,0,0,established_loyal,0,1,1-2 years,active_low_risk,0,0,1,8-14 days,high_risk_tech,1,0,0,stable_low_risk,0,1,0,low_value,9.554285,0,0,1,0
14,25.0,3,5,3,0,130.72,Laptop & Accessory,Married,0,0,0,established_loyal,0,1,1-2 years,recent_new_customer,1,0,0,0-7 days,low_risk_electronics,0,0,0,stable_low_risk,0,1,0,low_value,9.337143,0,0,0,0
14,7.0,3,1,4,0,127.82,Mobile,Married,0,0,0,established_loyal,0,1,1-2 years,recent_new_customer,1,0,0,0-7 days,high_risk_tech,1,0,0,stable_low_risk,0,1,0,low_value,9.13,0,0,1,0
14,14.0,3,3,10,7,124.61,Mobile,Divorced,1,0,0,established_loyal,0,1,1-2 years,recent_new_customer,1,0,0,0-7 days,high_risk_tech,1,0,0,moderate_risk,0,0,1,low_value,8.900714,0,0,2,1
14,14.0,3,3,5,8,124.51,Mobile,Married,0,0,0,established_loyal,0,1,1-2 years,active_low_risk,0,0,1,8-14 days,high_risk_tech,1,0,0,stable_low_risk,0,1,0,low_value,8.893572,0,0,1,0
13,16.0,4,1,4,4,319.31,Others,Single,0,0,0,established_loyal,0,1,1-2 years,recent_new_customer,1,0,0,0-7 days,low_risk_other,0,0,0,unstable_high_risk,1,0,0,high_value,24.562307,1,0,1,0
13,6.0,5,2,3,4,317.72,Others,Divorced,0,0,0,established_loyal,0,1,1-2 years,recent_new_customer,1,0,0,0-7 days,low_risk_other,0,0,0,moderate_risk,0,0,1,high_value,24.44,1,0,0,0
13,7.0,4,3,3,7,316.97,Others,Married,1,0,0,established_loyal,0,1,1-2 years,recent_new_customer,1,0,0,0-7 days,low_risk_other,0,0,0,stable_low_risk,0,1,0,high_value,24.382307,1,0,1,0
13,13.0,3,4,2,8,298.33,Others,Single,0,0,0,established_loyal,0,1,1-2 years,active_low_risk,0,0,1,8-14 days,low_risk_other,0,0,0,unstable_high_risk,1,0,0,medium_value,22.94846,0,0,1,0
13,20.0,4,3,2,9,296.26,Others,Single,0,0,0,established_loyal,0,1,1-2 years,active_low_risk,0,0,1,8-14 days,low_risk_other,0,0,0,unstable_high_risk,1,0,0,medium_value,22.789232,0,0,1,0
13,20.0,5,4,8,3,296.23,Grocery,Married,1,0,0,established_loyal,0,1,1-2 years,recent_new_customer,1,0,0,0-7 days,lowest_risk_grocery,0,1,0,stable_low_risk,0,1,0,medium_value,22.786924,0,0,1,0
13,17.0,4,5,3,11,295.68,Grocery,Divorced,1,0,0,established_loyal,0,1,1-2 years,active_low_risk,0,0,1,8-14 days,lowest_risk_grocery,0,1,0,moderate_risk,0,0,1,medium_value,22.744616,0,0,1,0
13,8.0,3,3,1,9,294.36,Others,Married,0,0,0,established_loyal,0,1,1-2 years,active_low_risk,0,0,1,8-14 days,low_risk_other,0,0,0,stable_low_risk,0,1,0,medium_value,22.643076,0,0,0,0
13,10.0,3,3,2,9,290.33,Others,Divorced,0,0,0,established_loyal,0,1,1-2 years,active_low_risk,0,0,1,8-14 days,low_risk_other,0,0,0,moderate_risk,0,0,1,medium_value,22.333076,0,0,0,0
13,8.0,3,3,1,12,280.41,Others,Divorced,0,0,0,established_loyal,0,1,1-2 years,active_low_risk,0,0,1,8-14 days,low_risk_other,0,0,0,moderate_risk,0,0,1,medium_value,21.57,0,0,0,0
13,8.0,3,3,1,12,280.41,Others,Married,0,0,0,established_loyal,0,1,1-2 years,active_low_risk,0,0,1,8-14 days,low_risk_other,0,0,0,stable_low_risk,0,1,0,medium_value,21.57,0,0,0,0
13,7.0,3,5,3,16,268.23,Grocery,Married,0,0,0,established_loyal,0,1,1-2 years,stable_lowest_risk,0,0,1,15-30 days,lowest_risk_grocery,0,1,0,stable_low_risk,0,1,0,medium_value,20.633078,0,0,0,0
13,12.0,3,1,2,7,264.37,Grocery,Single,1,0,0,established_loyal,0,1,1-2 years,recent_new_customer,1,0,0,0-7 days,lowest_risk_grocery,0,1,0,unstable_high_risk,1,0,0,medium_value,20.336153,0,0,2,0
13,17.0,4,3,9,3,259.64,Fashion,Single,0,0,0,established_loyal,0,1,1-2 years,recent_new_customer,1,0,0,0-7 days,moderate_risk_fashion,0,0,1,unstable_high_risk,1,0,0,medium_value,19.97231,0,0,1,0
13,22.0,4,5,2,11,258.41,Grocery,Single,0,0,0,established_loyal,0,1,1-2 years,active_low_risk,0,0,1,8-14 days,lowest_risk_grocery,0,1,0,unstable_high_risk,1,0,0,medium_value,19.877693,0,0,1,0
13,7.0,5,1,3,9,252.42,Grocery,Married,0,0,0,established_loyal,0,1,1-2 years,active_low_risk,0,0,1,8-14 days,lowest_risk_grocery,0,1,0,stable_low_risk,0,1,0,medium_value,19.416924,0,0,0,0
13,31.0,5,1,2,7,245.31,Grocery,Married,0,0,0,established_loyal,0,1,1-2 years,recent_new_customer,1,0,0,0-7 days,lowest_risk_grocery,0,1,0,stable_low_risk,0,1,0,medium_value,18.869999,0,0,0,0
13,14.0,4,4,3,8,237.57,Fashion,Married,0,0,0,established_loyal,0,1,1-2 years,active_low_risk,0,0,1,8-14 days,moderate_risk_fashion,0,0,1,stable_low_risk,0,1,0,medium_value,18.274616,0,0,0,0
13,6.0,4,4,2,11,235.03,Grocery,Married,0,0,0,established_loyal,0,1,1-2 years,active_low_risk,0,0,1,8-14 days,lowest_risk_grocery,0,1,0,stable_low_risk,0,1,0,medium_value,18.079231,0,0,0,0
13,15.0,3,3,10,13,234.99,Fashion,Single,0,0,0,established_loyal,0,1,1-2 years,active_low_risk,0,0,1,8-14 days,moderate_risk_fashion,0,0,1,unstable_high_risk,1,0,0,medium_value,18.076155,0,0,1,0
13,9.0,4,3,2,9,234.38,Fashion,Single,0,0,0,established_loyal,0,1,1-2 years,active_low_risk,0,0,1,8-14 days,moderate_risk_fashion,0,0,1,unstable_high_risk,1,0,0,medium_value,18.029232,0,0,1,0
13,29.0,4,5,3,9,233.8,Fashion,Single,1,0,0,established_loyal,0,1,1-2 years,active_low_risk,0,0,1,8-14 days,moderate_risk_fashion,0,0,1,unstable_high_risk,1,0,0,medium_value,17.984615,0,0,2,0
13,12.0,3,3,8,13,232.37,Grocery,Single,0,0,0,established_loyal,0,1,1-2 years,active_low_risk,0,0,1,8-14 days,lowest_risk_grocery,0,1,0,unstable_high_risk,1,0,0,medium_value,17.874615,0,0,1,0
13,7.0,2,1,2,47,221.13,Fashion,Married,0,1,0,established_loyal,0,1,1-2 years,dormant_high_risk,0,1,0,31+ days,moderate_risk_fashion,0,0,1,stable_low_risk,0,1,0,medium_value,17.01,0,0,1,0
13,7.0,3,2,2,47,221.13,Fashion,Married,0,1,0,established_loyal,0,1,1-2 years,dormant_high_risk,0,1,0,31+ days,moderate_risk_fashion,0,0,1,stable_low_risk,0,1,0,medium_value,17.01,0,0,1,0
13,13.0,4,4,6,3,208.76,Fashion,Single,0,0,0,established_loyal,0,1,1-2 years,recent_new_customer,1,0,0,0-7 days,moderate_risk_fashion,0,0,1,unstable_high_risk,1,0,0,medium_value,16.05846,0,0,1,0
13,10.0,4,1,8,11,208.55,Fashion,Married,0,0,0,established_loyal,0,1,1-2 years,active_low_risk,0,0,1,8-14 days,moderate_risk_fashion,0,0,1,stable_low_risk,0,1,0,medium_value,16.042309,0,0,0,0
13,13.0,2,3,4,7,207.37,Fashion,Married,0,0,0,established_loyal,0,1,1-2 years,recent_new_customer,1,0,0,0-7 days,moderate_risk_fashion,0,0,1,stable_low_risk,0,1,0,medium_value,15.951538,0,0,0,0
13,11.0,4,5,6,12,204.75,Fashion,Divorced,1,0,0,established_loyal,0,1,1-2 years,active_low_risk,0,0,1,8-14 days,moderate_risk_fashion,0,0,1,moderate_risk,0,0,1,medium_value,15.75,0,0,1,0
13,11.0,4,5,6,12,204.75,Fashion,Married,1,0,0,established_loyal,0,1,1-2 years,active_low_risk,0,0,1,8-14 days,moderate_risk_fashion,0,0,1,stable_low_risk,0,1,0,medium_value,15.75,0,0,1,0
13,21.0,4,3,2,12,204.35,Fashion,Married,0,0,0,established_loyal,0,1,1-2 years,active_low_risk,0,0,1,8-14 days,moderate_risk_fashion,0,0,1,stable_low_risk,0,1,0,medium_value,15.719232,0,0,0,0
13,9.0,2,3,2,8,203.8,Fashion,Single,0,0,0,established_loyal,0,1,1-2 years,active_low_risk,0,0,1,8-14 days,moderate_risk_fashion,0,0,1,unstable_high_risk,1,0,0,medium_value,15.676924,0,0,1,0
13,26.0,3,1,5,1,203.22,Fashion,Married,0,0,0,established_loyal,0,1,1-2 years,recent_new_customer,1,0,0,0-7 days,moderate_risk_fashion,0,0,1,stable_low_risk,0,1,0,medium_value,15.632308,0,0,0,0
13,18.0,4,2,3,8,201.54,Fashion,Divorced,0,0,0,established_loyal,0,1,1-2 years,active_low_risk,0,0,1,8-14 days,moderate_risk_fashion,0,0,1,moderate_risk,0,0,1,medium_value,15.503077,0,0,0,1
13,18.0,4,1,3,8,201.54,Fashion,Married,0,0,0,established_loyal,0,1,1-2 years,active_low_risk,0,0,1,8-14 days,moderate_risk_fashion,0,0,1,stable_low_risk,0,1,0,medium_value,15.503077,0,0,0,1
13,16.0,4,4,22,4,192.82,Laptop & Accessory,Single,0,0,0,established_loyal,0,1,1-2 years,recent_new_customer,1,0,0,0-7 days,low_risk_electronics,0,0,0,unstable_high_risk,1,0,0,medium_value,14.832308,0,0,1,0
13,8.0,4,1,3,9,189.72,Laptop & Accessory,Married,1,0,0,established_loyal,0,1,1-2 years,active_low_risk,0,0,1,8-14 days,low_risk_electronics,0,0,0,stable_low_risk,0,1,0,medium_value,14.593846,0,0,1,0
13,10.0,3,4,11,7,188.89,Laptop & Accessory,Divorced,0,0,0,established_loyal,0,1,1-2 years,recent_new_customer,1,0,0,0-7 days,low_risk_electronics,0,0,0,moderate_risk,0,0,1,medium_value,14.53,0,0,0,0
13,10.0,2,4,11,7,188.89,Laptop & Accessory,Married,0,0,0,established_loyal,0,1,1-2 years,recent_new_customer,1,0,0,0-7 days,low_risk_electronics,0,0,0,stable_low_risk,0,1,0,medium_value,14.53,0,0,0,0
13,28.0,5,2,5,5,186.2,Laptop & Accessory,Divorced,1,0,0,established_loyal,0,1,1-2 years,recent_new_customer,1,0,0,0-7 days,low_risk_electronics,0,0,0,moderate_risk,0,0,1,medium_value,14.323076,0,0,1,0
13,28.0,5,1,5,5,186.2,Laptop & Accessory,Married,1,0,0,established_loyal,0,1,1-2 years,recent_new_customer,1,0,0,0-7 days,low_risk_electronics,0,0,0,stable_low_risk,0,1,0,medium_value,14.323076,0,0,1,0
13,11.0,5,3,6,10,184.02,Laptop & Accessory,Married,0,0,0,established_loyal,0,1,1-2 years,active_low_risk,0,0,1,8-14 days,low_risk_electronics,0,0,0,stable_low_risk,0,1,0,medium_value,14.155385,0,0,0,0
13,32.0,3,5,2,5,183.96,Laptop & Accessory,Married,0,0,0,established_loyal,0,1,1-2 years,recent_new_customer,1,0,0,0-7 days,low_risk_electronics,0,0,0,stable_low_risk,0,1,0,medium_value,14.15077,0,0,0,0
13,32.0,3,5,2,5,183.96,Laptop & Accessory,Divorced,0,0,0,established_loyal,0,1,1-2 years,recent_new_customer,1,0,0,0-7 days,low_risk_electronics,0,0,0,moderate_risk,0,0,1,medium_value,14.15077,0,0,0,0
13,28.0,6,3,8,3,182.36,Laptop & Accessory,Married,0,0,0,established_loyal,0,1,1-2 years,recent_new_customer,1,0,0,0-7 days,low_risk_electronics,0,0,0,stable_low_risk,0,1,0,medium_value,14.027693,0,0,0,0
13,22.0,3,1,7,3,179.45,Fashion,Single,1,0,0,established_loyal,0,1,1-2 years,recent_new_customer,1,0,0,0-7 days,moderate_risk_fashion,0,0,1,unstable_high_risk,1,0,0,medium_value,13.803846,0,0,2,0
13,17.0,4,5,4,8,178.77,Laptop & Accessory,Married,0,0,0,established_loyal,0,1,1-2 years,active_low_risk,0,0,1,8-14 days,low_risk_electronics,0,0,0,stable_low_risk,0,1,0,medium_value,13.751539,0,0,0,0
13,19.0,4,4,6,1,177.95,Laptop & Accessory,Married,0,0,0,established_loyal,0,1,1-2 years,recent_new_customer,1,0,0,0-7 days,low_risk_electronics,0,0,0,stable_low_risk,0,1,0,medium_value,13.688461,0,0,0,0
13,9.0,5,2,10,5,177.04,Laptop & Accessory,Divorced,0,0,0,established_loyal,0,1,1-2 years,recent_new_customer,1,0,0,0-7 days,low_risk_electronics,0,0,0,moderate_risk,0,0,1,medium_value,13.618461,0,0,0,0
13,16.0,4,5,3,10,176.51,Laptop & Accessory,Married,0,0,0,established_loyal,0,1,1-2 years,active_low_risk,0,0,1,8-14 days,low_risk_electronics,0,0,0,stable_low_risk,0,1,0,medium_value,13.577692,0,0,0,0
13,11.0,4,3,2,9,175.42,Laptop & Accessory,Single,0,0,0,established_loyal,0,1,1-2 years,active_low_risk,0,0,1,8-14 days,low_risk_electronics,0,0,0,unstable_high_risk,1,0,0,medium_value,13.493846,0,0,1,0
13,9.0,5,3,3,11,170.53,Laptop & Accessory,Single,0,0,0,established_loyal,0,1,1-2 years,active_low_risk,0,0,1,8-14 days,low_risk_electronics,0,0,0,unstable_high_risk,1,0,0,medium_value,13.117692,0,0,1,0
13,25.0,4,3,2,8,170.34,Laptop & Accessory,Single,0,0,0,established_loyal,0,1,1-2 years,active_low_risk,0,0,1,8-14 days,low_risk_electronics,0,0,0,unstable_high_risk,1,0,0,medium_value,13.103077,0,0,1,0
13,16.0,4,4,8,3,168.52,Laptop & Accessory,Married,0,0,0,established_loyal,0,1,1-2 years,recent_new_customer,1,0,0,0-7 days,low_risk_electronics,0,0,0,stable_low_risk,0,1,0,medium_value,12.963078,0,0,0,0
13,14.0,3,3,4,3,167.96,Laptop & Accessory,Married,1,0,0,established_loyal,0,1,1-2 years,recent_new_customer,1,0,0,0-7 days,low_risk_electronics,0,0,0,stable_low_risk,0,1,0,medium_value,12.92,0,0,1,1
13,14.0,3,3,4,3,167.96,Laptop & Accessory,Divorced,1,0,0,established_loyal,0,1,1-2 years,recent_new_customer,1,0,0,0-7 days,low_risk_electronics,0,0,0,moderate_risk,0,0,1,medium_value,12.92,0,0,1,1
13,35.0,5,5,5,4,167.84,Laptop & Accessory,Single,0,0,0,established_loyal,0,1,1-2 years,recent_new_customer,1,0,0,0-7 days,low_risk_electronics,0,0,0,unstable_high_risk,1,0,0,medium_value,12.9107685,0,0,1,1
13,27.0,4,1,4,3,166.27,Laptop & Accessory,Married,0,0,0,established_loyal,0,1,1-2 years,recent_new_customer,1,0,0,0-7 days,low_risk_electronics,0,0,0,stable_low_risk,0,1,0,medium_value,12.79,0,0,0,0
13,31.0,4,1,9,8,166.08,Laptop & Accessory,Single,0,0,0,established_loyal,0,1,1-2 years,active_low_risk,0,0,1,8-14 days,low_risk_electronics,0,0,0,unstable_high_risk,1,0,0,medium_value,12.775385,0,0,1,0
13,14.0,3,5,3,0,165.16,Laptop & Accessory,Married,1,0,0,established_loyal,0,1,1-2 years,recent_new_customer,1,0,0,0-7 days,low_risk_electronics,0,0,0,stable_low_risk,0,1,0,medium_value,12.704616,0,0,1,0
13,7.0,3,1,5,3,165.13,Laptop & Accessory,Married,0,0,0,established_loyal,0,1,1-2 years,recent_new_customer,1,0,0,0-7 days,low_risk_electronics,0,0,0,stable_low_risk,0,1,0,medium_value,12.702308,0,0,0,0
13,6.0,3,1,5,3,165.13,Laptop & Accessory,Married,0,0,0,established_loyal,0,1,1-2 years,recent_new_customer,1,0,0,0-7 days,low_risk_electronics,0,0,0,stable_low_risk,0,1,0,medium_value,12.702308,0,0,0,0
13,26.0,4,1,10,3,164.02,Laptop & Accessory,Married,0,0,0,established_loyal,0,1,1-2 years,recent_new_customer,1,0,0,0-7 days,low_risk_electronics,0,0,0,stable_low_risk,0,1,0,medium_value,12.616923,0,0,0,0
13,8.0,1,3,6,8,163.77,Laptop & Accessory,Married,0,0,0,established_loyal,0,1,1-2 years,active_low_risk,0,0,1,8-14 days,low_risk_electronics,0,0,0,stable_low_risk,0,1,0,medium_value,12.5976925,0,0,0,0
13,15.0,4,3,3,8,162.55,Mobile Phone,Divorced,0,0,0,established_loyal,0,1,1-2 years,active_low_risk,0,0,1,8-14 days,high_risk_tech,1,0,0,moderate_risk,0,0,1,medium_value,12.503846,0,0,1,0
13,15.0,4,3,3,8,162.55,Mobile Phone,Married,0,0,0,established_loyal,0,1,1-2 years,active_low_risk,0,0,1,8-14 days,high_risk_tech,1,0,0,stable_low_risk,0,1,0,medium_value,12.503846,0,0,1,0
13,8.0,3,4,8,3,157.15,Laptop & Accessory,Married,0,0,0,established_loyal,0,1,1-2 years,recent_new_customer,1,0,0,0-7 days,low_risk_electronics,0,0,0,stable_low_risk,0,1,0,medium_value,12.088461,0,0,0,0
13,8.0,3,4,4,10,156.77,Laptop & Accessory,Married,0,0,0,established_loyal,0,1,1-2 years,active_low_risk,0,0,1,8-14 days,low_risk_electronics,0,0,0,stable_low_risk,0,1,0,medium_value,12.059231,0,0,0,0
13,32.0,3,4,2,13,156.05,Laptop & Accessory,Married,0,0,0,established_loyal,0,1,1-2 years,active_low_risk,0,0,1,8-14 days,low_risk_electronics,0,0,0,stable_low_risk,0,1,0,medium_value,12.003846,0,0,0,0
13,10.0,5,3,2,8,155.69,Laptop & Accessory,Married,0,0,0,established_loyal,0,1,1-2 years,active_low_risk,0,0,1,8-14 days,low_risk_electronics,0,0,0,stable_low_risk,0,1,0,medium_value,11.976154,0,0,0,0
13,15.0,3,5,1,1,154.73,Laptop & Accessory,Married,0,0,0,established_loyal,0,1,1-2 years,recent_new_customer,1,0,0,0-7 days,low_risk_electronics,0,0,0,stable_low_risk,0,1,0,medium_value,11.9023075,0,0,0,0
13,22.0,4,3,7,0,150.94,Laptop & Accessory,Single,0,0,0,established_loyal,0,1,1-2 years,recent_new_customer,1,0,0,0-7 days,low_risk_electronics,0,0,0,unstable_high_risk,1,0,0,medium_value,11.610769,0,0,1,0
13,15.0,4,2,10,2,148.76,Laptop & Accessory,Divorced,0,0,0,established_loyal,0,1,1-2 years,recent_new_customer,1,0,0,0-7 days,low_risk_electronics,0,0,0,moderate_risk,0,0,1,low_value,11.443076,0,0,0,0
13,15.0,4,1,10,2,148.76,Laptop & Accessory,Married,0,0,0,established_loyal,0,1,1-2 years,recent_new_customer,1,0,0,0-7 days,low_risk_electronics,0,0,0,stable_low_risk,0,1,0,low_value,11.443076,0,0,0,0
13,7.0,4,3,9,3,147.32,Mobile Phone,Married,0,0,0,established_loyal,0,1,1-2 years,recent_new_customer,1,0,0,0-7 days,high_risk_tech,1,0,0,stable_low_risk,0,1,0,low_value,11.332308,0,0,1,0
13,6.0,3,3,4,0,147.28,Laptop & Accessory,Single,1,0,0,established_loyal,0,1,1-2 years,recent_new_customer,1,0,0,0-7 days,low_risk_electronics,0,0,0,unstable_high_risk,1,0,0,low_value,11.32923,0,0,2,1
13,8.0,3,1,2,8,146.61,Laptop & Accessory,Single,0,0,0,established_loyal,0,1,1-2 years,active_low_risk,0,0,1,8-14 days,low_risk_electronics,0,0,0,unstable_high_risk,1,0,0,low_value,11.277693,0,0,1,0
13,20.0,3,5,2,2,146.39,Laptop & Accessory,Married,0,0,0,established_loyal,0,1,1-2 years,recent_new_customer,1,0,0,0-7 days,low_risk_electronics,0,0,0,stable_low_risk,0,1,0,low_value,11.260769,0,0,0,0
13,18.0,3,5,3,7,144.48,Laptop & Accessory,Married,0,0,0,established_loyal,0,1,1-2 years,recent_new_customer,1,0,0,0-7 days,low_risk_electronics,0,0,0,stable_low_risk,0,1,0,low_value,11.113846,0,0,0,0
13,8.0,3,4,6,0,143.27,Laptop & Accessory,Divorced,0,0,0,established_loyal,0,1,1-2 years,recent_new_customer,1,0,0,0-7 days,low_risk_electronics,0,0,0,moderate_risk,0,0,1,low_value,11.020769,0,0,0,0
13,8.0,1,4,2,7,142.44,Laptop & Accessory,Married,0,0,0,established_loyal,0,1,1-2 years,recent_new_customer,1,0,0,0-7 days,low_risk_electronics,0,0,0,stable_low_risk,0,1,0,low_value,10.9569235,0,0,0,0
13,8.0,1,4,2,7,142.44,Laptop & Accessory,Divorced,0,0,0,established_loyal,0,1,1-2 years,recent_new_customer,1,0,0,0-7 days,low_risk_electronics,0,0,0,moderate_risk,0,0,1,low_value,10.9569235,0,0,0,0
13,14.0,3,1,4,2,140.69,Laptop & Accessory,Married,1,0,0,established_loyal,0,1,1-2 years,recent_new_customer,1,0,0,0-7 days,low_risk_electronics,0,0,0,stable_low_risk,0,1,0,low_value,10.822308,0,0,1,0
13,15.0,3,3,4,7,139.75,Laptop & Accessory,Married,0,0,0,established_loyal,0,1,1-2 years,recent_new_customer,1,0,0,0-7 days,low_risk_electronics,0,0,0,stable_low_risk,0,1,0,low_value,10.75,0,0,0,0
13,15.0,3,4,9,0,136.17,Mobile Phone,Married,1,0,0,established_loyal,0,1,1-2 years,recent_new_customer,1,0,0,0-7 days,high_risk_tech,1,0,0,stable_low_risk,0,1,0,low_value,10.474615,0,0,2,0
13,22.0,3,3,10,0,135.44,Mobile,Married,0,0,0,established_loyal,0,1,1-2 years,recent_new_customer,1,0,0,0-7 days,high_risk_tech,1,0,0,stable_low_risk,0,1,0,low_value,10.418462,0,0,1,0
13,8.0,4,3,7,0,134.48,Laptop & Accessory,Divorced,0,0,0,established_loyal,0,1,1-2 years,recent_new_customer,1,0,0,0-7 days,low_risk_electronics,0,0,0,moderate_risk,0,0,1,low_value,10.344615,0,0,0,0
13,8.0,3,5,5,2,133.77,Mobile,Married,0,0,0,established_loyal,0,1,1-2 years,recent_new_customer,1,0,0,0-7 days,high_risk_tech,1,0,0,stable_low_risk,0,1,0,low_value,10.29,0,0,1,0
13,30.0,3,1,2,7,133.19,Laptop & Accessory,Married,0,0,0,established_loyal,0,1,1-2 years,recent_new_customer,1,0,0,0-7 days,low_risk_electronics,0,0,0,stable_low_risk,0,1,0,low_value,10.245385,0,0,0,0
13,8.0,4,3,3,2,128.09,Mobile,Single,0,0,0,established_loyal,0,1,1-2 years,recent_new_customer,1,0,0,0-7 days,high_risk_tech,1,0,0,unstable_high_risk,1,0,0,low_value,9.853077,0,0,2,0
13,25.0,3,1,9,7,127.41,Laptop & Accessory,Married,1,0,0,established_loyal,0,1,1-2 years,recent_new_customer,1,0,0,0-7 days,low_risk_electronics,0,0,0,stable_low_risk,0,1,0,low_value,9.80077,0,0,1,0
13,25.0,3,2,9,7,127.41,Laptop & Accessory,Divorced,1,0,0,established_loyal,0,1,1-2 years,recent_new_customer,1,0,0,0-7 days,low_risk_electronics,0,0,0,moderate_risk,0,0,1,low_value,9.80077,0,0,1,0
13,9.0,4,3,2,2,126.83,Mobile,Married,1,0,0,established_loyal,0,1,1-2 years,recent_new_customer,1,0,0,0-7 days,high_risk_tech,1,0,0,stable_low_risk,0,1,0,low_value,9.756154,0,0,2,1
13,9.0,4,3,2,2,126.83,Mobile,Divorced,1,0,0,established_loyal,0,1,1-2 years,recent_new_customer,1,0,0,0-7 days,high_risk_tech,1,0,0,moderate_risk,0,0,1,low_value,9.756154,0,0,2,1
13,14.0,3,1,9,0,124.06,Mobile,Married,0,0,0,established_loyal,0,1,1-2 years,recent_new_customer,1,0,0,0-7 days,high_risk_tech,1,0,0,stable_low_risk,0,1,0,low_value,9.5430765,0,0,1,0
13,14.0,3,4,4,3,123.87,Mobile,Married,0,0,0,established_loyal,0,1,1-2 years,recent_new_customer,1,0,0,0-7 days,high_risk_tech,1,0,0,stable_low_risk,0,1,0,low_value,9.528461,0,0,1,0
13,14.0,3,3,3,2,123.45,Mobile,Married,0,0,0,established_loyal,0,1,1-2 years,recent_new_customer,1,0,0,0-7 days,high_risk_tech,1,0,0,stable_low_risk,0,1,0,low_value,9.496154,0,0,1,0
13,14.0,4,1,1,3,123.42,Mobile,Single,1,0,0,established_loyal,0,1,1-2 years,recent_new_customer,1,0,0,0-7 days,high_risk_tech,1,0,0,unstable_high_risk,1,0,0,low_value,9.493846,0,0,3,0
12,15.0,3,1,3,3,294.31,Others,Single,0,0,0,maturing_stable,0,0,7-12 months,recent_new_customer,1,0,0,0-7 days,low_risk_other,0,0,0,unstable_high_risk,1,0,0,medium_value,24.525833,0,0,1,0
12,13.0,4,1,2,3,292.72,Others,Married,0,0,0,maturing_stable,0,0,7-12 months,recent_new_customer,1,0,0,0-7 days,low_risk_other,0,0,0,stable_low_risk,0,1,0,medium_value,24.393333,0,0,0,0
12,5.0,4,2,2,3,292.72,Others,Divorced,0,0,0,maturing_stable,0,0,7-12 months,recent_new_customer,1,0,0,0-7 days,low_risk_other,0,0,0,moderate_risk,0,0,1,medium_value,24.393333,0,0,0,0
12,6.0,3,3,2,6,291.97,Others,Married,1,0,0,maturing_stable,0,0,7-12 months,recent_new_customer,1,0,0,0-7 days,low_risk_other,0,0,0,stable_low_risk,0,1,0,medium_value,24.330833,0,0,1,0
12,19.0,4,4,7,2,271.23,Grocery,Married,1,0,0,maturing_stable,0,0,7-12 months,recent_new_customer,1,0,0,0-7 days,lowest_risk_grocery,0,1,0,stable_low_risk,0,1,0,medium_value,22.6025,0,0,1,0
12,7.0,4,5,3,12,260.82,Fashion,Married,0,0,0,maturing_stable,0,0,7-12 months,active_low_risk,0,0,1,8-14 days,moderate_risk_fashion,0,0,1,stable_low_risk,0,1,0,medium_value,21.735,0,0,0,0
12,32.0,5,4,5,2,245.61,Fashion,Divorced,0,0,0,maturing_stable,0,0,7-12 months,recent_new_customer,1,0,0,0-7 days,moderate_risk_fashion,0,0,1,moderate_risk,0,0,1,medium_value,20.4675,0,0,0,0
12,32.0,5,4,5,2,245.61,Fashion,Married,0,0,0,maturing_stable,0,0,7-12 months,recent_new_customer,1,0,0,0-7 days,moderate_risk_fashion,0,0,1,stable_low_risk,0,1,0,medium_value,20.4675,0,0,0,0
12,22.0,5,1,2,10,240.1,Fashion,Married,1,0,0,maturing_stable,0,0,7-12 months,active_low_risk,0,0,1,8-14 days,moderate_risk_fashion,0,0,1,stable_low_risk,0,1,0,medium_value,20.008333,0,0,1,0
12,16.0,3,3,8,2,234.64,Fashion,Single,0,0,0,maturing_stable,0,0,7-12 months,recent_new_customer,1,0,0,0-7 days,moderate_risk_fashion,0,0,1,unstable_high_risk,1,0,0,medium_value,19.553333,0,0,1,0
12,21.0,3,5,1,10,233.41,Grocery,Single,0,0,0,maturing_stable,0,0,7-12 months,active_low_risk,0,0,1,8-14 days,lowest_risk_grocery,0,1,0,unstable_high_risk,1,0,0,medium_value,19.450834,0,0,1,0
12,10.0,4,3,2,47,231.09,Fashion,Married,0,1,0,maturing_stable,0,0,7-12 months,dormant_high_risk,0,1,0,31+ days,moderate_risk_fashion,0,0,1,stable_low_risk,0,1,0,medium_value,19.2575,0,0,1,0
12,6.0,4,1,2,47,227.42,Grocery,Married,0,1,0,maturing_stable,0,0,7-12 months,dormant_high_risk,0,1,0,31+ days,lowest_risk_grocery,0,1,0,stable_low_risk,0,1,0,medium_value,18.951666,0,0,1,0
12,21.0,4,4,2,47,224.24,Laptop & Accessory,Married,0,1,0,maturing_stable,0,0,7-12 months,dormant_high_risk,0,1,0,31+ days,low_risk_electronics,0,0,0,stable_low_risk,0,1,0,medium_value,18.686666,0,0,1,0
12,30.0,4,1,1,47,220.31,Grocery,Married,0,1,0,maturing_stable,0,0,7-12 months,dormant_high_risk,0,1,0,31+ days,lowest_risk_grocery,0,1,0,stable_low_risk,0,1,0,medium_value,18.359167,0,0,1,0
12,30.0,5,3,2,47,220.26,Fashion,Single,0,1,0,maturing_stable,0,0,7-12 months,dormant_high_risk,0,1,0,31+ days,moderate_risk_fashion,0,0,1,unstable_high_risk,1,0,0,medium_value,18.355,0,0,2,0
12,7.0,5,1,6,47,211.86,Laptop & Accessory,Single,0,1,0,maturing_stable,0,0,7-12 months,dormant_high_risk,0,1,0,31+ days,low_risk_electronics,0,0,0,unstable_high_risk,1,0,0,medium_value,17.655,0,0,2,0
12,7.0,5,2,6,47,211.86,Laptop & Accessory,Single,0,1,0,maturing_stable,0,0,7-12 months,dormant_high_risk,0,1,0,31+ days,low_risk_electronics,0,0,0,unstable_high_risk,1,0,0,medium_value,17.655,0,0,2,0
12,8.0,3,3,1,47,209.38,Fashion,Single,0,1,0,maturing_stable,0,0,7-12 months,dormant_high_risk,0,1,0,31+ days,moderate_risk_fashion,0,0,1,unstable_high_risk,1,0,0,medium_value,17.448334,0,0,2,0
12,28.0,3,5,2,8,208.8,Fashion,Single,1,0,0,maturing_stable,0,0,7-12 months,active_low_risk,0,0,1,8-14 days,moderate_risk_fashion,0,0,1,unstable_high_risk,1,0,0,medium_value,17.4,0,0,2,0
12,7.0,4,3,6,1,203.61,Fashion,Single,1,0,0,maturing_stable,0,0,7-12 months,recent_new_customer,1,0,0,0-7 days,moderate_risk_fashion,0,0,1,unstable_high_risk,1,0,0,medium_value,16.9675,0,0,2,0
12,9.0,5,3,5,3,202.56,Fashion,Married,1,0,0,maturing_stable,0,0,7-12 months,recent_new_customer,1,0,0,0-7 days,moderate_risk_fashion,0,0,1,stable_low_risk,0,1,0,medium_value,16.88,0,0,1,0
12,7.0,3,2,2,9,201.25,Laptop & Accessory,Single,0,0,0,maturing_stable,0,0,7-12 months,active_low_risk,0,0,1,8-14 days,low_risk_electronics,0,0,0,unstable_high_risk,1,0,0,medium_value,16.770834,0,0,1,0
12,12.0,4,5,5,7,199.91,Fashion,Married,0,0,0,maturing_stable,0,0,7-12 months,recent_new_customer,1,0,0,0-7 days,moderate_risk_fashion,0,0,1,stable_low_risk,0,1,0,medium_value,16.659166,0,0,0,0
12,9.0,4,4,9,1,198.51,Fashion,Single,0,0,0,maturing_stable,0,0,7-12 months,recent_new_customer,1,0,0,0-7 days,moderate_risk_fashion,0,0,1,unstable_high_risk,1,0,0,medium_value,16.5425,0,0,1,0
12,6.0,2,2,1,7,196.13,Fashion,Married,0,0,0,maturing_stable,0,0,7-12 months,recent_new_customer,1,0,0,0-7 days,moderate_risk_fashion,0,0,1,stable_low_risk,0,1,0,medium_value,16.344168,0,0,0,0
12,6.0,1,1,1,7,196.13,Fashion,Married,0,0,0,maturing_stable,0,0,7-12 months,recent_new_customer,1,0,0,0-7 days,moderate_risk_fashion,0,0,1,stable_low_risk,0,1,0,medium_value,16.344168,0,0,0,0
12,9.0,4,5,5,8,193.93,Laptop & Accessory,Married,0,0,0,maturing_stable,0,0,7-12 months,active_low_risk,0,0,1,8-14 days,low_risk_electronics,0,0,0,stable_low_risk,0,1,0,medium_value,16.160833,0,0,0,0
12,10.0,4,2,10,1,193.61,Laptop & Accessory,Single,1,0,0,maturing_stable,0,0,7-12 months,recent_new_customer,1,0,0,0-7 days,low_risk_electronics,0,0,0,unstable_high_risk,1,0,0,medium_value,16.134167,0,0,2,0
12,19.0,5,5,4,3,187.88,Laptop & Accessory,Married,0,0,0,maturing_stable,0,0,7-12 months,recent_new_customer,1,0,0,0-7 days,low_risk_electronics,0,0,0,stable_low_risk,0,1,0,medium_value,15.656667,0,0,0,0
12,36.0,4,2,5,8,187.61,Laptop & Accessory,Divorced,0,0,0,maturing_stable,0,0,7-12 months,active_low_risk,0,0,1,8-14 days,low_risk_electronics,0,0,0,moderate_risk,0,0,1,medium_value,15.634167,0,0,0,0
12,17.0,4,3,5,3,185.77,Laptop & Accessory,Married,0,0,0,maturing_stable,0,0,7-12 months,recent_new_customer,1,0,0,0-7 days,low_risk_electronics,0,0,0,stable_low_risk,0,1,0,medium_value,15.480834,0,0,0,0
12,9.0,2,5,8,13,184.8,Laptop & Accessory,Single,1,0,0,maturing_stable,0,0,7-12 months,active_low_risk,0,0,1,8-14 days,low_risk_electronics,0,0,0,unstable_high_risk,1,0,0,medium_value,15.400001,0,0,2,0
12,12.0,3,4,5,2,183.76,Fashion,Single,0,0,0,maturing_stable,0,0,7-12 months,recent_new_customer,1,0,0,0-7 days,moderate_risk_fashion,0,0,1,unstable_high_risk,1,0,0,medium_value,15.313333,0,0,1,0
12,25.0,6,1,5,1,183.11,Laptop & Accessory,Married,1,0,0,maturing_stable,0,0,7-12 months,recent_new_customer,1,0,0,0-7 days,low_risk_electronics,0,0,0,stable_low_risk,0,1,0,medium_value,15.259167,0,0,1,0
12,30.0,4,2,11,3,182.45,Laptop & Accessory,Married,0,0,0,maturing_stable,0,0,7-12 months,recent_new_customer,1,0,0,0-7 days,low_risk_electronics,0,0,0,stable_low_risk,0,1,0,medium_value,15.204166,0,0,0,0
12,30.0,4,1,11,3,182.45,Laptop & Accessory,Married,0,0,0,maturing_stable,0,0,7-12 months,recent_new_customer,1,0,0,0-7 days,low_risk_electronics,0,0,0,stable_low_risk,0,1,0,medium_value,15.204166,0,0,0,0
12,12.0,1,3,3,6,182.37,Fashion,Married,0,0,0,maturing_stable,0,0,7-12 months,recent_new_customer,1,0,0,0-7 days,moderate_risk_fashion,0,0,1,stable_low_risk,0,1,0,medium_value,15.197499,0,0,0,0
12,17.0,4,2,3,4,181.66,Laptop & Accessory,Single,1,0,0,maturing_stable,0,0,7-12 months,recent_new_customer,1,0,0,0-7 days,low_risk_electronics,0,0,0,unstable_high_risk,1,0,0,medium_value,15.138333,0,0,2,0
12,17.0,4,1,3,4,181.66,Laptop & Accessory,Single,1,0,0,maturing_stable,0,0,7-12 months,recent_new_customer,1,0,0,0-7 days,low_risk_electronics,0,0,0,unstable_high_risk,1,0,0,medium_value,15.138333,0,0,2,0
12,14.0,3,5,3,8,181.05,Laptop & Accessory,Married,1,0,0,maturing_stable,0,0,7-12 months,active_low_risk,0,0,1,8-14 days,low_risk_electronics,0,0,0,stable_low_risk,0,1,0,medium_value,15.087501,0,0,1,0
12,14.0,2,5,3,8,181.05,Laptop & Accessory,Married,1,0,0,maturing_stable,0,0,7-12 months,active_low_risk,0,0,1,8-14 days,low_risk_electronics,0,0,0,stable_low_risk,0,1,0,medium_value,15.087501,0,0,1,0
12,9.0,6,1,4,4,179.05,Laptop & Accessory,Married,1,0,0,maturing_stable,0,0,7-12 months,recent_new_customer,1,0,0,0-7 days,low_risk_electronics,0,0,0,stable_low_risk,0,1,0,medium_value,14.920834,0,0,1,0
12,7.0,5,3,11,1,178.81,Fashion,Single,1,0,0,maturing_stable,0,0,7-12 months,recent_new_customer,1,0,0,0-7 days,moderate_risk_fashion,0,0,1,unstable_high_risk,1,0,0,medium_value,14.900833,0,0,2,1
12,8.0,1,3,1,7,178.8,Fashion,Single,0,0,0,maturing_stable,0,0,7-12 months,recent_new_customer,1,0,0,0-7 days,moderate_risk_fashion,0,0,1,unstable_high_risk,1,0,0,medium_value,14.900001,0,0,1,0
12,17.0,4,1,3,10,178.43,Laptop & Accessory,Married,0,0,0,maturing_stable,0,0,7-12 months,active_low_risk,0,0,1,8-14 days,low_risk_electronics,0,0,0,stable_low_risk,0,1,0,medium_value,14.869166,0,0,0,0
12,13.0,5,3,4,8,178.21,Laptop & Accessory,Married,0,0,0,maturing_stable,0,0,7-12 months,active_low_risk,0,0,1,8-14 days,low_risk_electronics,0,0,0,stable_low_risk,0,1,0,medium_value,14.850834,0,0,0,0
12,9.0,5,1,5,6,177.49,Laptop & Accessory,Married,0,0,0,maturing_stable,0,0,7-12 months,recent_new_customer,1,0,0,0-7 days,low_risk_electronics,0,0,0,stable_low_risk,0,1,0,medium_value,14.790833,0,0,0,0
12,17.0,3,1,2,7,176.54,Fashion,Married,0,0,0,maturing_stable,0,0,7-12 months,recent_new_customer,1,0,0,0-7 days,moderate_risk_fashion,0,0,1,stable_low_risk,0,1,0,medium_value,14.711666,0,0,0,1
12,17.0,3,2,2,7,176.54,Fashion,Divorced,0,0,0,maturing_stable,0,0,7-12 months,recent_new_customer,1,0,0,0-7 days,moderate_risk_fashion,0,0,1,moderate_risk,0,0,1,medium_value,14.711666,0,0,0,1
12,16.0,4,1,4,4,172.71,Mobile Phone,Married,0,0,0,maturing_stable,0,0,7-12 months,recent_new_customer,1,0,0,0-7 days,high_risk_tech,1,0,0,stable_low_risk,0,1,0,medium_value,14.392501,0,0,1,0
12,8.0,4,1,9,10,172.35,Laptop & Accessory,Married,0,0,0,maturing_stable,0,0,7-12 months,active_low_risk,0,0,1,8-14 days,low_risk_electronics,0,0,0,stable_low_risk,0,1,0,medium_value,14.3625,0,0,0,0
12,7.0,4,1,9,10,172.35,Laptop & Accessory,Married,0,0,0,maturing_stable,0,0,7-12 months,active_low_risk,0,0,1,8-14 days,low_risk_electronics,0,0,0,stable_low_risk,0,1,0,medium_value,14.3625,0,0,0,0
12,15.0,3,4,21,3,167.82,Laptop & Accessory,Single,0,0,0,maturing_stable,0,0,7-12 months,recent_new_customer,1,0,0,0-7 days,low_risk_electronics,0,0,0,unstable_high_risk,1,0,0,medium_value,13.985001,0,0,1,0
12,15.0,3,4,10,3,167.82,Laptop & Accessory,Single,0,0,0,maturing_stable,0,0,7-12 months,recent_new_customer,1,0,0,0-7 days,low_risk_electronics,0,0,0,unstable_high_risk,1,0,0,medium_value,13.985001,0,0,1,0
12,23.0,4,4,4,3,166.98,Laptop & Accessory,Single,0,0,0,maturing_stable,0,0,7-12 months,recent_new_customer,1,0,0,0-7 days,low_risk_electronics,0,0,0,unstable_high_risk,1,0,0,medium_value,13.915,0,0,1,0
12,14.0,5,2,2,6,165.28,Laptop & Accessory,Single,0,0,0,maturing_stable,0,0,7-12 months,recent_new_customer,1,0,0,0-7 days,low_risk_electronics,0,0,0,unstable_high_risk,1,0,0,medium_value,13.773334,0,0,1,0
12,14.0,5,1,2,6,165.28,Laptop & Accessory,Single,0,0,0,maturing_stable,0,0,7-12 months,recent_new_customer,1,0,0,0-7 days,low_risk_electronics,0,0,0,unstable_high_risk,1,0,0,medium_value,13.773334,0,0,1,0
12,9.0,4,1,7,3,164.44,Mobile Phone,Single,1,0,0,maturing_stable,0,0,7-12 months,recent_new_customer,1,0,0,0-7 days,high_risk_tech,1,0,0,unstable_high_risk,1,0,0,medium_value,13.703334,0,0,3,0
12,9.0,1,4,10,6,163.89,Laptop & Accessory,Married,0,0,0,maturing_stable,0,0,7-12 months,recent_new_customer,1,0,0,0-7 days,low_risk_electronics,0,0,0,stable_low_risk,0,1,0,medium_value,13.6575,0,0,0,0
12,9.0,2,4,10,6,163.89,Laptop & Accessory,Divorced,0,0,0,maturing_stable,0,0,7-12 months,recent_new_customer,1,0,0,0-7 days,low_risk_electronics,0,0,0,moderate_risk,0,0,1,medium_value,13.6575,0,0,0,0
12,13.0,5,3,3,5,162.02,Mobile Phone,Married,0,0,0,maturing_stable,0,0,7-12 months,recent_new_customer,1,0,0,0-7 days,high_risk_tech,1,0,0,stable_low_risk,0,1,0,medium_value,13.501667,0,0,1,0
12,27.0,4,1,4,4,161.2,Laptop & Accessory,Married,1,0,0,maturing_stable,0,0,7-12 months,recent_new_customer,1,0,0,0-7 days,low_risk_electronics,0,0,0,stable_low_risk,0,1,0,medium_value,13.433333,0,0,1,0
12,11.0,4,3,9,1,158.06,Mobile Phone,Married,0,0,0,maturing_stable,0,0,7-12 months,recent_new_customer,1,0,0,0-7 days,high_risk_tech,1,0,0,stable_low_risk,0,1,0,medium_value,13.171666,0,0,1,0
12,27.0,5,3,7,2,157.36,Laptop & Accessory,Married,0,0,0,maturing_stable,0,0,7-12 months,recent_new_customer,1,0,0,0-7 days,low_risk_electronics,0,0,0,stable_low_risk,0,1,0,medium_value,13.113334,0,0,0,0
12,9.0,4,3,8,2,155.57,Mobile Phone,Divorced,1,0,0,maturing_stable,0,0,7-12 months,recent_new_customer,1,0,0,0-7 days,high_risk_tech,1,0,0,moderate_risk,0,0,1,medium_value,12.964168,0,0,2,0
12,8.0,4,4,2,3,154.91,Mobile Phone,Married,1,0,0,maturing_stable,0,0,7-12 months,recent_new_customer,1,0,0,0-7 days,high_risk_tech,1,0,0,stable_low_risk,0,1,0,medium_value,12.909167,0,0,2,0
12,7.0,4,4,2,3,154.91,Mobile Phone,Married,1,0,0,maturing_stable,0,0,7-12 months,recent_new_customer,1,0,0,0-7 days,high_risk_tech,1,0,0,stable_low_risk,0,1,0,medium_value,12.909167,0,0,2,0
12,16.0,5,4,2,3,153.99,Mobile Phone,Divorced,0,0,0,maturing_stable,0,0,7-12 months,recent_new_customer,1,0,0,0-7 days,high_risk_tech,1,0,0,moderate_risk,0,0,1,medium_value,12.8325,0,0,1,0
12,16.0,3,5,3,7,153.77,Laptop & Accessory,Married,0,0,0,maturing_stable,0,0,7-12 months,recent_new_customer,1,0,0,0-7 days,low_risk_electronics,0,0,0,stable_low_risk,0,1,0,medium_value,12.814167,0,0,0,0
12,8.0,5,5,6,1,153.58,Mobile Phone,Single,0,0,0,maturing_stable,0,0,7-12 months,recent_new_customer,1,0,0,0-7 days,high_risk_tech,1,0,0,unstable_high_risk,1,0,0,medium_value,12.798333,0,0,2,0
12,7.0,2,3,3,1,153.44,Mobile Phone,Married,0,0,0,maturing_stable,0,0,7-12 months,recent_new_customer,1,0,0,0-7 days,high_risk_tech,1,0,0,stable_low_risk,0,1,0,medium_value,12.786667,0,0,1,0
12,7.0,2,3,3,1,153.44,Mobile Phone,Divorced,0,0,0,maturing_stable,0,0,7-12 months,recent_new_customer,1,0,0,0-7 days,high_risk_tech,1,0,0,moderate_risk,0,0,1,medium_value,12.786667,0,0,1,0
12,10.0,4,3,5,3,153.21,Mobile Phone,Divorced,0,0,0,maturing_stable,0,0,7-12 months,recent_new_customer,1,0,0,0-7 days,high_risk_tech,1,0,0,moderate_risk,0,0,1,medium_value,12.767501,0,0,1,0
12,18.0,3,4,5,0,152.95,Laptop & Accessory,Married,0,0,0,maturing_stable,0,0,7-12 months,recent_new_customer,1,0,0,0-7 days,low_risk_electronics,0,0,0,stable_low_risk,0,1,0,medium_value,12.745833,0,0,0,0
12,8.0,4,1,9,4,152.04,Laptop & Accessory,Married,0,0,0,maturing_stable,0,0,7-12 months,recent_new_customer,1,0,0,0-7 days,low_risk_electronics,0,0,0,stable_low_risk,0,1,0,medium_value,12.669999,0,0,0,0
12,8.0,4,2,9,4,152.04,Laptop & Accessory,Divorced,0,0,0,maturing_stable,0,0,7-12 months,recent_new_customer,1,0,0,0-7 days,low_risk_electronics,0,0,0,moderate_risk,0,0,1,medium_value,12.669999,0,0,0,0
12,17.0,4,3,2,3,151.84,Mobile Phone,Married,0,0,0,maturing_stable,0,0,7-12 months,recent_new_customer,1,0,0,0-7 days,high_risk_tech,1,0,0,stable_low_risk,0,1,0,medium_value,12.653333,0,0,1,0
12,15.0,3,5,2,9,151.51,Laptop & Accessory,Married,0,0,0,maturing_stable,0,0,7-12 months,active_low_risk,0,0,1,8-14 days,low_risk_electronics,0,0,0,stable_low_risk,0,1,0,medium_value,12.625833,0,0,0,0
12,7.0,4,5,5,1,151.19,Mobile Phone,Single,0,0,0,maturing_stable,0,0,7-12 months,recent_new_customer,1,0,0,0-7 days,high_risk_tech,1,0,0,unstable_high_risk,1,0,0,medium_value,12.599167,0,0,2,0
12,14.0,2,3,3,4,151.1,Mobile Phone,Married,0,0,0,maturing_stable,0,0,7-12 months,recent_new_customer,1,0,0,0-7 days,high_risk_tech,1,0,0,stable_low_risk,0,1,0,medium_value,12.591667,0,0,1,0
12,9.0,4,4,7,9,150.92,Mobile Phone,Married,0,0,0,maturing_stable,0,0,7-12 months,active_low_risk,0,0,1,8-14 days,high_risk_tech,1,0,0,stable_low_risk,0,1,0,medium_value,12.576667,0,0,1,0
12,10.0,3,3,1,8,150.42,Laptop & Accessory,Single,0,0,0,maturing_stable,0,0,7-12 months,active_low_risk,0,0,1,8-14 days,low_risk_electronics,0,0,0,unstable_high_risk,1,0,0,medium_value,12.535,0,0,1,0
12,9.0,5,4,6,6,149.68,Mobile Phone,Married,0,0,0,maturing_stable,0,0,7-12 months,recent_new_customer,1,0,0,0-7 days,high_risk_tech,1,0,0,stable_low_risk,0,1,0,low_value,12.473332,0,0,1,0
12,9.0,5,4,3,4,149.4,Mobile Phone,Single,0,0,0,maturing_stable,0,0,7-12 months,recent_new_customer,1,0,0,0-7 days,high_risk_tech,1,0,0,unstable_high_risk,1,0,0,low_value,12.45,0,0,2,0
12,36.0,4,1,3,10,149.06,Laptop & Accessory,Single,0,0,0,maturing_stable,0,0,7-12 months,active_low_risk,0,0,1,8-14 days,low_risk_electronics,0,0,0,unstable_high_risk,1,0,0,low_value,12.421666,0,0,1,0
12,8.0,4,3,2,10,145.53,Laptop & Accessory,Single,0,0,0,maturing_stable,0,0,7-12 months,active_low_risk,0,0,1,8-14 days,low_risk_electronics,0,0,0,unstable_high_risk,1,0,0,low_value,12.1275,0,0,1,0
12,24.0,3,3,1,7,145.34,Laptop & Accessory,Single,0,0,0,maturing_stable,0,0,7-12 months,recent_new_customer,1,0,0,0-7 days,low_risk_electronics,0,0,0,unstable_high_risk,1,0,0,low_value,12.111667,0,0,1,0
12,34.0,4,5,4,3,142.84,Laptop & Accessory,Single,0,0,0,maturing_stable,0,0,7-12 months,recent_new_customer,1,0,0,0-7 days,low_risk_electronics,0,0,0,unstable_high_risk,1,0,0,low_value,11.903333,0,0,1,1
12,9.0,4,1,3,1,142.02,Mobile Phone,Married,1,0,0,maturing_stable,0,0,7-12 months,recent_new_customer,1,0,0,0-7 days,high_risk_tech,1,0,0,stable_low_risk,0,1,0,low_value,11.835,0,0,2,0
12,9.0,4,2,3,1,142.02,Mobile Phone,Divorced,1,0,0,maturing_stable,0,0,7-12 months,recent_new_customer,1,0,0,0-7 days,high_risk_tech,1,0,0,moderate_risk,0,0,1,low_value,11.835,0,0,2,0
12,26.0,3,1,3,2,141.27,Laptop & Accessory,Married,0,0,0,maturing_stable,0,0,7-12 months,recent_new_customer,1,0,0,0-7 days,low_risk_electronics,0,0,0,stable_low_risk,0,1,0,low_value,11.7725,0,0,0,0
12,30.0,3,1,8,7,141.08,Laptop & Accessory,Single,0,0,0,maturing_stable,0,0,7-12 months,recent_new_customer,1,0,0,0-7 days,low_risk_electronics,0,0,0,unstable_high_risk,1,0,0,low_value,11.756667,0,0,1,0
12,25.0,3,1,9,2,139.02,Laptop & Accessory,Married,0,0,0,maturing_stable,0,0,7-12 months,recent_new_customer,1,0,0,0-7 days,low_risk_electronics,0,0,0,stable_low_risk,0,1,0,low_value,11.585,0,0,0,0
12,14.0,3,3,2,7,137.55,Mobile Phone,Married,0,0,0,maturing_stable,0,0,7-12 months,recent_new_customer,1,0,0,0-7 days,high_risk_tech,1,0,0,stable_low_risk,0,1,0,low_value,11.462501,0,0,1,0
12,14.0,3,3,2,7,137.55,Mobile Phone,Divorced,0,0,0,maturing_stable,0,0,7-12 months,recent_new_customer,1,0,0,0-7 days,high_risk_tech,1,0,0,moderate_risk,0,0,1,low_value,11.462501,0,0,1,0
12,9.0,4,3,1,7,130.69,Laptop & Accessory,Married,0,0,0,maturing_stable,0,0,7-12 months,recent_new_customer,1,0,0,0-7 days,low_risk_electronics,0,0,0,stable_low_risk,0,1,0,low_value,10.890834,0,0,0,0
11,17.0,2,1,3,9,262.44,Fashion,Married,1,0,0,maturing_stable,0,0,7-12 months,active_low_risk,0,0,1,8-14 days,moderate_risk_fashion,0,0,1,stable_low_risk,0,1,0,medium_value,23.858183,0,0,1,0
11,14.0,4,3,6,3,261.64,Fashion,Single,0,0,0,maturing_stable,0,0,7-12 months,recent_new_customer,1,0,0,0-7 days,moderate_risk_fashion,0,0,1,unstable_high_risk,1,0,0,medium_value,23.785456,0,0,1,0
11,7.0,4,1,4,3,261.03,Fashion,Married,1,0,0,maturing_stable,0,0,7-12 months,recent_new_customer,1,0,0,0-7 days,moderate_risk_fashion,0,0,1,stable_low_risk,0,1,0,medium_value,23.73,0,0,1,0
11,7.0,4,2,4,3,261.03,Fashion,Married,1,0,0,maturing_stable,0,0,7-12 months,recent_new_customer,1,0,0,0-7 days,moderate_risk_fashion,0,0,1,stable_low_risk,0,1,0,medium_value,23.73,0,0,1,0
11,16.0,6,3,9,11,254.36,Grocery,Married,0,0,0,maturing_stable,0,0,7-12 months,active_low_risk,0,0,1,8-14 days,lowest_risk_grocery,0,1,0,stable_low_risk,0,1,0,medium_value,23.123636,0,0,0,1
11,18.0,4,1,3,8,246.85,Fashion,Married,1,0,0,maturing_stable,0,0,7-12 months,active_low_risk,0,0,1,8-14 days,moderate_risk_fashion,0,0,1,stable_low_risk,0,1,0,medium_value,22.44091,0,0,1,0
11,18.0,4,2,3,8,246.85,Fashion,Married,1,0,0,maturing_stable,0,0,7-12 months,active_low_risk,0,0,1,8-14 days,moderate_risk_fashion,0,0,1,stable_low_risk,0,1,0,medium_value,22.44091,0,0,1,0
11,36.0,4,4,3,10,243.49,Fashion,Married,1,0,0,maturing_stable,0,0,7-12 months,active_low_risk,0,0,1,8-14 days,moderate_risk_fashion,0,0,1,stable_low_risk,0,1,0,medium_value,22.135454,0,0,1,1
11,36.0,4,4,3,10,243.49,Fashion,Divorced,1,0,0,maturing_stable,0,0,7-12 months,active_low_risk,0,0,1,8-14 days,moderate_risk_fashion,0,0,1,moderate_risk,0,0,1,medium_value,22.135454,0,0,1,1
11,16.0,5,3,4,11,232.06,Fashion,Married,0,0,0,maturing_stable,0,0,7-12 months,active_low_risk,0,0,1,8-14 days,moderate_risk_fashion,0,0,1,stable_low_risk,0,1,0,medium_value,21.096363,0,0,0,0
11,9.0,4,3,6,47,221.02,Laptop & Accessory,Married,1,1,0,maturing_stable,0,0,7-12 months,dormant_high_risk,0,1,0,31+ days,low_risk_electronics,0,0,0,stable_low_risk,0,1,0,medium_value,20.092728,0,0,2,0
11,9.0,4,3,6,47,221.02,Laptop & Accessory,Divorced,1,1,0,maturing_stable,0,0,7-12 months,dormant_high_risk,0,1,0,31+ days,low_risk_electronics,0,0,0,moderate_risk,0,0,1,medium_value,20.092728,0,0,2,0
11,31.0,4,4,4,47,220.61,Fashion,Married,0,1,0,maturing_stable,0,0,7-12 months,dormant_high_risk,0,1,0,31+ days,moderate_risk_fashion,0,0,1,stable_low_risk,0,1,0,medium_value,20.055454,0,0,1,0
11,31.0,4,4,4,47,220.61,Fashion,Divorced,0,1,0,maturing_stable,0,0,7-12 months,dormant_high_risk,0,1,0,31+ days,moderate_risk_fashion,0,0,1,moderate_risk,0,0,1,medium_value,20.055454,0,0,1,0
11,8.0,6,1,3,47,220.25,Laptop & Accessory,Married,0,1,0,maturing_stable,0,0,7-12 months,dormant_high_risk,0,1,0,31+ days,low_risk_electronics,0,0,0,stable_low_risk,0,1,0,medium_value,20.022728,0,0,1,0
11,7.0,6,1,3,47,220.25,Laptop & Accessory,Married,0,1,0,maturing_stable,0,0,7-12 months,dormant_high_risk,0,1,0,31+ days,low_risk_electronics,0,0,0,stable_low_risk,0,1,0,medium_value,20.022728,0,0,1,0
11,10.0,4,3,3,47,219.34,Fashion,Divorced,0,1,0,maturing_stable,0,0,7-12 months,dormant_high_risk,0,1,0,31+ days,moderate_risk_fashion,0,0,1,moderate_risk,0,0,1,medium_value,19.94,0,0,1,0
11,21.0,4,1,1,47,215.1,Fashion,Married,1,1,0,maturing_stable,0,0,7-12 months,dormant_high_risk,0,1,0,31+ days,moderate_risk_fashion,0,0,1,stable_low_risk,0,1,0,medium_value,19.554546,0,0,2,0
11,21.0,4,2,1,47,215.1,Fashion,Married,1,1,0,maturing_stable,0,0,7-12 months,dormant_high_risk,0,1,0,31+ days,moderate_risk_fashion,0,0,1,stable_low_risk,0,1,0,medium_value,19.554546,0,0,2,0
11,26.0,4,4,3,10,201.42,Fashion,Single,1,0,0,maturing_stable,0,0,7-12 months,active_low_risk,0,0,1,8-14 days,moderate_risk_fashion,0,0,1,unstable_high_risk,1,0,0,medium_value,18.31091,0,0,2,0
11,7.0,4,1,6,3,199.91,Fashion,Single,0,0,0,maturing_stable,0,0,7-12 months,recent_new_customer,1,0,0,0-7 days,moderate_risk_fashion,0,0,1,unstable_high_risk,1,0,0,medium_value,18.173637,0,0,1,0
11,20.0,3,4,1,7,199.24,Laptop & Accessory,Married,0,0,0,maturing_stable,0,0,7-12 months,recent_new_customer,1,0,0,0-7 days,low_risk_electronics,0,0,0,stable_low_risk,0,1,0,medium_value,18.112728,0,0,0,0
11,29.0,4,3,1,8,195.26,Fashion,Single,0,0,0,maturing_stable,0,0,7-12 months,active_low_risk,0,0,1,8-14 days,moderate_risk_fashion,0,0,1,unstable_high_risk,1,0,0,medium_value,17.750908,0,0,1,0
11,17.0,5,1,4,1,191.94,Laptop & Accessory,Married,1,0,0,maturing_stable,0,0,7-12 months,recent_new_customer,1,0,0,0-7 days,low_risk_electronics,0,0,0,stable_low_risk,0,1,0,medium_value,17.449091,0,0,1,0
11,13.0,4,2,6,2,190.02,Laptop & Accessory,Divorced,0,0,0,maturing_stable,0,0,7-12 months,recent_new_customer,1,0,0,0-7 days,low_risk_electronics,0,0,0,moderate_risk,0,0,1,medium_value,17.274546,0,0,0,0
11,13.0,4,1,6,2,190.02,Laptop & Accessory,Married,0,0,0,maturing_stable,0,0,7-12 months,recent_new_customer,1,0,0,0-7 days,low_risk_electronics,0,0,0,stable_low_risk,0,1,0,medium_value,17.274546,0,0,0,0
11,7.0,4,4,8,4,189.47,Laptop & Accessory,Divorced,0,0,0,maturing_stable,0,0,7-12 months,recent_new_customer,1,0,0,0-7 days,low_risk_electronics,0,0,0,moderate_risk,0,0,1,medium_value,17.224546,0,0,0,0
11,34.0,2,3,6,4,188.97,Laptop & Accessory,Single,1,0,0,maturing_stable,0,0,7-12 months,recent_new_customer,1,0,0,0-7 days,low_risk_electronics,0,0,0,unstable_high_risk,1,0,0,medium_value,17.17909,0,0,2,1
11,12.0,4,1,9,5,188.47,Laptop & Accessory,Married,0,0,0,maturing_stable,0,0,7-12 months,recent_new_customer,1,0,0,0-7 days,low_risk_electronics,0,0,0,stable_low_risk,0,1,0,medium_value,17.133636,0,0,0,0
11,12.0,4,2,9,5,188.47,Laptop & Accessory,Married,0,0,0,maturing_stable,0,0,7-12 months,recent_new_customer,1,0,0,0-7 days,low_risk_electronics,0,0,0,stable_low_risk,0,1,0,medium_value,17.133636,0,0,0,0
11,23.0,5,3,6,1,188.34,Laptop & Accessory,Married,0,0,0,maturing_stable,0,0,7-12 months,recent_new_customer,1,0,0,0-7 days,low_risk_electronics,0,0,0,stable_low_risk,0,1,0,medium_value,17.121819,0,0,0,0
11,23.0,4,3,1,9,188.23,Fashion,Divorced,0,0,0,maturing_stable,0,0,7-12 months,active_low_risk,0,0,1,8-14 days,moderate_risk_fashion,0,0,1,moderate_risk,0,0,1,medium_value,17.111818,0,0,0,0
11,23.0,4,3,1,9,188.23,Fashion,Married,0,0,0,maturing_stable,0,0,7-12 months,active_low_risk,0,0,1,8-14 days,moderate_risk_fashion,0,0,1,stable_low_risk,0,1,0,medium_value,17.111818,0,0,0,0
11,16.0,4,3,1,7,187.4,Fashion,Married,1,0,0,maturing_stable,0,0,7-12 months,recent_new_customer,1,0,0,0-7 days,moderate_risk_fashion,0,0,1,stable_low_risk,0,1,0,medium_value,17.036364,0,0,1,0
11,6.0,4,2,5,1,186.86,Laptop & Accessory,Single,0,0,0,maturing_stable,0,0,7-12 months,recent_new_customer,1,0,0,0-7 days,low_risk_electronics,0,0,0,unstable_high_risk,1,0,0,medium_value,16.987272,0,0,1,0
11,7.0,5,3,3,8,184.93,Laptop & Accessory,Married,0,0,0,maturing_stable,0,0,7-12 months,active_low_risk,0,0,1,8-14 days,low_risk_electronics,0,0,0,stable_low_risk,0,1,0,medium_value,16.811817,0,0,0,0
11,13.0,2,5,6,8,184.74,Laptop & Accessory,Married,1,0,0,maturing_stable,0,0,7-12 months,active_low_risk,0,0,1,8-14 days,low_risk_electronics,0,0,0,stable_low_risk,0,1,0,medium_value,16.794546,0,0,1,0
11,13.0,3,5,6,8,184.74,Laptop & Accessory,Married,1,0,0,maturing_stable,0,0,7-12 months,active_low_risk,0,0,1,8-14 days,low_risk_electronics,0,0,0,stable_low_risk,0,1,0,medium_value,16.794546,0,0,1,0
11,26.0,4,3,5,3,182.68,Laptop & Accessory,Married,0,0,0,maturing_stable,0,0,7-12 months,recent_new_customer,1,0,0,0-7 days,low_risk_electronics,0,0,0,stable_low_risk,0,1,0,medium_value,16.607271,0,0,0,0
11,32.0,5,1,9,4,182.31,Laptop & Accessory,Married,0,0,0,maturing_stable,0,0,7-12 months,recent_new_customer,1,0,0,0-7 days,low_risk_electronics,0,0,0,stable_low_risk,0,1,0,medium_value,16.573637,0,0,0,0
11,6.0,3,3,5,0,178.61,Fashion,Single,1,0,0,maturing_stable,0,0,7-12 months,recent_new_customer,1,0,0,0-7 days,moderate_risk_fashion,0,0,1,unstable_high_risk,1,0,0,medium_value,16.237272,0,0,2,0
11,8.0,4,3,4,2,177.56,Fashion,Married,1,0,0,maturing_stable,0,0,7-12 months,recent_new_customer,1,0,0,0-7 days,moderate_risk_fashion,0,0,1,stable_low_risk,0,1,0,medium_value,16.141817,0,0,1,0
11,9.0,5,1,7,1,176.63,Laptop & Accessory,Married,0,0,0,maturing_stable,0,0,7-12 months,recent_new_customer,1,0,0,0-7 days,low_risk_electronics,0,0,0,stable_low_risk,0,1,0,medium_value,16.057274,0,0,0,0
11,6.0,2,2,1,8,176.25,Laptop & Accessory,Single,0,0,0,maturing_stable,0,0,7-12 months,active_low_risk,0,0,1,8-14 days,low_risk_electronics,0,0,0,unstable_high_risk,1,0,0,medium_value,16.022728,0,0,1,0
11,6.0,1,1,1,8,176.25,Laptop & Accessory,Single,0,0,0,maturing_stable,0,0,7-12 months,active_low_risk,0,0,1,8-14 days,low_risk_electronics,0,0,0,unstable_high_risk,1,0,0,medium_value,16.022728,0,0,1,0
11,8.0,3,4,8,0,173.51,Fashion,Single,0,0,0,maturing_stable,0,0,7-12 months,recent_new_customer,1,0,0,0-7 days,moderate_risk_fashion,0,0,1,unstable_high_risk,1,0,0,medium_value,15.773636,0,0,1,0
11,17.0,2,1,5,1,171.8,Mobile Phone,Single,0,0,0,maturing_stable,0,0,7-12 months,recent_new_customer,1,0,0,0-7 days,high_risk_tech,1,0,0,unstable_high_risk,1,0,0,medium_value,15.618182,0,0,2,0
11,32.0,4,3,5,8,169.49,Laptop & Accessory,Married,1,0,0,maturing_stable,0,0,7-12 months,active_low_risk,0,0,1,8-14 days,low_risk_electronics,0,0,0,stable_low_risk,0,1,0,medium_value,15.408182,0,0,1,0
11,8.0,3,5,4,7,168.93,Laptop & Accessory,Married,0,0,0,maturing_stable,0,0,7-12 months,recent_new_customer,1,0,0,0-7 days,low_risk_electronics,0,0,0,stable_low_risk,0,1,0,medium_value,15.357272,0,0,0,0
11,9.0,3,2,9,0,168.61,Laptop & Accessory,Single,1,0,0,maturing_stable,0,0,7-12 months,recent_new_customer,1,0,0,0-7 days,low_risk_electronics,0,0,0,unstable_high_risk,1,0,0,medium_value,15.328182,0,0,2,0
11,9.0,3,1,9,0,168.61,Laptop & Accessory,Single,1,0,0,maturing_stable,0,0,7-12 months,recent_new_customer,1,0,0,0-7 days,low_risk_electronics,0,0,0,unstable_high_risk,1,0,0,medium_value,15.328182,0,0,2,0
11,20.0,4,1,3,8,167.85,Laptop & Accessory,Married,0,0,0,maturing_stable,0,0,7-12 months,active_low_risk,0,0,1,8-14 days,low_risk_electronics,0,0,0,stable_low_risk,0,1,0,medium_value,15.259091,0,0,0,0
11,14.0,4,5,7,5,167.84,Laptop & Accessory,Married,1,0,0,maturing_stable,0,0,7-12 months,recent_new_customer,1,0,0,0-7 days,low_risk_electronics,0,0,0,stable_low_risk,0,1,0,medium_value,15.258182,0,0,1,0
11,17.0,4,4,4,2,166.97,Laptop & Accessory,Single,1,0,0,maturing_stable,0,0,7-12 months,recent_new_customer,1,0,0,0-7 days,low_risk_electronics,0,0,0,unstable_high_risk,1,0,0,medium_value,15.179091,0,0,2,0
11,16.0,5,4,3,4,166.89,Laptop & Accessory,Married,0,0,0,maturing_stable,0,0,7-12 months,recent_new_customer,1,0,0,0-7 days,low_risk_electronics,0,0,0,stable_low_risk,0,1,0,medium_value,15.171818,0,0,0,0
11,10.0,4,4,5,2,166.07,Laptop & Accessory,Single,0,0,0,maturing_stable,0,0,7-12 months,recent_new_customer,1,0,0,0-7 days,low_risk_electronics,0,0,0,unstable_high_risk,1,0,0,medium_value,15.097274,0,0,1,0
11,15.0,4,4,4,8,165.71,Laptop & Accessory,Married,0,0,0,maturing_stable,0,0,7-12 months,active_low_risk,0,0,1,8-14 days,low_risk_electronics,0,0,0,stable_low_risk,0,1,0,medium_value,15.064546,0,0,0,0
11,8.0,3,3,10,0,165.53,Laptop & Accessory,Married,0,0,0,maturing_stable,0,0,7-12 months,recent_new_customer,1,0,0,0-7 days,low_risk_electronics,0,0,0,stable_low_risk,0,1,0,medium_value,15.048182,0,0,0,0
11,8.0,3,3,10,0,165.53,Laptop & Accessory,Divorced,0,0,0,maturing_stable,0,0,7-12 months,recent_new_customer,1,0,0,0-7 days,low_risk_electronics,0,0,0,moderate_risk,0,0,1,medium_value,15.048182,0,0,0,0
11,17.0,4,4,3,8,164.36,Mobile Phone,Married,0,0,0,maturing_stable,0,0,7-12 months,active_low_risk,0,0,1,8-14 days,high_risk_tech,1,0,0,stable_low_risk,0,1,0,medium_value,14.941818,0,0,1,0
11,7.0,5,5,4,3,164.2,Mobile Phone,Married,0,0,0,maturing_stable,0,0,7-12 months,recent_new_customer,1,0,0,0-7 days,high_risk_tech,1,0,0,stable_low_risk,0,1,0,medium_value,14.927273,0,0,1,0
11,7.0,5,5,4,3,164.2,Mobile Phone,Divorced,0,0,0,maturing_stable,0,0,7-12 months,recent_new_customer,1,0,0,0-7 days,high_risk_tech,1,0,0,moderate_risk,0,0,1,medium_value,14.927273,0,0,1,0
11,18.0,4,5,3,2,162.88,Laptop & Accessory,Married,0,0,0,maturing_stable,0,0,7-12 months,recent_new_customer,1,0,0,0-7 days,low_risk_electronics,0,0,0,stable_low_risk,0,1,0,medium_value,14.807273,0,0,0,0
11,35.0,3,2,4,7,162.61,Laptop & Accessory,Divorced,0,0,0,maturing_stable,0,0,7-12 months,recent_new_customer,1,0,0,0-7 days,low_risk_electronics,0,0,0,moderate_risk,0,0,1,medium_value,14.782727,0,0,0,0
11,18.0,4,3,6,3,161.29,Mobile Phone,Single,0,0,0,maturing_stable,0,0,7-12 months,recent_new_customer,1,0,0,0-7 days,high_risk_tech,1,0,0,unstable_high_risk,1,0,0,medium_value,14.662726,0,0,2,0
11,16.0,3,3,4,2,160.77,Laptop & Accessory,Married,0,0,0,maturing_stable,0,0,7-12 months,recent_new_customer,1,0,0,0-7 days,low_risk_electronics,0,0,0,stable_low_risk,0,1,0,medium_value,14.615455,0,0,0,0
11,28.0,3,5,3,8,160.64,Mobile Phone,Divorced,1,0,0,maturing_stable,0,0,7-12 months,active_low_risk,0,0,1,8-14 days,high_risk_tech,1,0,0,moderate_risk,0,0,1,medium_value,14.603637,0,0,2,0
11,12.0,2,3,2,4,160.0,Mobile Phone,Single,0,0,0,maturing_stable,0,0,7-12 months,recent_new_customer,1,0,0,0-7 days,high_risk_tech,1,0,0,unstable_high_risk,1,0,0,medium_value,14.545455,0,0,2,0
11,8.0,1,5,7,12,159.8,Laptop & Accessory,Single,1,0,0,maturing_stable,0,0,7-12 months,active_low_risk,0,0,1,8-14 days,low_risk_electronics,0,0,0,unstable_high_risk,1,0,0,medium_value,14.527273,0,0,2,0
11,17.0,4,5,8,4,159.52,Mobile Phone,Married,0,0,0,maturing_stable,0,0,7-12 months,recent_new_customer,1,0,0,0-7 days,high_risk_tech,1,0,0,stable_low_risk,0,1,0,medium_value,14.501819,0,0,1,0
11,24.0,5,1,4,0,158.11,Laptop & Accessory,Married,1,0,0,maturing_stable,0,0,7-12 months,recent_new_customer,1,0,0,0-7 days,low_risk_electronics,0,0,0,stable_low_risk,0,1,0,medium_value,14.373636,0,0,1,0
11,21.0,4,5,3,18,155.34,Mobile Phone,Married,0,0,0,maturing_stable,0,0,7-12 months,stable_lowest_risk,0,0,1,15-30 days,high_risk_tech,1,0,0,stable_low_risk,0,1,0,medium_value,14.121818,0,0,1,0
11,26.0,4,4,6,1,155.22,Mobile Phone,Married,0,0,0,maturing_stable,0,0,7-12 months,recent_new_customer,1,0,0,0-7 days,high_risk_tech,1,0,0,stable_low_risk,0,1,0,medium_value,14.110909,0,0,1,0
11,11.0,4,3,9,4,154.96,Mobile Phone,Married,1,0,0,maturing_stable,0,0,7-12 months,recent_new_customer,1,0,0,0-7 days,high_risk_tech,1,0,0,stable_low_risk,0,1,0,medium_value,14.087274,0,0,2,0
11,11.0,4,3,9,4,154.96,Mobile Phone,Divorced,1,0,0,maturing_stable,0,0,7-12 months,recent_new_customer,1,0,0,0-7 days,high_risk_tech,1,0,0,moderate_risk,0,0,1,medium_value,14.087274,0,0,2,0
11,28.0,4,2,7,1,154.73,Mobile Phone,Divorced,0,0,0,maturing_stable,0,0,7-12 months,recent_new_customer,1,0,0,0-7 days,high_risk_tech,1,0,0,moderate_risk,0,0,1,medium_value,14.066363,0,0,1,0
11,8.0,5,1,3,3,154.05,Laptop & Accessory,Married,1,0,0,maturing_stable,0,0,7-12 months,recent_new_customer,1,0,0,0-7 days,low_risk_electronics,0,0,0,stable_low_risk,0,1,0,medium_value,14.004546,0,0,1,0
11,6.0,4,3,10,0,153.81,Fashion,Single,1,0,0,maturing_stable,0,0,7-12 months,recent_new_customer,1,0,0,0-7 days,moderate_risk_fashion,0,0,1,unstable_high_risk,1,0,0,medium_value,13.982727,0,0,2,1
11,12.0,5,1,8,9,153.29,Laptop & Accessory,Married,1,0,0,maturing_stable,0,0,7-12 months,active_low_risk,0,0,1,8-14 days,low_risk_electronics,0,0,0,stable_low_risk,0,1,0,medium_value,13.935454,0,0,1,0
11,12.0,4,3,3,7,153.21,Laptop & Accessory,Married,0,0,0,maturing_stable,0,0,7-12 months,recent_new_customer,1,0,0,0-7 days,low_risk_electronics,0,0,0,stable_low_risk,0,1,0,medium_value,13.928183,0,0,0,0
11,17.0,4,5,2,4,152.82,Mobile Phone,Married,1,0,0,maturing_stable,0,0,7-12 months,recent_new_customer,1,0,0,0-7 days,high_risk_tech,1,0,0,stable_low_risk,0,1,0,medium_value,13.892728,0,0,2,0
11,8.0,4,2,4,5,152.49,Laptop & Accessory,Divorced,0,0,0,maturing_stable,0,0,7-12 months,recent_new_customer,1,0,0,0-7 days,low_risk_electronics,0,0,0,moderate_risk,0,0,1,medium_value,13.862728,0,0,0,0
11,16.0,4,1,3,3,148.26,Mobile Phone,Married,1,0,0,maturing_stable,0,0,7-12 months,recent_new_customer,1,0,0,0-7 days,high_risk_tech,1,0,0,stable_low_risk,0,1,0,low_value,13.478181,0,0,2,0
11,15.0,3,1,3,3,147.71,Mobile Phone,Married,0,0,0,maturing_stable,0,0,7-12 months,recent_new_customer,1,0,0,0-7 days,high_risk_tech,1,0,0,stable_low_risk,0,1,0,low_value,13.428183,0,0,1,0
11,7.0,3,1,8,9,147.35,Laptop & Accessory,Married,0,0,0,maturing_stable,0,0,7-12 months,active_low_risk,0,0,1,8-14 days,low_risk_electronics,0,0,0,stable_low_risk,0,1,0,low_value,13.395455,0,0,0,0
11,6.0,3,1,8,9,147.35,Laptop & Accessory,Married,0,0,0,maturing_stable,0,0,7-12 months,active_low_risk,0,0,1,8-14 days,low_risk_electronics,0,0,0,stable_low_risk,0,1,0,low_value,13.395455,0,0,0,0
11,7.0,4,1,3,8,146.15,Mobile Phone,Single,0,0,0,maturing_stable,0,0,7-12 months,active_low_risk,0,0,1,8-14 days,high_risk_tech,1,0,0,unstable_high_risk,1,0,0,low_value,13.286363,0,0,2,0
11,7.0,4,2,3,8,146.15,Mobile Phone,Single,0,0,0,maturing_stable,0,0,7-12 months,active_low_risk,0,0,1,8-14 days,high_risk_tech,1,0,0,unstable_high_risk,1,0,0,low_value,13.286363,0,0,2,0
11,6.0,3,4,1,8,144.4,Laptop & Accessory,Married,0,0,0,maturing_stable,0,0,7-12 months,active_low_risk,0,0,1,8-14 days,low_risk_electronics,0,0,0,stable_low_risk,0,1,0,low_value,13.127273,0,0,0,0
11,9.0,3,3,4,2,143.17,Laptop & Accessory,Single,1,0,0,maturing_stable,0,0,7-12 months,recent_new_customer,1,0,0,0-7 days,low_risk_electronics,0,0,0,unstable_high_risk,1,0,0,low_value,13.015454,0,0,2,0
11,22.0,3,4,3,2,141.98,Laptop & Accessory,Single,0,0,0,maturing_stable,0,0,7-12 months,recent_new_customer,1,0,0,0-7 days,low_risk_electronics,0,0,0,unstable_high_risk,1,0,0,low_value,12.907272,0,0,1,0
11,13.0,4,2,1,5,140.28,Laptop & Accessory,Single,0,0,0,maturing_stable,0,0,7-12 months,recent_new_customer,1,0,0,0-7 days,low_risk_electronics,0,0,0,unstable_high_risk,1,0,0,low_value,12.7527275,0,0,1,0
11,13.0,4,1,1,5,140.28,Laptop & Accessory,Single,0,0,0,maturing_stable,0,0,7-12 months,recent_new_customer,1,0,0,0-7 days,low_risk_electronics,0,0,0,unstable_high_risk,1,0,0,low_value,12.7527275,0,0,1,0
11,8.0,3,1,6,2,139.44,Mobile Phone,Single,1,0,0,maturing_stable,0,0,7-12 months,recent_new_customer,1,0,0,0-7 days,high_risk_tech,1,0,0,unstable_high_risk,1,0,0,low_value,12.676364,0,0,3,0
11,12.0,4,3,2,4,137.02,Mobile Phone,Married,0,0,0,maturing_stable,0,0,7-12 months,recent_new_customer,1,0,0,0-7 days,high_risk_tech,1,0,0,stable_low_risk,0,1,0,low_value,12.456364,0,0,1,0
11,10.0,3,3,8,0,133.06,Mobile,Married,0,0,0,maturing_stable,0,0,7-12 months,recent_new_customer,1,0,0,0-7 days,high_risk_tech,1,0,0,stable_low_risk,0,1,0,low_value,12.096363,0,0,1,0
11,8.0,3,3,7,1,130.57,Mobile,Divorced,1,0,0,maturing_stable,0,0,7-12 months,recent_new_customer,1,0,0,0-7 days,high_risk_tech,1,0,0,moderate_risk,0,0,1,low_value,11.870001,0,0,2,0
11,8.0,3,3,7,1,130.57,Mobile,Married,1,0,0,maturing_stable,0,0,7-12 months,recent_new_customer,1,0,0,0-7 days,high_risk_tech,1,0,0,stable_low_risk,0,1,0,low_value,11.870001,0,0,2,0
11,7.0,3,4,1,2,129.91,Mobile,Married,1,0,0,maturing_stable,0,0,7-12 months,recent_new_customer,1,0,0,0-7 days,high_risk_tech,1,0,0,stable_low_risk,0,1,0,low_value,11.81,0,0,2,0
11,15.0,4,4,1,2,128.99,Mobile,Married,0,0,0,maturing_stable,0,0,7-12 months,recent_new_customer,1,0,0,0-7 days,high_risk_tech,1,0,0,stable_low_risk,0,1,0,low_value,11.726364,0,0,1,0
11,6.0,4,5,5,0,128.58,Mobile,Single,0,0,0,maturing_stable,0,0,7-12 months,recent_new_customer,1,0,0,0-7 days,high_risk_tech,1,0,0,unstable_high_risk,1,0,0,low_value,11.689091,0,0,2,0
11,6.0,1,3,2,0,128.44,Mobile,Divorced,0,0,0,maturing_stable,0,0,7-12 months,recent_new_customer,1,0,0,0-7 days,high_risk_tech,1,0,0,moderate_risk,0,0,1,low_value,11.676364,0,0,1,0
11,6.0,1,3,2,0,128.44,Mobile,Married,0,0,0,maturing_stable,0,0,7-12 months,recent_new_customer,1,0,0,0-7 days,high_risk_tech,1,0,0,stable_low_risk,0,1,0,low_value,11.676364,0,0,1,0
11,9.0,3,3,4,2,128.21,Mobile,Divorced,0,0,0,maturing_stable,0,0,7-12 months,recent_new_customer,1,0,0,0-7 days,high_risk_tech,1,0,0,moderate_risk,0,0,1,low_value,11.655456,0,0,1,0
11,9.0,3,3,4,2,128.21,Mobile,Married,0,0,0,maturing_stable,0,0,7-12 months,recent_new_customer,1,0,0,0-7 days,high_risk_tech,1,0,0,stable_low_risk,0,1,0,low_value,11.655456,0,0,1,0
11,16.0,3,3,1,2,126.84,Mobile,Divorced,0,0,0,maturing_stable,0,0,7-12 months,recent_new_customer,1,0,0,0-7 days,high_risk_tech,1,0,0,moderate_risk,0,0,1,low_value,11.530909,0,0,1,0
11,14.0,3,3,3,7,126.55,Mobile,Married,1,0,0,maturing_stable,0,0,7-12 months,recent_new_customer,1,0,0,0-7 days,high_risk_tech,1,0,0,stable_low_risk,0,1,0,low_value,11.504546,0,0,2,1
11,14.0,3,5,4,0,126.19,Mobile,Single,0,0,0,maturing_stable,0,0,7-12 months,recent_new_customer,1,0,0,0-7 days,high_risk_tech,1,0,0,unstable_high_risk,1,0,0,low_value,11.471818,0,0,2,0
11,14.0,1,3,2,3,126.1,Mobile,Married,0,0,0,maturing_stable,0,0,7-12 months,recent_new_customer,1,0,0,0-7 days,high_risk_tech,1,0,0,stable_low_risk,0,1,0,low_value,11.463636,0,0,1,0
11,14.0,3,4,6,8,125.92,Mobile,Married,0,0,0,maturing_stable,0,0,7-12 months,active_low_risk,0,0,1,8-14 days,high_risk_tech,1,0,0,stable_low_risk,0,1,0,low_value,11.447272,0,0,1,0
11,14.0,4,4,5,5,124.68,Mobile,Married,0,0,0,maturing_stable,0,0,7-12 months,recent_new_customer,1,0,0,0-7 days,high_risk_tech,1,0,0,stable_low_risk,0,1,0,low_value,11.334545,0,0,1,0
11,14.0,4,4,2,3,124.4,Mobile,Single,0,0,0,maturing_stable,0,0,7-12 months,recent_new_customer,1,0,0,0-7 days,high_risk_tech,1,0,0,unstable_high_risk,1,0,0,low_value,11.309091,0,0,2,0
11,11.0,4,2,6,9,25.0,Mobile Phone,Married,0,0,0,maturing_stable,0,0,7-12 months,active_low_risk,0,0,1,8-14 days,high_risk_tech,1,0,0,stable_low_risk,0,1,0,minimal_value,2.2727273,0,1,1,0
10,15.0,2,5,11,6,242.13,Fashion,Married,0,0,0,maturing_stable,0,0,7-12 months,recent_new_customer,1,0,0,0-7 days,moderate_risk_fashion,0,0,1,stable_low_risk,0,1,0,medium_value,24.213001,0,0,0,0
10,15.0,3,5,11,6,242.13,Fashion,Divorced,0,0,0,maturing_stable,0,0,7-12 months,recent_new_customer,1,0,0,0-7 days,moderate_risk_fashion,0,0,1,moderate_risk,0,0,1,medium_value,24.213001,0,0,0,0
10,16.0,1,1,2,8,237.44,Fashion,Married,1,0,0,maturing_stable,0,0,7-12 months,active_low_risk,0,0,1,8-14 days,moderate_risk_fashion,0,0,1,stable_low_risk,0,1,0,medium_value,23.744,0,0,1,0
10,13.0,3,3,5,2,236.64,Fashion,Single,0,0,0,maturing_stable,0,0,7-12 months,recent_new_customer,1,0,0,0-7 days,moderate_risk_fashion,0,0,1,unstable_high_risk,1,0,0,medium_value,23.664,0,0,1,0
10,6.0,3,2,3,2,236.03,Fashion,Married,1,0,0,maturing_stable,0,0,7-12 months,recent_new_customer,1,0,0,0-7 days,moderate_risk_fashion,0,0,1,stable_low_risk,0,1,0,medium_value,23.603,0,0,1,0
10,7.0,6,5,4,47,227.52,Fashion,Married,1,1,0,maturing_stable,0,0,7-12 months,dormant_high_risk,0,1,0,31+ days,moderate_risk_fashion,0,0,1,stable_low_risk,0,1,0,medium_value,22.752,0,0,2,0
10,8.0,6,5,4,47,227.52,Fashion,Married,1,1,0,maturing_stable,0,0,7-12 months,dormant_high_risk,0,1,0,31+ days,moderate_risk_fashion,0,0,1,stable_low_risk,0,1,0,medium_value,22.752,0,0,2,0
10,16.0,4,1,6,47,225.96,Fashion,Married,0,1,0,maturing_stable,0,0,7-12 months,dormant_high_risk,0,1,0,31+ days,moderate_risk_fashion,0,0,1,stable_low_risk,0,1,0,medium_value,22.596,0,0,1,1
10,15.0,4,3,3,47,225.96,Fashion,Married,0,1,0,maturing_stable,0,0,7-12 months,dormant_high_risk,0,1,0,31+ days,moderate_risk_fashion,0,0,1,stable_low_risk,0,1,0,medium_value,22.596,0,0,1,0
10,17.0,4,2,3,47,224.8,Fashion,Single,0,1,0,maturing_stable,0,0,7-12 months,dormant_high_risk,0,1,0,31+ days,moderate_risk_fashion,0,0,1,unstable_high_risk,1,0,0,medium_value,22.48,0,0,2,0
10,17.0,4,1,3,47,224.8,Fashion,Single,0,1,0,maturing_stable,0,0,7-12 months,dormant_high_risk,0,1,0,31+ days,moderate_risk_fashion,0,0,1,unstable_high_risk,1,0,0,medium_value,22.48,0,0,2,0
10,18.0,4,1,2,47,222.38,Fashion,Married,0,1,0,maturing_stable,0,0,7-12 months,dormant_high_risk,0,1,0,31+ days,moderate_risk_fashion,0,0,1,stable_low_risk,0,1,0,medium_value,22.238,0,0,1,0
10,10.0,5,1,6,47,221.99,Fashion,Married,0,1,0,maturing_stable,0,0,7-12 months,dormant_high_risk,0,1,0,31+ days,moderate_risk_fashion,0,0,1,stable_low_risk,0,1,0,medium_value,22.199001,0,0,1,0
10,10.0,5,2,6,47,221.99,Fashion,Divorced,0,1,0,maturing_stable,0,0,7-12 months,dormant_high_risk,0,1,0,31+ days,moderate_risk_fashion,0,0,1,moderate_risk,0,0,1,medium_value,22.199001,0,0,1,0
10,17.0,3,2,2,47,221.85,Fashion,Married,1,1,0,maturing_stable,0,0,7-12 months,dormant_high_risk,0,1,0,31+ days,moderate_risk_fashion,0,0,1,stable_low_risk,0,1,0,medium_value,22.185001,0,0,2,0
10,35.0,3,4,2,47,218.49,Fashion,Married,1,1,0,maturing_stable,0,0,7-12 months,dormant_high_risk,0,1,0,31+ days,moderate_risk_fashion,0,0,1,stable_low_risk,0,1,0,medium_value,21.849,0,0,2,1
10,35.0,3,4,2,47,218.49,Fashion,Divorced,1,1,0,maturing_stable,0,0,7-12 months,dormant_high_risk,0,1,0,31+ days,moderate_risk_fashion,0,0,1,moderate_risk,0,0,1,medium_value,21.849,0,0,2,1
10,10.0,4,4,5,47,217.78,Laptop & Accessory,Single,1,1,0,maturing_stable,0,0,7-12 months,dormant_high_risk,0,1,0,31+ days,low_risk_electronics,0,0,0,unstable_high_risk,1,0,0,medium_value,21.778,0,0,3,0
10,28.0,4,4,6,47,214.26,Laptop & Accessory,Married,0,1,0,maturing_stable,0,0,7-12 months,dormant_high_risk,0,1,0,31+ days,low_risk_electronics,0,0,0,stable_low_risk,0,1,0,medium_value,21.425999,0,0,1,1
10,19.0,5,1,2,47,213.58,Fashion,Single,0,1,0,maturing_stable,0,0,7-12 months,dormant_high_risk,0,1,0,31+ days,moderate_risk_fashion,0,0,1,unstable_high_risk,1,0,0,medium_value,21.358,0,0,2,0
10,19.0,5,2,2,47,213.58,Fashion,Single,0,1,0,maturing_stable,0,0,7-12 months,dormant_high_risk,0,1,0,31+ days,moderate_risk_fashion,0,0,1,unstable_high_risk,1,0,0,medium_value,21.358,0,0,2,0
10,16.0,5,4,4,47,213.47,Laptop & Accessory,Married,1,1,0,maturing_stable,0,0,7-12 months,dormant_high_risk,0,1,0,31+ days,low_risk_electronics,0,0,0,stable_low_risk,0,1,0,medium_value,21.347,0,0,2,0
10,17.0,4,5,9,8,208.21,Fashion,Married,1,0,0,maturing_stable,0,0,7-12 months,active_low_risk,0,0,1,8-14 days,moderate_risk_fashion,0,0,1,stable_low_risk,0,1,0,medium_value,20.821001,0,0,1,0
10,12.0,4,5,6,3,205.08,Fashion,Married,0,0,0,maturing_stable,0,0,7-12 months,recent_new_customer,1,0,0,0-7 days,moderate_risk_fashion,0,0,1,stable_low_risk,0,1,0,medium_value,20.508,0,0,0,0
10,25.0,4,2,4,10,202.79,Laptop & Accessory,Single,0,0,0,maturing_stable,0,0,7-12 months,active_low_risk,0,0,1,8-14 days,low_risk_electronics,0,0,0,unstable_high_risk,1,0,0,medium_value,20.279,0,0,1,0
10,25.0,4,1,4,10,202.79,Laptop & Accessory,Single,0,0,0,maturing_stable,0,0,7-12 months,active_low_risk,0,0,1,8-14 days,low_risk_electronics,0,0,0,unstable_high_risk,1,0,0,medium_value,20.279,0,0,1,0
10,10.0,5,1,2,5,201.44,Fashion,Married,0,0,0,maturing_stable,0,0,7-12 months,recent_new_customer,1,0,0,0-7 days,moderate_risk_fashion,0,0,1,stable_low_risk,0,1,0,medium_value,20.144001,0,0,0,0
10,9.0,5,3,3,1,200.96,Fashion,Married,0,0,0,maturing_stable,0,0,7-12 months,recent_new_customer,1,0,0,0-7 days,moderate_risk_fashion,0,0,1,stable_low_risk,0,1,0,medium_value,20.096,0,0,0,0
10,9.0,5,3,3,1,200.96,Fashion,Divorced,0,0,0,maturing_stable,0,0,7-12 months,recent_new_customer,1,0,0,0-7 days,moderate_risk_fashion,0,0,1,moderate_risk,0,0,1,medium_value,20.096,0,0,0,0
10,15.0,5,5,3,10,200.87,Fashion,Single,0,0,0,maturing_stable,0,0,7-12 months,active_low_risk,0,0,1,8-14 days,moderate_risk_fashion,0,0,1,unstable_high_risk,1,0,0,medium_value,20.087,0,0,1,0
10,17.0,4,4,7,8,198.14,Fashion,Married,0,0,0,maturing_stable,0,0,7-12 months,active_low_risk,0,0,1,8-14 days,moderate_risk_fashion,0,0,1,stable_low_risk,0,1,0,medium_value,19.814,0,0,0,1
10,8.0,3,3,5,0,196.02,Laptop & Accessory,Divorced,1,0,0,maturing_stable,0,0,7-12 months,recent_new_customer,1,0,0,0-7 days,low_risk_electronics,0,0,0,moderate_risk,0,0,1,medium_value,19.602001,0,0,1,0
10,17.0,4,3,5,8,195.94,Fashion,Divorced,0,0,0,maturing_stable,0,0,7-12 months,active_low_risk,0,0,1,8-14 days,moderate_risk_fashion,0,0,1,moderate_risk,0,0,1,medium_value,19.594,0,0,0,0
10,17.0,4,3,5,8,195.94,Fashion,Married,0,0,0,maturing_stable,0,0,7-12 months,active_low_risk,0,0,1,8-14 days,moderate_risk_fashion,0,0,1,stable_low_risk,0,1,0,medium_value,19.594,0,0,0,0
10,7.0,5,1,2,3,195.25,Laptop & Accessory,Married,0,0,0,maturing_stable,0,0,7-12 months,recent_new_customer,1,0,0,0-7 days,low_risk_electronics,0,0,0,stable_low_risk,0,1,0,medium_value,19.525,0,0,0,0
10,6.0,5,1,2,3,195.25,Laptop & Accessory,Married,0,0,0,maturing_stable,0,0,7-12 months,recent_new_customer,1,0,0,0-7 days,low_risk_electronics,0,0,0,stable_low_risk,0,1,0,medium_value,19.525,0,0,0,0
10,9.0,4,4,6,1,194.62,Laptop & Accessory,Married,1,0,0,maturing_stable,0,0,7-12 months,recent_new_customer,1,0,0,0-7 days,low_risk_electronics,0,0,0,stable_low_risk,0,1,0,medium_value,19.462,0,0,1,0
10,9.0,3,3,2,8,194.34,Fashion,Married,0,0,0,maturing_stable,0,0,7-12 months,active_low_risk,0,0,1,8-14 days,moderate_risk_fashion,0,0,1,stable_low_risk,0,1,0,medium_value,19.434,0,0,0,0
10,10.0,2,5,8,5,193.42,Laptop & Accessory,Married,0,0,0,maturing_stable,0,0,7-12 months,recent_new_customer,1,0,0,0-7 days,low_risk_electronics,0,0,0,stable_low_risk,0,1,0,medium_value,19.342,0,0,0,0
10,8.0,4,3,8,1,193.15,Laptop & Accessory,Single,0,0,0,maturing_stable,0,0,7-12 months,recent_new_customer,1,0,0,0-7 days,low_risk_electronics,0,0,0,unstable_high_risk,1,0,0,medium_value,19.314999,0,0,1,0
10,7.0,4,3,8,1,193.15,Laptop & Accessory,Single,0,0,0,maturing_stable,0,0,7-12 months,recent_new_customer,1,0,0,0-7 days,low_risk_electronics,0,0,0,unstable_high_risk,1,0,0,medium_value,19.314999,0,0,1,0
10,7.0,4,1,6,1,191.53,Laptop & Accessory,Single,0,0,0,maturing_stable,0,0,7-12 months,recent_new_customer,1,0,0,0-7 days,low_risk_electronics,0,0,0,unstable_high_risk,1,0,0,medium_value,19.153,0,0,1,0
10,7.0,4,2,6,1,191.53,Laptop & Accessory,Single,0,0,0,maturing_stable,0,0,7-12 months,recent_new_customer,1,0,0,0-7 days,low_risk_electronics,0,0,0,unstable_high_risk,1,0,0,medium_value,19.153,0,0,1,0
10,18.0,5,1,6,1,191.52,Laptop & Accessory,Married,0,0,0,maturing_stable,0,0,7-12 months,recent_new_customer,1,0,0,0-7 days,low_risk_electronics,0,0,0,stable_low_risk,0,1,0,medium_value,19.152,0,0,0,0
10,21.0,4,1,2,12,190.86,Laptop & Accessory,Married,1,0,0,maturing_stable,0,0,7-12 months,active_low_risk,0,0,1,8-14 days,low_risk_electronics,0,0,0,stable_low_risk,0,1,0,medium_value,19.086,0,0,1,0
10,21.0,4,2,2,12,190.86,Laptop & Accessory,Divorced,1,0,0,maturing_stable,0,0,7-12 months,active_low_risk,0,0,1,8-14 days,low_risk_electronics,0,0,0,moderate_risk,0,0,1,medium_value,19.086,0,0,1,0
10,18.0,5,4,3,4,189.99,Laptop & Accessory,Single,0,0,0,maturing_stable,0,0,7-12 months,recent_new_customer,1,0,0,0-7 days,low_risk_electronics,0,0,0,unstable_high_risk,1,0,0,medium_value,18.999,0,0,1,0
10,15.0,3,4,2,7,188.34,Fashion,Married,0,0,0,maturing_stable,0,0,7-12 months,recent_new_customer,1,0,0,0-7 days,moderate_risk_fashion,0,0,1,stable_low_risk,0,1,0,medium_value,18.834,0,0,0,0
10,12.0,4,4,10,8,184.14,Laptop & Accessory,Single,0,0,0,maturing_stable,0,0,7-12 months,active_low_risk,0,0,1,8-14 days,low_risk_electronics,0,0,0,unstable_high_risk,1,0,0,medium_value,18.414,0,0,1,0
10,11.0,5,2,3,9,183.1,Laptop & Accessory,Single,0,0,0,maturing_stable,0,0,7-12 months,active_low_risk,0,0,1,8-14 days,low_risk_electronics,0,0,0,unstable_high_risk,1,0,0,medium_value,18.310001,0,0,1,0
10,31.0,4,4,9,9,181.74,Laptop & Accessory,Divorced,0,0,0,maturing_stable,0,0,7-12 months,active_low_risk,0,0,1,8-14 days,low_risk_electronics,0,0,0,moderate_risk,0,0,1,medium_value,18.174,0,0,0,0
10,17.0,5,3,3,8,181.73,Laptop & Accessory,Married,1,0,0,maturing_stable,0,0,7-12 months,active_low_risk,0,0,1,8-14 days,low_risk_electronics,0,0,0,stable_low_risk,0,1,0,medium_value,18.173,0,0,1,0
10,23.0,5,5,6,3,181.47,Laptop & Accessory,Married,0,0,0,maturing_stable,0,0,7-12 months,recent_new_customer,1,0,0,0-7 days,low_risk_electronics,0,0,0,stable_low_risk,0,1,0,medium_value,18.147,0,0,0,0
10,13.0,2,5,5,3,180.62,Laptop & Accessory,Married,1,0,0,maturing_stable,0,0,7-12 months,recent_new_customer,1,0,0,0-7 days,low_risk_electronics,0,0,0,stable_low_risk,0,1,0,medium_value,18.062,0,0,1,0
10,24.0,5,4,4,4,180.07,Laptop & Accessory,Married,0,0,0,maturing_stable,0,0,7-12 months,recent_new_customer,1,0,0,0-7 days,low_risk_electronics,0,0,0,stable_low_risk,0,1,0,medium_value,18.007,0,0,0,0
10,9.0,4,4,11,13,179.1,Laptop & Accessory,Single,1,0,0,maturing_stable,0,0,7-12 months,active_low_risk,0,0,1,8-14 days,low_risk_electronics,0,0,0,unstable_high_risk,1,0,0,medium_value,17.91,0,0,2,0
10,22.0,6,1,3,12,179.06,Laptop & Accessory,Married,0,0,0,maturing_stable,0,0,7-12 months,active_low_risk,0,0,1,8-14 days,low_risk_electronics,0,0,0,stable_low_risk,0,1,0,medium_value,17.906,0,0,0,0
10,33.0,4,3,8,3,178.47,Laptop & Accessory,Married,0,0,0,maturing_stable,0,0,7-12 months,recent_new_customer,1,0,0,0-7 days,low_risk_electronics,0,0,0,stable_low_risk,0,1,0,medium_value,17.847,0,0,0,0
10,34.0,4,3,8,8,177.37,Laptop & Accessory,Married,0,0,0,maturing_stable,0,0,7-12 months,active_low_risk,0,0,1,8-14 days,low_risk_electronics,0,0,0,stable_low_risk,0,1,0,medium_value,17.737,0,0,0,0
10,7.0,4,4,2,6,177.28,Laptop & Accessory,Divorced,0,0,0,maturing_stable,0,0,7-12 months,recent_new_customer,1,0,0,0-7 days,low_risk_electronics,0,0,0,moderate_risk,0,0,1,medium_value,17.728,0,0,0,0
10,7.0,4,4,2,6,177.28,Laptop & Accessory,Married,0,0,0,maturing_stable,0,0,7-12 months,recent_new_customer,1,0,0,0-7 days,low_risk_electronics,0,0,0,stable_low_risk,0,1,0,medium_value,17.728,0,0,0,0
10,25.0,3,4,2,9,176.42,Fashion,Single,1,0,0,maturing_stable,0,0,7-12 months,active_low_risk,0,0,1,8-14 days,moderate_risk_fashion,0,0,1,unstable_high_risk,1,0,0,medium_value,17.642,0,0,2,0
10,11.0,4,4,9,3,176.31,Laptop & Accessory,Married,0,0,0,maturing_stable,0,0,7-12 months,recent_new_customer,1,0,0,0-7 days,low_risk_electronics,0,0,0,stable_low_risk,0,1,0,medium_value,17.631,0,0,0,0
10,15.0,4,1,6,8,175.79,Laptop & Accessory,Married,0,0,0,maturing_stable,0,0,7-12 months,active_low_risk,0,0,1,8-14 days,low_risk_electronics,0,0,0,stable_low_risk,0,1,0,medium_value,17.578999,0,0,0,0
10,15.0,4,2,6,8,175.79,Laptop & Accessory,Married,0,0,0,maturing_stable,0,0,7-12 months,active_low_risk,0,0,1,8-14 days,low_risk_electronics,0,0,0,stable_low_risk,0,1,0,medium_value,17.578999,0,0,0,0
10,6.0,3,2,5,2,174.91,Fashion,Single,0,0,0,maturing_stable,0,0,7-12 months,recent_new_customer,1,0,0,0-7 days,moderate_risk_fashion,0,0,1,unstable_high_risk,1,0,0,medium_value,17.491001,0,0,1,0
10,6.0,3,1,5,2,174.91,Fashion,Single,0,0,0,maturing_stable,0,0,7-12 months,recent_new_customer,1,0,0,0-7 days,moderate_risk_fashion,0,0,1,unstable_high_risk,1,0,0,medium_value,17.491001,0,0,1,0
10,13.0,4,4,8,2,174.41,Laptop & Accessory,Married,0,0,0,maturing_stable,0,0,7-12 months,recent_new_customer,1,0,0,0-7 days,low_risk_electronics,0,0,0,stable_low_risk,0,1,0,medium_value,17.441,0,0,0,0
10,14.0,4,1,4,2,171.78,Mobile Phone,Single,0,0,0,maturing_stable,0,0,7-12 months,recent_new_customer,1,0,0,0-7 days,high_risk_tech,1,0,0,unstable_high_risk,1,0,0,medium_value,17.178,0,0,2,0
10,19.0,4,3,11,2,171.63,Laptop & Accessory,Married,1,0,0,maturing_stable,0,0,7-12 months,recent_new_customer,1,0,0,0-7 days,low_risk_electronics,0,0,0,stable_low_risk,0,1,0,medium_value,17.163,0,0,1,0
10,14.0,2,5,4,14,171.39,Laptop & Accessory,Married,0,0,0,maturing_stable,0,0,7-12 months,active_low_risk,0,0,1,8-14 days,low_risk_electronics,0,0,0,stable_low_risk,0,1,0,medium_value,17.139,0,0,0,0
10,10.0,4,4,6,8,169.85,Laptop & Accessory,Single,0,0,0,maturing_stable,0,0,7-12 months,active_low_risk,0,0,1,8-14 days,low_risk_electronics,0,0,0,unstable_high_risk,1,0,0,medium_value,16.985,0,0,1,0
10,7.0,5,3,2,3,168.74,Laptop & Accessory,Married,0,0,0,maturing_stable,0,0,7-12 months,recent_new_customer,1,0,0,0-7 days,low_risk_electronics,0,0,0,stable_low_risk,0,1,0,medium_value,16.874,0,0,0,0
10,8.0,5,3,2,3,168.74,Laptop & Accessory,Married,0,0,0,maturing_stable,0,0,7-12 months,recent_new_customer,1,0,0,0-7 days,low_risk_electronics,0,0,0,stable_low_risk,0,1,0,medium_value,16.874,0,0,0,0
10,16.0,4,2,3,0,166.94,Laptop & Accessory,Married,1,0,0,maturing_stable,0,0,7-12 months,recent_new_customer,1,0,0,0-7 days,low_risk_electronics,0,0,0,stable_low_risk,0,1,0,medium_value,16.694,0,0,1,0
10,12.0,3,1,5,1,165.02,Laptop & Accessory,Married,0,0,0,maturing_stable,0,0,7-12 months,recent_new_customer,1,0,0,0-7 days,low_risk_electronics,0,0,0,stable_low_risk,0,1,0,medium_value,16.502,0,0,0,0
10,7.0,4,1,2,11,164.74,Laptop & Accessory,Married,0,0,0,maturing_stable,0,0,7-12 months,active_low_risk,0,0,1,8-14 days,low_risk_electronics,0,0,0,stable_low_risk,0,1,0,medium_value,16.474,0,0,0,0
10,6.0,4,2,2,11,164.74,Laptop & Accessory,Divorced,0,0,0,maturing_stable,0,0,7-12 months,active_low_risk,0,0,1,8-14 days,low_risk_electronics,0,0,0,moderate_risk,0,0,1,medium_value,16.474,0,0,0,0
10,33.0,1,3,5,3,163.97,Laptop & Accessory,Single,1,0,0,maturing_stable,0,0,7-12 months,recent_new_customer,1,0,0,0-7 days,low_risk_electronics,0,0,0,unstable_high_risk,1,0,0,medium_value,16.397,0,0,2,1
10,9.0,5,1,3,9,163.86,Laptop & Accessory,Single,0,0,0,maturing_stable,0,0,7-12 months,active_low_risk,0,0,1,8-14 days,low_risk_electronics,0,0,0,unstable_high_risk,1,0,0,medium_value,16.386,0,0,1,0
10,11.0,3,2,8,4,163.47,Laptop & Accessory,Married,0,0,0,maturing_stable,0,0,7-12 months,recent_new_customer,1,0,0,0-7 days,low_risk_electronics,0,0,0,stable_low_risk,0,1,0,medium_value,16.347,0,0,0,0
10,11.0,3,1,8,4,163.47,Laptop & Accessory,Married,0,0,0,maturing_stable,0,0,7-12 months,recent_new_customer,1,0,0,0-7 days,low_risk_electronics,0,0,0,stable_low_risk,0,1,0,medium_value,16.347,0,0,0,0
10,22.0,4,3,5,0,163.34,Laptop & Accessory,Married,0,0,0,maturing_stable,0,0,7-12 months,recent_new_customer,1,0,0,0-7 days,low_risk_electronics,0,0,0,stable_low_risk,0,1,0,medium_value,16.334,0,0,0,0
10,10.0,4,4,3,8,161.92,Mobile Phone,Married,0,0,0,maturing_stable,0,0,7-12 months,active_low_risk,0,0,1,8-14 days,high_risk_tech,1,0,0,stable_low_risk,0,1,0,medium_value,16.192,0,0,1,0
10,10.0,4,4,3,8,161.92,Mobile Phone,Divorced,0,0,0,maturing_stable,0,0,7-12 months,active_low_risk,0,0,1,8-14 days,high_risk_tech,1,0,0,moderate_risk,0,0,1,medium_value,16.192,0,0,1,0
10,25.0,3,2,6,1,161.88,Mobile Phone,Divorced,0,0,0,maturing_stable,0,0,7-12 months,recent_new_customer,1,0,0,0-7 days,high_risk_tech,1,0,0,moderate_risk,0,0,1,medium_value,16.188,0,0,1,0
10,6.0,4,3,2,7,159.93,Laptop & Accessory,Married,0,0,0,maturing_stable,0,0,7-12 months,recent_new_customer,1,0,0,0-7 days,low_risk_electronics,0,0,0,stable_low_risk,0,1,0,medium_value,15.992999,0,0,0,0
10,12.0,2,5,5,7,159.74,Laptop & Accessory,Married,1,0,0,maturing_stable,0,0,7-12 months,recent_new_customer,1,0,0,0-7 days,low_risk_electronics,0,0,0,stable_low_risk,0,1,0,medium_value,15.974001,0,0,1,0
10,25.0,3,3,4,2,157.68,Laptop & Accessory,Married,0,0,0,maturing_stable,0,0,7-12 months,recent_new_customer,1,0,0,0-7 days,low_risk_electronics,0,0,0,stable_low_risk,0,1,0,medium_value,15.768,0,0,0,0
10,31.0,4,2,8,3,157.31,Laptop & Accessory,Married,0,0,0,maturing_stable,0,0,7-12 months,recent_new_customer,1,0,0,0-7 days,low_risk_electronics,0,0,0,stable_low_risk,0,1,0,medium_value,15.731,0,0,0,0
10,13.0,2,1,5,1,155.38,Mobile Phone,Married,0,0,0,maturing_stable,0,0,7-12 months,recent_new_customer,1,0,0,0-7 days,high_risk_tech,1,0,0,stable_low_risk,0,1,0,medium_value,15.538,0,0,1,0
10,10.0,4,1,7,1,153.35,Mobile Phone,Married,0,0,0,maturing_stable,0,0,7-12 months,recent_new_customer,1,0,0,0-7 days,high_risk_tech,1,0,0,stable_low_risk,0,1,0,medium_value,15.335001,0,0,1,0
10,16.0,2,4,3,3,153.1,Mobile Phone,Married,0,0,0,maturing_stable,0,0,7-12 months,recent_new_customer,1,0,0,0-7 days,high_risk_tech,1,0,0,stable_low_risk,0,1,0,medium_value,15.31,0,0,1,0
10,13.0,6,3,3,8,152.41,Mobile Phone,Married,0,0,0,maturing_stable,0,0,7-12 months,active_low_risk,0,0,1,8-14 days,high_risk_tech,1,0,0,stable_low_risk,0,1,0,medium_value,15.241,0,0,1,0
10,8.0,4,1,6,0,151.63,Laptop & Accessory,Married,0,0,0,maturing_stable,0,0,7-12 months,recent_new_customer,1,0,0,0-7 days,low_risk_electronics,0,0,0,stable_low_risk,0,1,0,medium_value,15.163,0,0,0,0
10,9.0,4,1,5,3,151.44,Mobile Phone,Single,1,0,0,maturing_stable,0,0,7-12 months,recent_new_customer,1,0,0,0-7 days,high_risk_tech,1,0,0,unstable_high_risk,1,0,0,medium_value,15.144,0,0,3,0
10,30.0,2,1,6,4,150.71,Laptop & Accessory,Married,0,0,0,maturing_stable,0,0,7-12 months,recent_new_customer,1,0,0,0-7 days,low_risk_electronics,0,0,0,stable_low_risk,0,1,0,medium_value,15.071001,0,0,0,0
10,9.0,4,3,6,3,150.43,Mobile Phone,Married,0,0,0,maturing_stable,0,0,7-12 months,recent_new_customer,1,0,0,0-7 days,high_risk_tech,1,0,0,stable_low_risk,0,1,0,medium_value,15.042999,0,0,1,0
10,9.0,4,3,6,10,150.19,Mobile Phone,Single,0,0,0,maturing_stable,0,0,7-12 months,active_low_risk,0,0,1,8-14 days,high_risk_tech,1,0,0,unstable_high_risk,1,0,0,medium_value,15.019,0,0,2,0
10,15.0,5,5,2,4,148.42,Mobile Phone,Married,0,0,0,maturing_stable,0,0,7-12 months,recent_new_customer,1,0,0,0-7 days,high_risk_tech,1,0,0,stable_low_risk,0,1,0,low_value,14.842,0,0,1,0
10,16.0,2,2,4,0,146.8,Mobile Phone,Single,0,0,0,maturing_stable,0,0,7-12 months,recent_new_customer,1,0,0,0-7 days,high_risk_tech,1,0,0,unstable_high_risk,1,0,0,low_value,14.68,0,0,2,0
10,25.0,4,1,3,8,146.53,Mobile Phone,Single,0,0,0,maturing_stable,0,0,7-12 months,active_low_risk,0,0,1,8-14 days,high_risk_tech,1,0,0,unstable_high_risk,1,0,0,low_value,14.653,0,0,2,0
10,25.0,4,2,3,8,146.53,Mobile Phone,Single,0,0,0,maturing_stable,0,0,7-12 months,active_low_risk,0,0,1,8-14 days,high_risk_tech,1,0,0,unstable_high_risk,1,0,0,low_value,14.653,0,0,2,0
10,20.0,4,4,5,5,146.43,Mobile Phone,Divorced,0,0,0,maturing_stable,0,0,7-12 months,recent_new_customer,1,0,0,0-7 days,high_risk_tech,1,0,0,moderate_risk,0,0,1,low_value,14.643,0,0,1,0
10,10.0,4,4,6,3,145.88,Mobile Phone,Single,0,0,0,maturing_stable,0,0,7-12 months,recent_new_customer,1,0,0,0-7 days,high_risk_tech,1,0,0,unstable_high_risk,1,0,0,low_value,14.588,0,0,2,0
10,14.0,4,4,4,4,145.13,Mobile Phone,Single,0,0,0,maturing_stable,0,0,7-12 months,recent_new_customer,1,0,0,0-7 days,high_risk_tech,1,0,0,unstable_high_risk,1,0,0,low_value,14.5130005,0,0,2,0
10,31.0,3,3,4,7,144.49,Laptop & Accessory,Married,1,0,0,maturing_stable,0,0,7-12 months,recent_new_customer,1,0,0,0-7 days,low_risk_electronics,0,0,0,stable_low_risk,0,1,0,low_value,14.449,0,0,1,0
10,31.0,3,3,4,7,144.49,Laptop & Accessory,Divorced,1,0,0,maturing_stable,0,0,7-12 months,recent_new_customer,1,0,0,0-7 days,low_risk_electronics,0,0,0,moderate_risk,0,0,1,low_value,14.449,0,0,1,0
10,19.0,3,1,2,7,142.85,Laptop & Accessory,Married,0,0,0,maturing_stable,0,0,7-12 months,recent_new_customer,1,0,0,0-7 days,low_risk_electronics,0,0,0,stable_low_risk,0,1,0,low_value,14.285001,0,0,0,0
10,13.0,3,5,6,4,142.84,Laptop & Accessory,Married,1,0,0,maturing_stable,0,0,7-12 months,recent_new_customer,1,0,0,0-7 days,low_risk_electronics,0,0,0,stable_low_risk,0,1,0,low_value,14.283999,0,0,1,0
10,16.0,3,4,3,1,141.97,Laptop & Accessory,Single,1,0,0,maturing_stable,0,0,7-12 months,recent_new_customer,1,0,0,0-7 days,low_risk_electronics,0,0,0,unstable_high_risk,1,0,0,low_value,14.1970005,0,0,2,0
10,15.0,4,4,2,3,141.89,Laptop & Accessory,Married,0,0,0,maturing_stable,0,0,7-12 months,recent_new_customer,1,0,0,0-7 days,low_risk_electronics,0,0,0,stable_low_risk,0,1,0,low_value,14.189,0,0,0,0
10,9.0,3,4,4,1,141.07,Laptop & Accessory,Single,0,0,0,maturing_stable,0,0,7-12 months,recent_new_customer,1,0,0,0-7 days,low_risk_electronics,0,0,0,unstable_high_risk,1,0,0,low_value,14.107,0,0,1,0
10,14.0,3,4,3,7,140.71,Laptop & Accessory,Married,0,0,0,maturing_stable,0,0,7-12 months,recent_new_customer,1,0,0,0-7 days,low_risk_electronics,0,0,0,stable_low_risk,0,1,0,low_value,14.071001,0,0,0,0
10,16.0,3,4,2,7,139.36,Mobile Phone,Married,0,0,0,maturing_stable,0,0,7-12 months,recent_new_customer,1,0,0,0-7 days,high_risk_tech,1,0,0,stable_low_risk,0,1,0,low_value,13.936,0,0,1,0
10,6.0,4,5,3,2,139.2,Mobile Phone,Divorced,0,0,0,maturing_stable,0,0,7-12 months,recent_new_customer,1,0,0,0-7 days,high_risk_tech,1,0,0,moderate_risk,0,0,1,low_value,13.92,0,0,1,0
10,17.0,3,3,5,2,136.29,Mobile Phone,Single,0,0,0,maturing_stable,0,0,7-12 months,recent_new_customer,1,0,0,0-7 days,high_risk_tech,1,0,0,unstable_high_risk,1,0,0,low_value,13.629,0,0,2,0
10,11.0,1,3,1,3,135.0,Mobile,Single,0,0,0,maturing_stable,0,0,7-12 months,recent_new_customer,1,0,0,0-7 days,high_risk_tech,1,0,0,unstable_high_risk,1,0,0,low_value,13.5,0,0,2,0
10,16.0,3,5,7,3,134.52,Mobile,Married,0,0,0,maturing_stable,0,0,7-12 months,recent_new_customer,1,0,0,0-7 days,high_risk_tech,1,0,0,stable_low_risk,0,1,0,low_value,13.452001,0,0,1,0
10,16.0,3,5,7,3,134.52,Mobile,Divorced,0,0,0,maturing_stable,0,0,7-12 months,recent_new_customer,1,0,0,0-7 days,high_risk_tech,1,0,0,moderate_risk,0,0,1,low_value,13.452001,0,0,1,0
10,20.0,3,5,2,17,130.34,Mobile,Married,0,0,0,maturing_stable,0,0,7-12 months,stable_lowest_risk,0,0,1,15-30 days,high_risk_tech,1,0,0,stable_low_risk,0,1,0,low_value,13.033999,0,0,1,0
10,25.0,3,4,5,0,130.22,Mobile,Married,0,0,0,maturing_stable,0,0,7-12 months,recent_new_customer,1,0,0,0-7 days,high_risk_tech,1,0,0,stable_low_risk,0,1,0,low_value,13.022,0,0,1,0
10,10.0,3,3,8,3,129.96,Mobile,Married,1,0,0,maturing_stable,0,0,7-12 months,recent_new_customer,1,0,0,0-7 days,high_risk_tech,1,0,0,stable_low_risk,0,1,0,low_value,12.996,0,0,2,0
10,27.0,3,1,6,0,129.73,Mobile,Married,0,0,0,maturing_stable,0,0,7-12 months,recent_new_customer,1,0,0,0-7 days,high_risk_tech,1,0,0,stable_low_risk,0,1,0,low_value,12.973,0,0,1,0
10,27.0,3,2,6,0,129.73,Mobile,Divorced,0,0,0,maturing_stable,0,0,7-12 months,recent_new_customer,1,0,0,0-7 days,high_risk_tech,1,0,0,moderate_risk,0,0,1,low_value,12.973,0,0,1,0
10,14.0,3,1,2,2,123.26,Mobile,Married,1,0,0,maturing_stable,0,0,7-12 months,recent_new_customer,1,0,0,0-7 days,high_risk_tech,1,0,0,stable_low_risk,0,1,0,low_value,12.326,0,0,2,0
10,14.0,3,2,2,2,123.26,Mobile,Divorced,1,0,0,maturing_stable,0,0,7-12 months,recent_new_customer,1,0,0,0-7 days,high_risk_tech,1,0,0,moderate_risk,0,0,1,low_value,12.326,0,0,2,0
10,10.0,3,2,5,8,0.0,Mobile Phone,Married,0,0,0,maturing_stable,0,0,7-12 months,active_low_risk,0,0,1,8-14 days,high_risk_tech,1,0,0,stable_low_risk,0,1,0,minimal_value,0.0,0,1,1,0
9,9.0,6,4,4,12,313.24,Others,Single,1,0,0,maturing_stable,0,0,7-12 months,active_low_risk,0,0,1,8-14 days,low_risk_other,0,0,0,unstable_high_risk,1,0,0,high_value,34.804443,1,0,2,1
9,32.0,5,4,5,9,234.03,Fashion,Divorced,0,0,0,maturing_stable,0,0,7-12 months,active_low_risk,0,0,1,8-14 days,moderate_risk_fashion,0,0,1,moderate_risk,0,0,1,medium_value,26.003334,0,0,0,0
9,16.0,5,3,3,16,231.85,Fashion,Married,1,0,0,maturing_stable,0,0,7-12 months,stable_lowest_risk,0,0,1,15-30 days,moderate_risk_fashion,0,0,1,stable_low_risk,0,1,0,medium_value,25.761112,0,0,1,0
9,16.0,5,3,3,16,231.85,Fashion,Divorced,1,0,0,maturing_stable,0,0,7-12 months,stable_lowest_risk,0,0,1,15-30 days,moderate_risk_fashion,0,0,1,moderate_risk,0,0,1,medium_value,25.761112,0,0,1,0
9,32.0,4,3,3,47,228.88,Fashion,Married,1,1,0,maturing_stable,0,0,7-12 months,dormant_high_risk,0,1,0,31+ days,moderate_risk_fashion,0,0,1,stable_low_risk,0,1,0,medium_value,25.431112,0,0,2,0
9,15.0,5,2,6,47,228.77,Fashion,Divorced,1,1,0,maturing_stable,0,0,7-12 months,dormant_high_risk,0,1,0,31+ days,moderate_risk_fashion,0,0,1,moderate_risk,0,0,1,medium_value,25.41889,0,0,2,0
9,9.0,5,4,4,47,227.74,Fashion,Married,0,1,0,maturing_stable,0,0,7-12 months,dormant_high_risk,0,1,0,31+ days,moderate_risk_fashion,0,0,1,stable_low_risk,0,1,0,medium_value,25.304445,0,0,1,0
9,14.0,4,3,5,47,227.21,Fashion,Single,0,1,0,maturing_stable,0,0,7-12 months,dormant_high_risk,0,1,0,31+ days,moderate_risk_fashion,0,0,1,unstable_high_risk,1,0,0,medium_value,25.245556,0,0,2,0
9,25.0,4,1,4,47,218.62,Fashion,Single,0,1,0,maturing_stable,0,0,7-12 months,dormant_high_risk,0,1,0,31+ days,moderate_risk_fashion,0,0,1,unstable_high_risk,1,0,0,medium_value,24.291111,0,0,2,0
9,14.0,1,5,10,47,217.13,Fashion,Married,0,1,0,maturing_stable,0,0,7-12 months,dormant_high_risk,0,1,0,31+ days,moderate_risk_fashion,0,0,1,stable_low_risk,0,1,0,medium_value,24.125557,0,0,1,0
9,14.0,2,5,10,47,217.13,Fashion,Divorced,0,1,0,maturing_stable,0,0,7-12 months,dormant_high_risk,0,1,0,31+ days,moderate_risk_fashion,0,0,1,moderate_risk,0,0,1,medium_value,24.125557,0,0,1,0
9,6.0,4,5,3,47,215.69,Fashion,Married,0,1,0,maturing_stable,0,0,7-12 months,dormant_high_risk,0,1,0,31+ days,moderate_risk_fashion,0,0,1,stable_low_risk,0,1,0,medium_value,23.965555,0,0,1,0
9,24.0,4,5,5,47,214.66,Laptop & Accessory,Divorced,1,1,0,maturing_stable,0,0,7-12 months,dormant_high_risk,0,1,0,31+ days,low_risk_electronics,0,0,0,moderate_risk,0,0,1,medium_value,23.851112,0,0,2,0
9,24.0,4,5,5,47,214.66,Laptop & Accessory,Married,1,1,0,maturing_stable,0,0,7-12 months,dormant_high_risk,0,1,0,31+ days,low_risk_electronics,0,0,0,stable_low_risk,0,1,0,medium_value,23.851112,0,0,2,0
9,7.0,4,3,3,47,212.89,Fashion,Single,0,1,0,maturing_stable,0,0,7-12 months,dormant_high_risk,0,1,0,31+ days,moderate_risk_fashion,0,0,1,unstable_high_risk,1,0,0,medium_value,23.654444,0,0,2,0
9,23.0,5,4,3,47,211.06,Fashion,Single,0,1,0,maturing_stable,0,0,7-12 months,dormant_high_risk,0,1,0,31+ days,moderate_risk_fashion,0,0,1,unstable_high_risk,1,0,0,medium_value,23.45111,0,0,2,0
9,12.0,4,4,2,14,205.95,Fashion,Single,0,0,0,maturing_stable,0,0,7-12 months,active_low_risk,0,0,1,8-14 days,moderate_risk_fashion,0,0,1,unstable_high_risk,1,0,0,medium_value,22.883333,0,0,1,0
9,23.0,4,4,2,10,205.2,Fashion,Divorced,0,0,0,maturing_stable,0,0,7-12 months,active_low_risk,0,0,1,8-14 days,moderate_risk_fashion,0,0,1,moderate_risk,0,0,1,medium_value,22.8,0,0,0,0
9,23.0,4,4,2,10,205.2,Fashion,Married,0,0,0,maturing_stable,0,0,7-12 months,active_low_risk,0,0,1,8-14 days,moderate_risk_fashion,0,0,1,stable_low_risk,0,1,0,medium_value,22.8,0,0,0,0
9,10.0,4,1,8,9,203.23,Fashion,Married,0,0,0,maturing_stable,0,0,7-12 months,active_low_risk,0,0,1,8-14 days,moderate_risk_fashion,0,0,1,stable_low_risk,0,1,0,medium_value,22.58111,0,0,0,0
9,7.0,5,5,3,7,202.52,Fashion,Married,1,0,0,maturing_stable,0,0,7-12 months,recent_new_customer,1,0,0,0-7 days,moderate_risk_fashion,0,0,1,stable_low_risk,0,1,0,medium_value,22.502222,0,0,1,0
9,6.0,5,5,3,7,202.52,Fashion,Married,1,0,0,maturing_stable,0,0,7-12 months,recent_new_customer,1,0,0,0-7 days,moderate_risk_fashion,0,0,1,stable_low_risk,0,1,0,medium_value,22.502222,0,0,1,0
9,23.0,4,3,6,1,201.32,Fashion,Divorced,1,0,0,maturing_stable,0,0,7-12 months,recent_new_customer,1,0,0,0-7 days,moderate_risk_fashion,0,0,1,moderate_risk,0,0,1,medium_value,22.368889,0,0,1,0
9,23.0,4,3,6,1,201.32,Fashion,Married,1,0,0,maturing_stable,0,0,7-12 months,recent_new_customer,1,0,0,0-7 days,moderate_risk_fashion,0,0,1,stable_low_risk,0,1,0,medium_value,22.368889,0,0,1,0
9,14.0,3,3,2,8,200.96,Fashion,Married,0,0,0,maturing_stable,0,0,7-12 months,active_low_risk,0,0,1,8-14 days,moderate_risk_fashion,0,0,1,stable_low_risk,0,1,0,medium_value,22.32889,0,0,0,0
9,15.0,3,1,5,3,200.96,Fashion,Married,0,0,0,maturing_stable,0,0,7-12 months,recent_new_customer,1,0,0,0-7 days,moderate_risk_fashion,0,0,1,stable_low_risk,0,1,0,medium_value,22.32889,0,0,0,1
9,16.0,3,1,2,7,199.8,Fashion,Single,0,0,0,maturing_stable,0,0,7-12 months,recent_new_customer,1,0,0,0-7 days,moderate_risk_fashion,0,0,1,unstable_high_risk,1,0,0,medium_value,22.2,0,0,1,0
9,7.0,4,4,3,7,197.95,Fashion,Divorced,0,0,0,maturing_stable,0,0,7-12 months,recent_new_customer,1,0,0,0-7 days,moderate_risk_fashion,0,0,1,moderate_risk,0,0,1,medium_value,21.994444,0,0,0,0
9,17.0,3,1,1,8,197.38,Fashion,Married,0,0,0,maturing_stable,0,0,7-12 months,active_low_risk,0,0,1,8-14 days,moderate_risk_fashion,0,0,1,stable_low_risk,0,1,0,medium_value,21.931112,0,0,0,0
9,9.0,4,1,5,12,196.99,Fashion,Married,0,0,0,maturing_stable,0,0,7-12 months,active_low_risk,0,0,1,8-14 days,moderate_risk_fashion,0,0,1,stable_low_risk,0,1,0,medium_value,21.88778,0,0,0,0
9,9.0,4,2,5,12,196.99,Fashion,Divorced,0,0,0,maturing_stable,0,0,7-12 months,active_low_risk,0,0,1,8-14 days,moderate_risk_fashion,0,0,1,moderate_risk,0,0,1,medium_value,21.88778,0,0,0,0
9,15.0,4,1,2,7,196.19,Fashion,Single,0,0,0,maturing_stable,0,0,7-12 months,recent_new_customer,1,0,0,0-7 days,moderate_risk_fashion,0,0,1,unstable_high_risk,1,0,0,medium_value,21.79889,0,0,1,1
9,34.0,4,3,4,8,193.83,Laptop & Accessory,Married,0,0,0,maturing_stable,0,0,7-12 months,active_low_risk,0,0,1,8-14 days,low_risk_electronics,0,0,0,stable_low_risk,0,1,0,medium_value,21.536667,0,0,0,0
9,9.0,3,4,4,1,192.78,Laptop & Accessory,Single,1,0,0,maturing_stable,0,0,7-12 months,recent_new_customer,1,0,0,0-7 days,low_risk_electronics,0,0,0,unstable_high_risk,1,0,0,medium_value,21.42,0,0,2,0
9,13.0,6,2,3,9,191.46,Laptop & Accessory,Single,0,0,0,maturing_stable,0,0,7-12 months,active_low_risk,0,0,1,8-14 days,low_risk_electronics,0,0,0,unstable_high_risk,1,0,0,medium_value,21.273335,0,0,1,0
9,13.0,6,1,3,9,191.46,Laptop & Accessory,Single,0,0,0,maturing_stable,0,0,7-12 months,active_low_risk,0,0,1,8-14 days,low_risk_electronics,0,0,0,unstable_high_risk,1,0,0,medium_value,21.273335,0,0,1,0
9,16.0,5,4,11,1,190.4,Laptop & Accessory,Single,0,0,0,maturing_stable,0,0,7-12 months,recent_new_customer,1,0,0,0-7 days,low_risk_electronics,0,0,0,unstable_high_risk,1,0,0,medium_value,21.155556,0,0,1,0
9,27.0,3,4,5,7,189.26,Laptop & Accessory,Married,0,0,0,maturing_stable,0,0,7-12 months,recent_new_customer,1,0,0,0-7 days,low_risk_electronics,0,0,0,stable_low_risk,0,1,0,medium_value,21.028889,0,0,0,1
9,18.0,4,2,1,8,188.58,Fashion,Single,0,0,0,maturing_stable,0,0,7-12 months,active_low_risk,0,0,1,8-14 days,moderate_risk_fashion,0,0,1,unstable_high_risk,1,0,0,medium_value,20.953333,0,0,1,0
9,15.0,4,4,3,2,188.47,Laptop & Accessory,Married,1,0,0,maturing_stable,0,0,7-12 months,recent_new_customer,1,0,0,0-7 days,low_risk_electronics,0,0,0,stable_low_risk,0,1,0,medium_value,20.94111,0,0,1,0
9,17.0,4,3,5,5,186.42,Laptop & Accessory,Single,1,0,0,maturing_stable,0,0,7-12 months,recent_new_customer,1,0,0,0-7 days,low_risk_electronics,0,0,0,unstable_high_risk,1,0,0,medium_value,20.713333,0,0,2,0
9,16.0,3,5,8,7,183.21,Fashion,Married,1,0,0,maturing_stable,0,0,7-12 months,recent_new_customer,1,0,0,0-7 days,moderate_risk_fashion,0,0,1,stable_low_risk,0,1,0,medium_value,20.356667,0,0,1,0
9,9.0,4,1,4,8,182.62,Laptop & Accessory,Married,0,0,0,maturing_stable,0,0,7-12 months,active_low_risk,0,0,1,8-14 days,low_risk_electronics,0,0,0,stable_low_risk,0,1,0,medium_value,20.291111,0,0,0,0
9,25.0,4,3,3,3,181.89,Laptop & Accessory,Married,1,0,0,maturing_stable,0,0,7-12 months,recent_new_customer,1,0,0,0-7 days,low_risk_electronics,0,0,0,stable_low_risk,0,1,0,medium_value,20.21,0,0,1,0
9,25.0,4,5,2,5,180.61,Laptop & Accessory,Married,0,0,0,maturing_stable,0,0,7-12 months,recent_new_customer,1,0,0,0-7 days,low_risk_electronics,0,0,0,stable_low_risk,0,1,0,medium_value,20.067778,0,0,0,0
9,11.0,3,5,5,2,180.08,Fashion,Married,0,0,0,maturing_stable,0,0,7-12 months,recent_new_customer,1,0,0,0-7 days,moderate_risk_fashion,0,0,1,stable_low_risk,0,1,0,medium_value,20.008888,0,0,0,0
9,8.0,5,1,2,1,178.63,Laptop & Accessory,Married,0,0,0,maturing_stable,0,0,7-12 months,recent_new_customer,1,0,0,0-7 days,low_risk_electronics,0,0,0,stable_low_risk,0,1,0,medium_value,19.847778,0,0,0,0
9,7.0,5,2,2,1,178.63,Laptop & Accessory,Divorced,0,0,0,maturing_stable,0,0,7-12 months,recent_new_customer,1,0,0,0-7 days,low_risk_electronics,0,0,0,moderate_risk,0,0,1,medium_value,19.847778,0,0,0,0
9,24.0,3,2,3,9,177.79,Laptop & Accessory,Single,0,0,0,maturing_stable,0,0,7-12 months,active_low_risk,0,0,1,8-14 days,low_risk_electronics,0,0,0,unstable_high_risk,1,0,0,medium_value,19.754444,0,0,1,0
9,25.0,2,5,3,11,177.08,Laptop & Accessory,Married,0,0,0,maturing_stable,0,0,7-12 months,active_low_risk,0,0,1,8-14 days,low_risk_electronics,0,0,0,stable_low_risk,0,1,0,medium_value,19.675556,0,0,0,0
9,9.0,4,1,1,4,176.44,Fashion,Married,0,0,0,maturing_stable,0,0,7-12 months,recent_new_customer,1,0,0,0-7 days,moderate_risk_fashion,0,0,1,stable_low_risk,0,1,0,medium_value,19.604445,0,0,0,0
9,16.0,4,3,3,9,175.98,Laptop & Accessory,Single,0,0,0,maturing_stable,0,0,7-12 months,active_low_risk,0,0,1,8-14 days,low_risk_electronics,0,0,0,unstable_high_risk,1,0,0,medium_value,19.553333,0,0,1,0
9,8.0,4,3,2,0,175.96,Fashion,Divorced,0,0,0,maturing_stable,0,0,7-12 months,recent_new_customer,1,0,0,0-7 days,moderate_risk_fashion,0,0,1,moderate_risk,0,0,1,medium_value,19.551111,0,0,0,0
9,8.0,4,3,2,0,175.96,Fashion,Married,0,0,0,maturing_stable,0,0,7-12 months,recent_new_customer,1,0,0,0-7 days,moderate_risk_fashion,0,0,1,stable_low_risk,0,1,0,medium_value,19.551111,0,0,0,0
9,9.0,4,5,4,1,175.93,Laptop & Accessory,Married,0,0,0,maturing_stable,0,0,7-12 months,recent_new_customer,1,0,0,0-7 days,low_risk_electronics,0,0,0,stable_low_risk,0,1,0,medium_value,19.547777,0,0,0,0
9,14.0,4,5,2,9,175.87,Fashion,Single,0,0,0,maturing_stable,0,0,7-12 months,active_low_risk,0,0,1,8-14 days,moderate_risk_fashion,0,0,1,unstable_high_risk,1,0,0,medium_value,19.541111,0,0,1,0
9,18.0,4,2,3,3,174.68,Laptop & Accessory,Married,0,0,0,maturing_stable,0,0,7-12 months,recent_new_customer,1,0,0,0-7 days,low_risk_electronics,0,0,0,stable_low_risk,0,1,0,medium_value,19.408888,0,0,0,0
9,7.0,4,3,3,4,173.59,Laptop & Accessory,Single,0,0,0,maturing_stable,0,0,7-12 months,recent_new_customer,1,0,0,0-7 days,low_risk_electronics,0,0,0,unstable_high_risk,1,0,0,medium_value,19.287777,0,0,1,0
9,16.0,3,4,6,7,173.14,Fashion,Married,0,0,0,maturing_stable,0,0,7-12 months,recent_new_customer,1,0,0,0-7 days,moderate_risk_fashion,0,0,1,stable_low_risk,0,1,0,medium_value,19.237778,0,0,0,1
9,7.0,4,3,11,10,172.17,Laptop & Accessory,Divorced,0,0,0,maturing_stable,0,0,7-12 months,active_low_risk,0,0,1,8-14 days,low_risk_electronics,0,0,0,moderate_risk,0,0,1,medium_value,19.13,0,0,0,0
9,25.0,4,3,3,1,171.01,Laptop & Accessory,Divorced,0,0,0,maturing_stable,0,0,7-12 months,recent_new_customer,1,0,0,0-7 days,low_risk_electronics,0,0,0,moderate_risk,0,0,1,medium_value,19.00111,0,0,0,0
9,25.0,4,3,3,1,171.01,Laptop & Accessory,Married,0,0,0,maturing_stable,0,0,7-12 months,recent_new_customer,1,0,0,0-7 days,low_risk_electronics,0,0,0,stable_low_risk,0,1,0,medium_value,19.00111,0,0,0,0
9,16.0,3,3,4,7,170.94,Fashion,Married,0,0,0,maturing_stable,0,0,7-12 months,recent_new_customer,1,0,0,0-7 days,moderate_risk_fashion,0,0,1,stable_low_risk,0,1,0,medium_value,18.993334,0,0,0,0
9,8.0,3,4,5,0,169.62,Laptop & Accessory,Married,1,0,0,maturing_stable,0,0,7-12 months,recent_new_customer,1,0,0,0-7 days,low_risk_electronics,0,0,0,stable_low_risk,0,1,0,medium_value,18.846666,0,0,1,0
9,9.0,4,4,7,3,169.25,Laptop & Accessory,Single,0,0,0,maturing_stable,0,0,7-12 months,recent_new_customer,1,0,0,0-7 days,low_risk_electronics,0,0,0,unstable_high_risk,1,0,0,medium_value,18.805555,0,0,1,0
9,9.0,1,5,7,4,168.42,Laptop & Accessory,Married,0,0,0,maturing_stable,0,0,7-12 months,recent_new_customer,1,0,0,0-7 days,low_risk_electronics,0,0,0,stable_low_risk,0,1,0,medium_value,18.713333,0,0,0,0
9,15.0,4,3,3,5,168.23,Mobile Phone,Single,0,0,0,maturing_stable,0,0,7-12 months,recent_new_customer,1,0,0,0-7 days,high_risk_tech,1,0,0,unstable_high_risk,1,0,0,medium_value,18.692223,0,0,2,0
9,7.0,5,5,2,9,168.12,Laptop & Accessory,Single,0,0,0,maturing_stable,0,0,7-12 months,active_low_risk,0,0,1,8-14 days,low_risk_electronics,0,0,0,unstable_high_risk,1,0,0,medium_value,18.68,0,0,1,0
9,11.0,4,3,3,2,167.49,Laptop & Accessory,Single,1,0,0,maturing_stable,0,0,7-12 months,recent_new_customer,1,0,0,0-7 days,low_risk_electronics,0,0,0,unstable_high_risk,1,0,0,medium_value,18.61,0,0,2,0
9,6.0,3,2,5,0,166.53,Laptop & Accessory,Single,0,0,0,maturing_stable,0,0,7-12 months,recent_new_customer,1,0,0,0-7 days,low_risk_electronics,0,0,0,unstable_high_risk,1,0,0,medium_value,18.503334,0,0,1,0
9,6.0,3,1,5,0,166.53,Laptop & Accessory,Single,0,0,0,maturing_stable,0,0,7-12 months,recent_new_customer,1,0,0,0-7 days,low_risk_electronics,0,0,0,unstable_high_risk,1,0,0,medium_value,18.503334,0,0,1,0
9,17.0,4,1,5,0,166.52,Laptop & Accessory,Married,0,0,0,maturing_stable,0,0,7-12 months,recent_new_customer,1,0,0,0-7 days,low_risk_electronics,0,0,0,stable_low_risk,0,1,0,medium_value,18.502222,0,0,0,0
9,15.0,4,3,3,10,166.48,Laptop & Accessory,Married,0,0,0,maturing_stable,0,0,7-12 months,active_low_risk,0,0,1,8-14 days,low_risk_electronics,0,0,0,stable_low_risk,0,1,0,medium_value,18.497778,0,0,0,0
9,28.0,4,1,3,8,165.14,Laptop & Accessory,Married,1,0,0,maturing_stable,0,0,7-12 months,active_low_risk,0,0,1,8-14 days,low_risk_electronics,0,0,0,stable_low_risk,0,1,0,medium_value,18.348888,0,0,1,0
9,28.0,4,2,3,8,165.14,Laptop & Accessory,Divorced,1,0,0,maturing_stable,0,0,7-12 months,active_low_risk,0,0,1,8-14 days,low_risk_electronics,0,0,0,moderate_risk,0,0,1,medium_value,18.348888,0,0,1,0
9,30.0,4,5,5,3,165.14,Mobile Phone,Married,1,0,0,maturing_stable,0,0,7-12 months,recent_new_customer,1,0,0,0-7 days,high_risk_tech,1,0,0,stable_low_risk,0,1,0,medium_value,18.348888,0,0,2,0
9,17.0,4,2,3,3,164.17,Mobile Phone,Married,0,0,0,maturing_stable,0,0,7-12 months,recent_new_customer,1,0,0,0-7 days,high_risk_tech,1,0,0,stable_low_risk,0,1,0,medium_value,18.241112,0,0,1,0
9,6.0,3,1,2,11,162.01,Laptop & Accessory,Married,1,0,0,maturing_stable,0,0,7-12 months,active_low_risk,0,0,1,8-14 days,low_risk_electronics,0,0,0,stable_low_risk,0,1,0,medium_value,18.00111,0,0,1,0
9,32.0,5,1,6,3,161.81,Laptop & Accessory,Single,0,0,0,maturing_stable,0,0,7-12 months,recent_new_customer,1,0,0,0-7 days,low_risk_electronics,0,0,0,unstable_high_risk,1,0,0,medium_value,17.97889,0,0,1,0
9,32.0,5,2,6,3,161.81,Laptop & Accessory,Single,0,0,0,maturing_stable,0,0,7-12 months,recent_new_customer,1,0,0,0-7 days,low_risk_electronics,0,0,0,unstable_high_risk,1,0,0,medium_value,17.97889,0,0,1,0
9,13.0,4,3,2,3,160.06,Mobile Phone,Divorced,1,0,0,maturing_stable,0,0,7-12 months,recent_new_customer,1,0,0,0-7 days,high_risk_tech,1,0,0,moderate_risk,0,0,1,medium_value,17.784445,0,0,2,0
9,11.0,3,4,9,7,159.14,Laptop & Accessory,Single,0,0,0,maturing_stable,0,0,7-12 months,recent_new_customer,1,0,0,0-7 days,low_risk_electronics,0,0,0,unstable_high_risk,1,0,0,medium_value,17.682222,0,0,1,0
9,35.0,2,3,3,9,159.07,Laptop & Accessory,Married,0,0,0,maturing_stable,0,0,7-12 months,active_low_risk,0,0,1,8-14 days,low_risk_electronics,0,0,0,stable_low_risk,0,1,0,medium_value,17.674446,0,0,0,0
9,10.0,4,1,2,8,158.1,Laptop & Accessory,Single,0,0,0,maturing_stable,0,0,7-12 months,active_low_risk,0,0,1,8-14 days,low_risk_electronics,0,0,0,unstable_high_risk,1,0,0,medium_value,17.566668,0,0,1,0
9,10.0,4,2,2,8,158.1,Laptop & Accessory,Single,0,0,0,maturing_stable,0,0,7-12 months,active_low_risk,0,0,1,8-14 days,low_risk_electronics,0,0,0,unstable_high_risk,1,0,0,medium_value,17.566668,0,0,1,0
9,30.0,3,4,8,8,156.74,Laptop & Accessory,Divorced,0,0,0,maturing_stable,0,0,7-12 months,active_low_risk,0,0,1,8-14 days,low_risk_electronics,0,0,0,moderate_risk,0,0,1,medium_value,17.415556,0,0,0,0
9,30.0,3,4,8,8,156.74,Laptop & Accessory,Married,0,0,0,maturing_stable,0,0,7-12 months,active_low_risk,0,0,1,8-14 days,low_risk_electronics,0,0,0,stable_low_risk,0,1,0,medium_value,17.415556,0,0,0,0
9,16.0,4,3,2,7,156.73,Laptop & Accessory,Married,1,0,0,maturing_stable,0,0,7-12 months,recent_new_customer,1,0,0,0-7 days,low_risk_electronics,0,0,0,stable_low_risk,0,1,0,medium_value,17.414444,0,0,1,0
9,22.0,4,5,5,2,156.47,Laptop & Accessory,Divorced,0,0,0,maturing_stable,0,0,7-12 months,recent_new_customer,1,0,0,0-7 days,low_risk_electronics,0,0,0,moderate_risk,0,0,1,medium_value,17.385555,0,0,0,0
9,22.0,4,5,5,2,156.47,Laptop & Accessory,Married,0,0,0,maturing_stable,0,0,7-12 months,recent_new_customer,1,0,0,0-7 days,low_risk_electronics,0,0,0,stable_low_risk,0,1,0,medium_value,17.385555,0,0,0,0
9,12.0,1,5,4,2,155.62,Laptop & Accessory,Married,1,0,0,maturing_stable,0,0,7-12 months,recent_new_customer,1,0,0,0-7 days,low_risk_electronics,0,0,0,stable_low_risk,0,1,0,medium_value,17.291111,0,0,1,0
9,23.0,4,4,3,3,155.07,Laptop & Accessory,Married,0,0,0,maturing_stable,0,0,7-12 months,recent_new_customer,1,0,0,0-7 days,low_risk_electronics,0,0,0,stable_low_risk,0,1,0,medium_value,17.230001,0,0,0,0
9,7.0,6,1,3,2,154.77,Mobile Phone,Married,0,0,0,maturing_stable,0,0,7-12 months,recent_new_customer,1,0,0,0-7 days,high_risk_tech,1,0,0,stable_low_risk,0,1,0,medium_value,17.196667,0,0,1,0
9,8.0,6,1,3,2,154.77,Mobile Phone,Married,0,0,0,maturing_stable,0,0,7-12 months,recent_new_customer,1,0,0,0-7 days,high_risk_tech,1,0,0,stable_low_risk,0,1,0,medium_value,17.196667,0,0,1,0
9,8.0,3,4,10,12,154.1,Laptop & Accessory,Single,1,0,0,maturing_stable,0,0,7-12 months,active_low_risk,0,0,1,8-14 days,low_risk_electronics,0,0,0,unstable_high_risk,1,0,0,medium_value,17.122223,0,0,2,0
9,21.0,5,1,2,11,154.06,Laptop & Accessory,Married,0,0,0,maturing_stable,0,0,7-12 months,active_low_risk,0,0,1,8-14 days,low_risk_electronics,0,0,0,stable_low_risk,0,1,0,medium_value,17.117777,0,0,0,0
9,32.0,3,3,7,2,153.47,Laptop & Accessory,Married,0,0,0,maturing_stable,0,0,7-12 months,recent_new_customer,1,0,0,0-7 days,low_risk_electronics,0,0,0,stable_low_risk,0,1,0,medium_value,17.052223,0,0,0,0
9,33.0,3,3,7,7,152.37,Laptop & Accessory,Married,0,0,0,maturing_stable,0,0,7-12 months,recent_new_customer,1,0,0,0-7 days,low_risk_electronics,0,0,0,stable_low_risk,0,1,0,medium_value,16.93,0,0,0,0
9,6.0,3,4,1,5,152.28,Laptop & Accessory,Married,0,0,0,maturing_stable,0,0,7-12 months,recent_new_customer,1,0,0,0-7 days,low_risk_electronics,0,0,0,stable_low_risk,0,1,0,medium_value,16.92,0,0,0,0
9,6.0,3,4,1,5,152.28,Laptop & Accessory,Divorced,0,0,0,maturing_stable,0,0,7-12 months,recent_new_customer,1,0,0,0-7 days,low_risk_electronics,0,0,0,moderate_risk,0,0,1,medium_value,16.92,0,0,0,0
9,30.0,6,3,2,4,152.05,Mobile Phone,Married,0,0,0,maturing_stable,0,0,7-12 months,recent_new_customer,1,0,0,0-7 days,high_risk_tech,1,0,0,stable_low_risk,0,1,0,medium_value,16.894445,0,0,1,0
9,14.0,5,1,3,2,151.9,Mobile Phone,Married,0,0,0,maturing_stable,0,0,7-12 months,recent_new_customer,1,0,0,0-7 days,high_risk_tech,1,0,0,stable_low_risk,0,1,0,medium_value,16.877777,0,0,1,0
9,18.0,4,3,9,3,151.6,Mobile Phone,Married,1,0,0,maturing_stable,0,0,7-12 months,recent_new_customer,1,0,0,0-7 days,high_risk_tech,1,0,0,stable_low_risk,0,1,0,medium_value,16.844444,0,0,2,0
9,10.0,3,4,8,2,151.31,Laptop & Accessory,Married,0,0,0,maturing_stable,0,0,7-12 months,recent_new_customer,1,0,0,0-7 days,low_risk_electronics,0,0,0,stable_low_risk,0,1,0,medium_value,16.812222,0,0,0,0
9,14.0,3,1,5,7,150.79,Laptop & Accessory,Married,0,0,0,maturing_stable,0,0,7-12 months,recent_new_customer,1,0,0,0-7 days,low_risk_electronics,0,0,0,stable_low_risk,0,1,0,medium_value,16.754444,0,0,0,0
9,14.0,3,2,5,7,150.79,Laptop & Accessory,Married,0,0,0,maturing_stable,0,0,7-12 months,recent_new_customer,1,0,0,0-7 days,low_risk_electronics,0,0,0,stable_low_risk,0,1,0,medium_value,16.754444,0,0,0,0
9,15.0,4,2,3,3,150.72,Mobile Phone,Divorced,0,0,0,maturing_stable,0,0,7-12 months,recent_new_customer,1,0,0,0-7 days,high_risk_tech,1,0,0,moderate_risk,0,0,1,medium_value,16.746666,0,0,1,0
9,34.0,5,5,3,2,150.59,Mobile Phone,Single,0,0,0,maturing_stable,0,0,7-12 months,recent_new_customer,1,0,0,0-7 days,high_risk_tech,1,0,0,unstable_high_risk,1,0,0,medium_value,16.732222,0,0,2,0
9,7.0,2,3,5,3,150.06,Mobile Phone,Single,0,0,0,maturing_stable,0,0,7-12 months,recent_new_customer,1,0,0,0-7 days,high_risk_tech,1,0,0,unstable_high_risk,1,0,0,medium_value,16.673332,0,0,2,0
9,7.0,5,5,3,3,149.5,Mobile Phone,Single,0,0,0,maturing_stable,0,0,7-12 months,recent_new_customer,1,0,0,0-7 days,high_risk_tech,1,0,0,unstable_high_risk,1,0,0,low_value,16.61111,0,0,2,0
9,8.0,5,5,3,3,149.5,Mobile Phone,Single,0,0,0,maturing_stable,0,0,7-12 months,recent_new_customer,1,0,0,0-7 days,high_risk_tech,1,0,0,unstable_high_risk,1,0,0,low_value,16.61111,0,0,2,0
9,35.0,5,3,2,3,149.3,Mobile Phone,Married,0,0,0,maturing_stable,0,0,7-12 months,recent_new_customer,1,0,0,0-7 days,high_risk_tech,1,0,0,stable_low_risk,0,1,0,low_value,16.58889,0,0,1,0
9,14.0,4,3,3,1,149.04,Mobile Phone,Married,0,0,0,maturing_stable,0,0,7-12 months,recent_new_customer,1,0,0,0-7 days,high_risk_tech,1,0,0,stable_low_risk,0,1,0,low_value,16.56,0,0,1,0
9,14.0,4,3,3,1,149.04,Mobile Phone,Divorced,0,0,0,maturing_stable,0,0,7-12 months,recent_new_customer,1,0,0,0-7 days,high_risk_tech,1,0,0,moderate_risk,0,0,1,low_value,16.56,0,0,1,0
9,11.0,5,1,3,3,148.76,Mobile Phone,Married,0,0,0,maturing_stable,0,0,7-12 months,recent_new_customer,1,0,0,0-7 days,high_risk_tech,1,0,0,stable_low_risk,0,1,0,low_value,16.528889,0,0,1,0
9,15.0,2,1,3,2,147.69,Mobile Phone,Married,0,0,0,maturing_stable,0,0,7-12 months,recent_new_customer,1,0,0,0-7 days,high_risk_tech,1,0,0,stable_low_risk,0,1,0,low_value,16.41,0,0,1,0
9,7.0,5,3,8,8,147.58,Mobile Phone,Married,0,0,0,maturing_stable,0,0,7-12 months,active_low_risk,0,0,1,8-14 days,high_risk_tech,1,0,0,stable_low_risk,0,1,0,low_value,16.397778,0,0,1,0
9,7.0,5,3,8,8,147.58,Mobile Phone,Divorced,0,0,0,maturing_stable,0,0,7-12 months,active_low_risk,0,0,1,8-14 days,high_risk_tech,1,0,0,moderate_risk,0,0,1,low_value,16.397778,0,0,1,0
9,13.0,3,1,3,1,146.78,Mobile Phone,Single,0,0,0,maturing_stable,0,0,7-12 months,recent_new_customer,1,0,0,0-7 days,high_risk_tech,1,0,0,unstable_high_risk,1,0,0,low_value,16.30889,0,0,2,0
9,13.0,3,2,3,1,146.78,Mobile Phone,Single,0,0,0,maturing_stable,0,0,7-12 months,recent_new_customer,1,0,0,0-7 days,high_risk_tech,1,0,0,unstable_high_risk,1,0,0,low_value,16.30889,0,0,2,0
9,18.0,3,3,10,1,146.63,Laptop & Accessory,Married,1,0,0,maturing_stable,0,0,7-12 months,recent_new_customer,1,0,0,0-7 days,low_risk_electronics,0,0,0,stable_low_risk,0,1,0,low_value,16.292223,0,0,1,0
9,13.0,1,5,3,13,146.39,Laptop & Accessory,Married,0,0,0,maturing_stable,0,0,7-12 months,active_low_risk,0,0,1,8-14 days,low_risk_electronics,0,0,0,stable_low_risk,0,1,0,low_value,16.265556,0,0,0,0
9,9.0,4,1,3,3,145.14,Mobile Phone,Married,0,0,0,maturing_stable,0,0,7-12 months,recent_new_customer,1,0,0,0-7 days,high_risk_tech,1,0,0,stable_low_risk,0,1,0,low_value,16.126667,0,0,1,0
9,9.0,3,4,5,7,144.85,Laptop & Accessory,Single,0,0,0,maturing_stable,0,0,7-12 months,recent_new_customer,1,0,0,0-7 days,low_risk_electronics,0,0,0,unstable_high_risk,1,0,0,low_value,16.094444,0,0,1,0
9,6.0,4,3,1,2,143.74,Laptop & Accessory,Married,0,0,0,maturing_stable,0,0,7-12 months,recent_new_customer,1,0,0,0-7 days,low_risk_electronics,0,0,0,stable_low_risk,0,1,0,low_value,15.971111,0,0,0,0
9,8.0,4,1,2,8,138.86,Laptop & Accessory,Single,0,0,0,maturing_stable,0,0,7-12 months,active_low_risk,0,0,1,8-14 days,low_risk_electronics,0,0,0,unstable_high_risk,1,0,0,low_value,15.428889,0,0,1,0
9,10.0,5,3,3,1,137.81,Mobile Phone,Divorced,0,0,0,maturing_stable,0,0,7-12 months,recent_new_customer,1,0,0,0-7 days,high_risk_tech,1,0,0,moderate_risk,0,0,1,low_value,15.312222,0,0,1,0
9,10.0,5,3,3,1,137.81,Mobile Phone,Married,0,0,0,maturing_stable,0,0,7-12 months,recent_new_customer,1,0,0,0-7 days,high_risk_tech,1,0,0,stable_low_risk,0,1,0,low_value,15.312222,0,0,1,0
9,9.0,3,4,2,7,136.92,Mobile Phone,Married,0,0,0,maturing_stable,0,0,7-12 months,recent_new_customer,1,0,0,0-7 days,high_risk_tech,1,0,0,stable_low_risk,0,1,0,low_value,15.213333,0,0,1,0
9,11.0,4,5,10,0,134.19,Mobile,Married,1,0,0,maturing_stable,0,0,7-12 months,recent_new_customer,1,0,0,0-7 days,high_risk_tech,1,0,0,stable_low_risk,0,1,0,low_value,14.91,0,0,2,0
9,12.0,3,1,1,11,132.1,Mobile,Married,0,0,0,maturing_stable,0,0,7-12 months,active_low_risk,0,0,1,8-14 days,high_risk_tech,1,0,0,stable_low_risk,0,1,0,low_value,14.677778,0,0,1,0
9,9.0,3,1,6,0,128.35,Mobile,Married,0,0,0,maturing_stable,0,0,7-12 months,recent_new_customer,1,0,0,0-7 days,high_risk_tech,1,0,0,stable_low_risk,0,1,0,low_value,14.261112,0,0,1,0
9,15.0,1,4,2,2,128.1,Mobile,Married,0,0,0,maturing_stable,0,0,7-12 months,recent_new_customer,1,0,0,0-7 days,high_risk_tech,1,0,0,stable_low_risk,0,1,0,low_value,14.233334,0,0,1,0
9,12.0,5,3,2,7,127.41,Mobile,Married,0,0,0,maturing_stable,0,0,7-12 months,recent_new_customer,1,0,0,0-7 days,high_risk_tech,1,0,0,stable_low_risk,0,1,0,low_value,14.156667,0,0,1,0
9,14.0,1,1,5,3,125.71,Laptop & Accessory,Married,0,0,0,maturing_stable,0,0,7-12 months,recent_new_customer,1,0,0,0-7 days,low_risk_electronics,0,0,0,stable_low_risk,0,1,0,low_value,13.967777,0,0,0,0
9,14.0,3,3,5,9,125.19,Mobile,Single,0,0,0,maturing_stable,0,0,7-12 months,active_low_risk,0,0,1,8-14 days,high_risk_tech,1,0,0,unstable_high_risk,1,0,0,low_value,13.91,0,0,2,0
9,14.0,4,5,1,3,123.42,Mobile,Married,0,0,0,maturing_stable,0,0,7-12 months,recent_new_customer,1,0,0,0-7 days,high_risk_tech,1,0,0,stable_low_risk,0,1,0,low_value,13.713333,0,0,1,0
9,14.0,4,5,1,3,123.42,Mobile,Divorced,0,0,0,maturing_stable,0,0,7-12 months,recent_new_customer,1,0,0,0-7 days,high_risk_tech,1,0,0,moderate_risk,0,0,1,low_value,13.713333,0,0,1,0
9,25.0,4,5,2,5,25.0,Laptop & Accessory,Married,0,0,0,maturing_stable,0,0,7-12 months,recent_new_customer,1,0,0,0-7 days,low_risk_electronics,0,0,0,stable_low_risk,0,1,0,minimal_value,2.7777777,0,1,0,0
8,22.0,4,5,9,10,295.07,Grocery,Married,0,0,0,maturing_stable,0,0,7-12 months,active_low_risk,0,0,1,8-14 days,lowest_risk_grocery,0,1,0,stable_low_risk,0,1,0,medium_value,36.88375,0,0,0,0
8,8.0,5,4,3,11,288.24,Others,Single,1,0,0,maturing_stable,0,0,7-12 months,active_low_risk,0,0,1,8-14 days,low_risk_other,0,0,0,unstable_high_risk,1,0,0,medium_value,36.03,0,0,2,1
8,14.0,4,4,2,12,244.94,Fashion,Single,0,0,0,maturing_stable,0,0,7-12 months,active_low_risk,0,0,1,8-14 days,moderate_risk_fashion,0,0,1,unstable_high_risk,1,0,0,medium_value,30.6175,0,0,1,0
8,12.0,5,5,4,9,241.31,Fashion,Single,0,0,0,maturing_stable,0,0,7-12 months,active_low_risk,0,0,1,8-14 days,moderate_risk_fashion,0,0,1,unstable_high_risk,1,0,0,medium_value,30.16375,0,0,1,0
8,7.0,5,5,11,47,229.82,Fashion,Divorced,0,1,0,maturing_stable,0,0,7-12 months,dormant_high_risk,0,1,0,31+ days,moderate_risk_fashion,0,0,1,moderate_risk,0,0,1,medium_value,28.7275,0,0,1,1
8,7.0,4,1,3,47,223.88,Fashion,Single,0,1,0,maturing_stable,0,0,7-12 months,dormant_high_risk,0,1,0,31+ days,moderate_risk_fashion,0,0,1,unstable_high_risk,1,0,0,medium_value,27.985,0,0,2,0
8,8.0,4,1,3,47,223.88,Fashion,Single,0,1,0,maturing_stable,0,0,7-12 months,dormant_high_risk,0,1,0,31+ days,moderate_risk_fashion,0,0,1,unstable_high_risk,1,0,0,medium_value,27.985,0,0,2,0
8,7.0,2,2,2,47,222.25,Laptop & Accessory,Married,0,1,0,maturing_stable,0,0,7-12 months,dormant_high_risk,0,1,0,31+ days,low_risk_electronics,0,0,0,stable_low_risk,0,1,0,medium_value,27.78125,0,0,1,0
8,7.0,2,1,2,47,222.25,Laptop & Accessory,Married,0,1,0,maturing_stable,0,0,7-12 months,dormant_high_risk,0,1,0,31+ days,low_risk_electronics,0,0,0,stable_low_risk,0,1,0,medium_value,27.78125,0,0,1,0
8,11.0,4,1,4,47,222.13,Fashion,Married,1,1,0,maturing_stable,0,0,7-12 months,dormant_high_risk,0,1,0,31+ days,moderate_risk_fashion,0,0,1,stable_low_risk,0,1,0,medium_value,27.76625,0,0,2,0
8,28.0,1,4,8,47,219.96,Fashion,Married,0,1,0,maturing_stable,0,0,7-12 months,dormant_high_risk,0,1,0,31+ days,moderate_risk_fashion,0,0,1,stable_low_risk,0,1,0,medium_value,27.495,0,0,1,0
8,20.0,4,3,3,47,211.28,Fashion,Married,0,1,0,maturing_stable,0,0,7-12 months,dormant_high_risk,0,1,0,31+ days,moderate_risk_fashion,0,0,1,stable_low_risk,0,1,0,medium_value,26.41,0,0,1,0
8,16.0,5,4,3,47,211.21,Fashion,Single,0,1,0,maturing_stable,0,0,7-12 months,dormant_high_risk,0,1,0,31+ days,moderate_risk_fashion,0,0,1,unstable_high_risk,1,0,0,medium_value,26.40125,0,0,2,0
8,16.0,4,2,2,47,210.0,Fashion,Married,0,1,0,maturing_stable,0,0,7-12 months,dormant_high_risk,0,1,0,31+ days,moderate_risk_fashion,0,0,1,stable_low_risk,0,1,0,medium_value,26.25,0,0,1,0
8,16.0,4,1,2,47,210.0,Fashion,Married,0,1,0,maturing_stable,0,0,7-12 months,dormant_high_risk,0,1,0,31+ days,moderate_risk_fashion,0,0,1,stable_low_risk,0,1,0,medium_value,26.25,0,0,1,0
8,31.0,4,4,4,8,209.03,Fashion,Divorced,0,0,0,maturing_stable,0,0,7-12 months,active_low_risk,0,0,1,8-14 days,moderate_risk_fashion,0,0,1,moderate_risk,0,0,1,medium_value,26.12875,0,0,0,0
8,31.0,4,4,4,8,209.03,Fashion,Married,0,0,0,maturing_stable,0,0,7-12 months,active_low_risk,0,0,1,8-14 days,moderate_risk_fashion,0,0,1,stable_low_risk,0,1,0,medium_value,26.12875,0,0,0,0
8,15.0,4,3,2,15,206.85,Fashion,Married,1,0,0,maturing_stable,0,0,7-12 months,stable_lowest_risk,0,0,1,15-30 days,moderate_risk_fashion,0,0,1,stable_low_risk,0,1,0,medium_value,25.85625,0,0,1,0
8,15.0,4,3,2,15,206.85,Fashion,Divorced,1,0,0,maturing_stable,0,0,7-12 months,stable_lowest_risk,0,0,1,15-30 days,moderate_risk_fashion,0,0,1,moderate_risk,0,0,1,medium_value,25.85625,0,0,1,0
8,10.0,5,1,5,2,206.03,Laptop & Accessory,Married,1,0,0,maturing_stable,0,0,7-12 months,recent_new_customer,1,0,0,0-7 days,low_risk_electronics,0,0,0,stable_low_risk,0,1,0,medium_value,25.75375,0,0,1,0
8,22.0,4,2,3,6,204.78,Fashion,Divorced,0,0,0,maturing_stable,0,0,7-12 months,recent_new_customer,1,0,0,0-7 days,moderate_risk_fashion,0,0,1,moderate_risk,0,0,1,medium_value,25.5975,0,0,0,1
8,22.0,4,1,3,6,204.78,Fashion,Married,0,0,0,maturing_stable,0,0,7-12 months,recent_new_customer,1,0,0,0-7 days,moderate_risk_fashion,0,0,1,stable_low_risk,0,1,0,medium_value,25.5975,0,0,0,1
8,31.0,3,3,2,1,203.88,Fashion,Married,1,0,0,maturing_stable,0,0,7-12 months,recent_new_customer,1,0,0,0-7 days,moderate_risk_fashion,0,0,1,stable_low_risk,0,1,0,medium_value,25.485,0,0,1,0
8,14.0,4,1,5,12,203.77,Fashion,Married,1,0,0,maturing_stable,0,0,7-12 months,active_low_risk,0,0,1,8-14 days,moderate_risk_fashion,0,0,1,stable_low_risk,0,1,0,medium_value,25.47125,0,0,1,0
8,8.0,4,4,3,4,202.74,Fashion,Married,0,0,0,maturing_stable,0,0,7-12 months,recent_new_customer,1,0,0,0-7 days,moderate_risk_fashion,0,0,1,stable_low_risk,0,1,0,medium_value,25.3425,0,0,0,0
8,13.0,3,3,4,6,202.21,Fashion,Single,0,0,0,maturing_stable,0,0,7-12 months,recent_new_customer,1,0,0,0-7 days,moderate_risk_fashion,0,0,1,unstable_high_risk,1,0,0,medium_value,25.27625,0,0,1,0
8,8.0,5,3,3,7,195.83,Fashion,Married,1,0,0,maturing_stable,0,0,7-12 months,recent_new_customer,1,0,0,0-7 days,moderate_risk_fashion,0,0,1,stable_low_risk,0,1,0,medium_value,24.47875,0,0,1,0
8,24.0,3,2,3,2,193.62,Fashion,Single,0,0,0,maturing_stable,0,0,7-12 months,recent_new_customer,1,0,0,0-7 days,moderate_risk_fashion,0,0,1,unstable_high_risk,1,0,0,medium_value,24.2025,0,0,1,0
8,24.0,3,1,3,2,193.62,Fashion,Single,0,0,0,maturing_stable,0,0,7-12 months,recent_new_customer,1,0,0,0-7 days,moderate_risk_fashion,0,0,1,unstable_high_risk,1,0,0,medium_value,24.2025,0,0,1,0
8,15.0,2,3,3,9,192.99,Laptop & Accessory,Married,0,0,0,maturing_stable,0,0,7-12 months,active_low_risk,0,0,1,8-14 days,low_risk_electronics,0,0,0,stable_low_risk,0,1,0,medium_value,24.12375,0,0,0,0
8,35.0,5,3,3,8,192.12,Laptop & Accessory,Married,0,0,0,maturing_stable,0,0,7-12 months,active_low_risk,0,0,1,8-14 days,low_risk_electronics,0,0,0,stable_low_risk,0,1,0,medium_value,24.015,0,0,0,0
8,5.0,3,5,2,8,190.69,Fashion,Married,0,0,0,maturing_stable,0,0,7-12 months,active_low_risk,0,0,1,8-14 days,moderate_risk_fashion,0,0,1,stable_low_risk,0,1,0,medium_value,23.83625,0,0,0,0
8,11.0,4,3,11,3,190.38,Laptop & Accessory,Divorced,0,0,0,maturing_stable,0,0,7-12 months,recent_new_customer,1,0,0,0-7 days,low_risk_electronics,0,0,0,moderate_risk,0,0,1,medium_value,23.7975,0,0,0,0
8,11.0,4,3,11,3,190.38,Laptop & Accessory,Married,0,0,0,maturing_stable,0,0,7-12 months,recent_new_customer,1,0,0,0-7 days,low_risk_electronics,0,0,0,stable_low_risk,0,1,0,medium_value,23.7975,0,0,0,0
8,15.0,4,5,7,3,190.0,Laptop & Accessory,Married,0,0,0,maturing_stable,0,0,7-12 months,recent_new_customer,1,0,0,0-7 days,low_risk_electronics,0,0,0,stable_low_risk,0,1,0,medium_value,23.75,0,0,0,0
8,15.0,4,5,7,3,190.0,Laptop & Accessory,Divorced,0,0,0,maturing_stable,0,0,7-12 months,recent_new_customer,1,0,0,0-7 days,low_risk_electronics,0,0,0,moderate_risk,0,0,1,medium_value,23.75,0,0,0,0
8,23.0,3,5,4,7,189.66,Laptop & Accessory,Divorced,1,0,0,maturing_stable,0,0,7-12 months,recent_new_customer,1,0,0,0-7 days,low_risk_electronics,0,0,0,moderate_risk,0,0,1,medium_value,23.7075,0,0,1,0
8,23.0,3,5,4,7,189.66,Laptop & Accessory,Married,1,0,0,maturing_stable,0,0,7-12 months,recent_new_customer,1,0,0,0-7 days,low_risk_electronics,0,0,0,stable_low_risk,0,1,0,medium_value,23.7075,0,0,1,0
8,32.0,3,1,2,7,188.37,Fashion,Single,1,0,0,maturing_stable,0,0,7-12 months,recent_new_customer,1,0,0,0-7 days,moderate_risk_fashion,0,0,1,unstable_high_risk,1,0,0,medium_value,23.54625,0,0,2,0
8,6.0,3,3,2,8,187.89,Fashion,Single,0,0,0,maturing_stable,0,0,7-12 months,active_low_risk,0,0,1,8-14 days,moderate_risk_fashion,0,0,1,unstable_high_risk,1,0,0,medium_value,23.48625,0,0,1,0
8,9.0,4,2,3,5,187.74,Laptop & Accessory,Single,0,0,0,maturing_stable,0,0,7-12 months,recent_new_customer,1,0,0,0-7 days,low_risk_electronics,0,0,0,unstable_high_risk,1,0,0,medium_value,23.4675,0,0,1,0
8,9.0,4,1,3,5,187.74,Laptop & Accessory,Single,0,0,0,maturing_stable,0,0,7-12 months,recent_new_customer,1,0,0,0-7 days,low_risk_electronics,0,0,0,unstable_high_risk,1,0,0,medium_value,23.4675,0,0,1,0
8,15.0,4,3,5,4,186.42,Laptop & Accessory,Single,0,0,0,maturing_stable,0,0,7-12 months,recent_new_customer,1,0,0,0-7 days,low_risk_electronics,0,0,0,unstable_high_risk,1,0,0,medium_value,23.3025,0,0,1,0
8,22.0,4,5,3,7,186.25,Laptop & Accessory,Single,0,0,0,maturing_stable,0,0,7-12 months,recent_new_customer,1,0,0,0-7 days,low_risk_electronics,0,0,0,unstable_high_risk,1,0,0,medium_value,23.28125,0,0,1,0
8,22.0,4,4,2,3,186.06,Fashion,Single,0,0,0,maturing_stable,0,0,7-12 months,recent_new_customer,1,0,0,0-7 days,moderate_risk_fashion,0,0,1,unstable_high_risk,1,0,0,medium_value,23.2575,0,0,1,0
8,10.0,6,1,7,3,185.29,Laptop & Accessory,Single,0,0,0,maturing_stable,0,0,7-12 months,recent_new_customer,1,0,0,0-7 days,low_risk_electronics,0,0,0,unstable_high_risk,1,0,0,medium_value,23.16125,0,0,1,0
8,9.0,5,5,8,10,184.57,Laptop & Accessory,Married,0,0,0,maturing_stable,0,0,7-12 months,active_low_risk,0,0,1,8-14 days,low_risk_electronics,0,0,0,stable_low_risk,0,1,0,medium_value,23.07125,0,0,0,0
8,9.0,5,5,8,10,184.57,Laptop & Accessory,Divorced,0,0,0,maturing_stable,0,0,7-12 months,active_low_risk,0,0,1,8-14 days,low_risk_electronics,0,0,0,moderate_risk,0,0,1,medium_value,23.07125,0,0,0,0
8,29.0,5,1,3,12,182.47,Laptop & Accessory,Married,1,0,0,maturing_stable,0,0,7-12 months,active_low_risk,0,0,1,8-14 days,low_risk_electronics,0,0,0,stable_low_risk,0,1,0,medium_value,22.80875,0,0,1,0
8,16.0,4,3,3,4,182.14,Laptop & Accessory,Married,0,0,0,maturing_stable,0,0,7-12 months,recent_new_customer,1,0,0,0-7 days,low_risk_electronics,0,0,0,stable_low_risk,0,1,0,medium_value,22.7675,0,0,0,0
8,11.0,3,4,1,13,180.95,Fashion,Single,0,0,0,maturing_stable,0,0,7-12 months,active_low_risk,0,0,1,8-14 days,moderate_risk_fashion,0,0,1,unstable_high_risk,1,0,0,medium_value,22.61875,0,0,1,0
8,22.0,3,4,1,9,180.2,Fashion,Divorced,0,0,0,maturing_stable,0,0,7-12 months,active_low_risk,0,0,1,8-14 days,moderate_risk_fashion,0,0,1,moderate_risk,0,0,1,medium_value,22.525,0,0,0,0
8,8.0,4,1,11,2,179.84,Laptop & Accessory,Married,0,0,0,maturing_stable,0,0,7-12 months,recent_new_customer,1,0,0,0-7 days,low_risk_electronics,0,0,0,stable_low_risk,0,1,0,medium_value,22.48,0,0,0,0
8,10.0,4,4,3,10,179.33,Laptop & Accessory,Married,0,0,0,maturing_stable,0,0,7-12 months,active_low_risk,0,0,1,8-14 days,low_risk_electronics,0,0,0,stable_low_risk,0,1,0,medium_value,22.41625,0,0,0,0
8,7.0,5,5,2,10,178.43,Laptop & Accessory,Single,0,0,0,maturing_stable,0,0,7-12 months,active_low_risk,0,0,1,8-14 days,low_risk_electronics,0,0,0,unstable_high_risk,1,0,0,medium_value,22.30375,0,0,1,0
8,8.0,5,5,2,10,178.43,Laptop & Accessory,Single,0,0,0,maturing_stable,0,0,7-12 months,active_low_risk,0,0,1,8-14 days,low_risk_electronics,0,0,0,unstable_high_risk,1,0,0,medium_value,22.30375,0,0,1,0
8,28.0,2,1,3,8,178.37,Laptop & Accessory,Single,0,0,0,maturing_stable,0,0,7-12 months,active_low_risk,0,0,1,8-14 days,low_risk_electronics,0,0,0,unstable_high_risk,1,0,0,medium_value,22.29625,0,0,1,0
8,9.0,3,2,7,8,178.23,Fashion,Married,0,0,0,maturing_stable,0,0,7-12 months,active_low_risk,0,0,1,8-14 days,moderate_risk_fashion,0,0,1,stable_low_risk,0,1,0,medium_value,22.27875,0,0,0,0
8,22.0,3,3,5,0,176.32,Fashion,Divorced,1,0,0,maturing_stable,0,0,7-12 months,recent_new_customer,1,0,0,0-7 days,moderate_risk_fashion,0,0,1,moderate_risk,0,0,1,medium_value,22.04,0,0,1,0
8,22.0,3,3,5,0,176.32,Fashion,Married,1,0,0,maturing_stable,0,0,7-12 months,recent_new_customer,1,0,0,0-7 days,moderate_risk_fashion,0,0,1,stable_low_risk,0,1,0,medium_value,22.04,0,0,1,0
8,15.0,4,5,5,1,176.21,Laptop & Accessory,Married,0,0,0,maturing_stable,0,0,7-12 months,recent_new_customer,1,0,0,0-7 days,low_risk_electronics,0,0,0,stable_low_risk,0,1,0,medium_value,22.02625,0,0,0,0
8,17.0,5,3,3,8,175.63,Laptop & Accessory,Married,0,0,0,maturing_stable,0,0,7-12 months,active_low_risk,0,0,1,8-14 days,low_risk_electronics,0,0,0,stable_low_risk,0,1,0,medium_value,21.95375,0,0,0,0
8,13.0,4,3,3,11,173.09,Laptop & Accessory,Single,0,0,0,maturing_stable,0,0,7-12 months,active_low_risk,0,0,1,8-14 days,low_risk_electronics,0,0,0,unstable_high_risk,1,0,0,medium_value,21.63625,0,0,1,0
8,6.0,3,4,2,6,172.95,Fashion,Divorced,0,0,0,maturing_stable,0,0,7-12 months,recent_new_customer,1,0,0,0-7 days,moderate_risk_fashion,0,0,1,moderate_risk,0,0,1,medium_value,21.61875,0,0,0,0
8,6.0,3,4,2,6,172.95,Fashion,Married,0,0,0,maturing_stable,0,0,7-12 months,recent_new_customer,1,0,0,0-7 days,moderate_risk_fashion,0,0,1,stable_low_risk,0,1,0,medium_value,21.61875,0,0,0,0
8,10.0,6,5,5,13,172.59,Laptop & Accessory,Single,0,0,0,maturing_stable,0,0,7-12 months,active_low_risk,0,0,1,8-14 days,low_risk_electronics,0,0,0,unstable_high_risk,1,0,0,medium_value,21.57375,0,0,1,0
8,17.0,2,1,3,3,172.24,Laptop & Accessory,Married,0,0,0,maturing_stable,0,0,7-12 months,recent_new_customer,1,0,0,0-7 days,low_risk_electronics,0,0,0,stable_low_risk,0,1,0,medium_value,21.53,0,0,0,0
8,30.0,4,3,2,8,170.68,Laptop & Accessory,Single,0,0,0,maturing_stable,0,0,7-12 months,active_low_risk,0,0,1,8-14 days,low_risk_electronics,0,0,0,unstable_high_risk,1,0,0,medium_value,21.335,0,0,1,0
8,9.0,4,5,2,3,170.38,Laptop & Accessory,Single,1,0,0,maturing_stable,0,0,7-12 months,recent_new_customer,1,0,0,0-7 days,low_risk_electronics,0,0,0,unstable_high_risk,1,0,0,medium_value,21.2975,0,0,2,0
8,13.0,5,4,8,1,170.05,Laptop & Accessory,Married,0,0,0,maturing_stable,0,0,7-12 months,recent_new_customer,1,0,0,0-7 days,low_risk_electronics,0,0,0,stable_low_risk,0,1,0,medium_value,21.25625,0,0,0,0
8,18.0,5,4,6,9,169.9,Laptop & Accessory,Divorced,0,0,0,maturing_stable,0,0,7-12 months,active_low_risk,0,0,1,8-14 days,low_risk_electronics,0,0,0,moderate_risk,0,0,1,medium_value,21.2375,0,0,0,0
8,18.0,5,4,6,9,169.9,Laptop & Accessory,Married,0,0,0,maturing_stable,0,0,7-12 months,active_low_risk,0,0,1,8-14 days,low_risk_electronics,0,0,0,stable_low_risk,0,1,0,medium_value,21.2375,0,0,0,0
8,26.0,4,4,6,11,169.44,Laptop & Accessory,Married,0,0,0,maturing_stable,0,0,7-12 months,active_low_risk,0,0,1,8-14 days,low_risk_electronics,0,0,0,stable_low_risk,0,1,0,medium_value,21.18,0,0,0,0
8,15.0,2,3,4,3,169.04,Laptop & Accessory,Married,0,0,0,maturing_stable,0,0,7-12 months,recent_new_customer,1,0,0,0-7 days,low_risk_electronics,0,0,0,stable_low_risk,0,1,0,medium_value,21.13,0,0,0,0
8,33.0,3,3,3,7,168.83,Laptop & Accessory,Married,0,0,0,maturing_stable,0,0,7-12 months,recent_new_customer,1,0,0,0-7 days,low_risk_electronics,0,0,0,stable_low_risk,0,1,0,medium_value,21.10375,0,0,0,0
8,9.0,5,5,3,4,168.81,Mobile Phone,Single,0,0,0,maturing_stable,0,0,7-12 months,recent_new_customer,1,0,0,0-7 days,high_risk_tech,1,0,0,unstable_high_risk,1,0,0,medium_value,21.10125,0,0,2,0
8,7.0,4,4,3,4,168.25,Laptop & Accessory,Married,0,0,0,maturing_stable,0,0,7-12 months,recent_new_customer,1,0,0,0-7 days,low_risk_electronics,0,0,0,stable_low_risk,0,1,0,medium_value,21.03125,0,0,0,0
8,15.0,4,4,10,0,165.4,Laptop & Accessory,Single,0,0,0,maturing_stable,0,0,7-12 months,recent_new_customer,1,0,0,0-7 days,low_risk_electronics,0,0,0,unstable_high_risk,1,0,0,medium_value,20.675,0,0,1,0
8,9.0,4,3,4,3,165.33,Laptop & Accessory,Single,0,0,0,maturing_stable,0,0,7-12 months,recent_new_customer,1,0,0,0-7 days,low_risk_electronics,0,0,0,unstable_high_risk,1,0,0,medium_value,20.66625,0,0,1,0
8,17.0,4,3,3,8,165.01,Laptop & Accessory,Married,1,0,0,maturing_stable,0,0,7-12 months,active_low_risk,0,0,1,8-14 days,low_risk_electronics,0,0,0,stable_low_risk,0,1,0,medium_value,20.62625,0,0,1,0
8,12.0,5,1,3,14,164.86,Laptop & Accessory,Married,0,0,0,maturing_stable,0,0,7-12 months,active_low_risk,0,0,1,8-14 days,low_risk_electronics,0,0,0,stable_low_risk,0,1,0,medium_value,20.6075,0,0,0,0
8,17.0,4,3,3,1,163.15,Mobile Phone,Married,1,0,0,maturing_stable,0,0,7-12 months,recent_new_customer,1,0,0,0-7 days,high_risk_tech,1,0,0,stable_low_risk,0,1,0,medium_value,20.39375,0,0,2,0
8,10.0,4,2,2,3,162.37,Mobile Phone,Divorced,0,0,0,maturing_stable,0,0,7-12 months,recent_new_customer,1,0,0,0-7 days,high_risk_tech,1,0,0,moderate_risk,0,0,1,medium_value,20.29625,0,0,1,0
8,16.0,3,3,4,4,161.42,Laptop & Accessory,Single,1,0,0,maturing_stable,0,0,7-12 months,recent_new_customer,1,0,0,0-7 days,low_risk_electronics,0,0,0,unstable_high_risk,1,0,0,medium_value,20.1775,0,0,2,0
8,7.0,5,1,3,4,161.22,Mobile Phone,Married,1,0,0,maturing_stable,0,0,7-12 months,recent_new_customer,1,0,0,0-7 days,high_risk_tech,1,0,0,stable_low_risk,0,1,0,medium_value,20.1525,0,0,2,0
8,7.0,5,2,3,4,161.22,Mobile Phone,Divorced,1,0,0,maturing_stable,0,0,7-12 months,recent_new_customer,1,0,0,0-7 days,high_risk_tech,1,0,0,moderate_risk,0,0,1,medium_value,20.1525,0,0,2,0
8,7.0,5,4,7,3,157.94,Mobile Phone,Divorced,0,0,0,maturing_stable,0,0,7-12 months,recent_new_customer,1,0,0,0-7 days,high_risk_tech,1,0,0,moderate_risk,0,0,1,medium_value,19.7425,0,0,1,0
8,8.0,5,4,7,3,157.94,Mobile Phone,Married,0,0,0,maturing_stable,0,0,7-12 months,recent_new_customer,1,0,0,0-7 days,high_risk_tech,1,0,0,stable_low_risk,0,1,0,medium_value,19.7425,0,0,1,0
8,7.0,2,1,4,4,157.8,Mobile Phone,Single,0,0,0,maturing_stable,0,0,7-12 months,recent_new_customer,1,0,0,0-7 days,high_risk_tech,1,0,0,unstable_high_risk,1,0,0,medium_value,19.725,0,0,2,0
8,7.0,2,2,4,4,157.8,Mobile Phone,Single,0,0,0,maturing_stable,0,0,7-12 months,recent_new_customer,1,0,0,0-7 days,high_risk_tech,1,0,0,unstable_high_risk,1,0,0,medium_value,19.725,0,0,2,0
8,8.0,3,1,3,7,157.62,Laptop & Accessory,Married,0,0,0,maturing_stable,0,0,7-12 months,recent_new_customer,1,0,0,0-7 days,low_risk_electronics,0,0,0,stable_low_risk,0,1,0,medium_value,19.7025,0,0,0,0
8,24.0,3,3,2,2,156.89,Laptop & Accessory,Married,1,0,0,maturing_stable,0,0,7-12 months,recent_new_customer,1,0,0,0-7 days,low_risk_electronics,0,0,0,stable_low_risk,0,1,0,medium_value,19.61125,0,0,1,0
8,31.0,4,3,5,1,156.61,Mobile Phone,Married,1,0,0,maturing_stable,0,0,7-12 months,recent_new_customer,1,0,0,0-7 days,high_risk_tech,1,0,0,stable_low_risk,0,1,0,medium_value,19.57625,0,0,2,1
8,24.0,3,5,1,4,155.61,Laptop & Accessory,Married,0,0,0,maturing_stable,0,0,7-12 months,recent_new_customer,1,0,0,0-7 days,low_risk_electronics,0,0,0,stable_low_risk,0,1,0,medium_value,19.45125,0,0,0,0
8,8.0,4,5,7,4,154.96,Mobile Phone,Married,0,0,0,maturing_stable,0,0,7-12 months,recent_new_customer,1,0,0,0-7 days,high_risk_tech,1,0,0,stable_low_risk,0,1,0,medium_value,19.37,0,0,1,0
8,7.0,4,5,7,4,154.96,Mobile Phone,Married,0,0,0,maturing_stable,0,0,7-12 months,recent_new_customer,1,0,0,0-7 days,high_risk_tech,1,0,0,stable_low_risk,0,1,0,medium_value,19.37,0,0,1,0
8,14.0,4,1,3,1,154.72,Mobile Phone,Single,0,0,0,maturing_stable,0,0,7-12 months,recent_new_customer,1,0,0,0-7 days,high_risk_tech,1,0,0,unstable_high_risk,1,0,0,medium_value,19.34,0,0,2,0
8,17.0,4,3,3,3,154.36,Mobile Phone,Single,1,0,0,maturing_stable,0,0,7-12 months,recent_new_customer,1,0,0,0-7 days,high_risk_tech,1,0,0,unstable_high_risk,1,0,0,medium_value,19.295,0,0,3,1
8,9.0,2,1,2,3,154.32,Mobile Phone,Married,1,0,0,maturing_stable,0,0,7-12 months,recent_new_customer,1,0,0,0-7 days,high_risk_tech,1,0,0,stable_low_risk,0,1,0,medium_value,19.29,0,0,2,0
8,26.0,5,1,3,8,154.29,Mobile Phone,Married,0,0,0,maturing_stable,0,0,7-12 months,active_low_risk,0,0,1,8-14 days,high_risk_tech,1,0,0,stable_low_risk,0,1,0,medium_value,19.28625,0,0,1,0
8,7.0,4,1,1,0,153.63,Laptop & Accessory,Married,0,0,0,maturing_stable,0,0,7-12 months,recent_new_customer,1,0,0,0-7 days,low_risk_electronics,0,0,0,stable_low_risk,0,1,0,medium_value,19.20375,0,0,0,0
8,6.0,4,2,1,0,153.63,Laptop & Accessory,Divorced,0,0,0,maturing_stable,0,0,7-12 months,recent_new_customer,1,0,0,0-7 days,low_risk_electronics,0,0,0,moderate_risk,0,0,1,medium_value,19.20375,0,0,0,0
8,9.0,5,3,5,8,152.68,Mobile Phone,Married,0,0,0,maturing_stable,0,0,7-12 months,active_low_risk,0,0,1,8-14 days,high_risk_tech,1,0,0,stable_low_risk,0,1,0,medium_value,19.085,0,0,1,0
8,24.0,1,5,2,10,152.08,Laptop & Accessory,Married,0,0,0,maturing_stable,0,0,7-12 months,active_low_risk,0,0,1,8-14 days,low_risk_electronics,0,0,0,stable_low_risk,0,1,0,medium_value,19.01,0,0,0,0
8,13.0,3,1,2,9,152.04,Laptop & Accessory,Married,1,0,0,maturing_stable,0,0,7-12 months,active_low_risk,0,0,1,8-14 days,low_risk_electronics,0,0,0,stable_low_risk,0,1,0,medium_value,19.005,0,0,1,0
8,7.0,4,2,3,9,151.91,Mobile Phone,Divorced,0,0,0,maturing_stable,0,0,7-12 months,active_low_risk,0,0,1,8-14 days,high_risk_tech,1,0,0,moderate_risk,0,0,1,medium_value,18.98875,0,0,1,0
8,8.0,3,5,3,0,150.93,Laptop & Accessory,Married,0,0,0,maturing_stable,0,0,7-12 months,recent_new_customer,1,0,0,0-7 days,low_risk_electronics,0,0,0,stable_low_risk,0,1,0,medium_value,18.86625,0,0,0,0
8,27.0,2,3,2,1,150.85,Mobile Phone,Divorced,0,0,0,maturing_stable,0,0,7-12 months,recent_new_customer,1,0,0,0-7 days,high_risk_tech,1,0,0,moderate_risk,0,0,1,medium_value,18.85625,0,0,1,0
8,8.0,4,1,1,4,149.3,Mobile Phone,Single,1,0,0,maturing_stable,0,0,7-12 months,recent_new_customer,1,0,0,0-7 days,high_risk_tech,1,0,0,unstable_high_risk,1,0,0,low_value,18.6625,0,0,3,0
8,10.0,4,5,6,3,148.62,Mobile Phone,Divorced,0,0,0,maturing_stable,0,0,7-12 months,recent_new_customer,1,0,0,0-7 days,high_risk_tech,1,0,0,moderate_risk,0,0,1,low_value,18.5775,0,0,1,1
8,6.0,3,3,2,3,148.59,Laptop & Accessory,Single,0,0,0,maturing_stable,0,0,7-12 months,recent_new_customer,1,0,0,0-7 days,low_risk_electronics,0,0,0,unstable_high_risk,1,0,0,low_value,18.57375,0,0,1,0
8,7.0,4,4,3,4,148.42,Mobile Phone,Married,1,0,0,maturing_stable,0,0,7-12 months,recent_new_customer,1,0,0,0-7 days,high_risk_tech,1,0,0,stable_low_risk,0,1,0,low_value,18.5525,0,0,2,1
8,8.0,4,4,3,4,148.42,Mobile Phone,Married,1,0,0,maturing_stable,0,0,7-12 months,recent_new_customer,1,0,0,0-7 days,high_risk_tech,1,0,0,stable_low_risk,0,1,0,low_value,18.5525,0,0,2,1
8,34.0,4,4,4,3,148.11,Mobile Phone,Single,0,0,0,maturing_stable,0,0,7-12 months,recent_new_customer,1,0,0,0-7 days,high_risk_tech,1,0,0,unstable_high_risk,1,0,0,low_value,18.51375,0,0,2,0
8,14.0,4,3,2,8,148.08,Mobile Phone,Married,1,0,0,maturing_stable,0,0,7-12 months,active_low_risk,0,0,1,8-14 days,high_risk_tech,1,0,0,stable_low_risk,0,1,0,low_value,18.51,0,0,2,0
8,22.0,4,4,1,2,147.88,Laptop & Accessory,Married,1,0,0,maturing_stable,0,0,7-12 months,recent_new_customer,1,0,0,0-7 days,low_risk_electronics,0,0,0,stable_low_risk,0,1,0,low_value,18.485,0,0,1,0
8,9.0,4,3,8,3,147.31,Mobile Phone,Married,0,0,0,maturing_stable,0,0,7-12 months,recent_new_customer,1,0,0,0-7 days,high_risk_tech,1,0,0,stable_low_risk,0,1,0,low_value,18.41375,0,0,1,0
8,17.0,4,3,3,1,147.2,Mobile Phone,Divorced,1,0,0,maturing_stable,0,0,7-12 months,recent_new_customer,1,0,0,0-7 days,high_risk_tech,1,0,0,moderate_risk,0,0,1,low_value,18.4,0,0,2,0
8,17.0,4,3,3,1,147.2,Mobile Phone,Married,1,0,0,maturing_stable,0,0,7-12 months,recent_new_customer,1,0,0,0-7 days,high_risk_tech,1,0,0,stable_low_risk,0,1,0,low_value,18.4,0,0,2,0
8,6.0,3,3,10,9,147.17,Laptop & Accessory,Married,0,0,0,maturing_stable,0,0,7-12 months,active_low_risk,0,0,1,8-14 days,low_risk_electronics,0,0,0,stable_low_risk,0,1,0,low_value,18.39625,0,0,0,0
8,24.0,3,3,2,0,146.01,Laptop & Accessory,Divorced,0,0,0,maturing_stable,0,0,7-12 months,recent_new_customer,1,0,0,0-7 days,low_risk_electronics,0,0,0,moderate_risk,0,0,1,low_value,18.25125,0,0,0,0
8,33.0,5,3,3,1,145.29,Mobile Phone,Married,0,0,0,maturing_stable,0,0,7-12 months,recent_new_customer,1,0,0,0-7 days,high_risk_tech,1,0,0,stable_low_risk,0,1,0,low_value,18.16125,0,0,1,0
8,17.0,4,4,3,1,145.08,Mobile Phone,Married,0,0,0,maturing_stable,0,0,7-12 months,recent_new_customer,1,0,0,0-7 days,high_risk_tech,1,0,0,stable_low_risk,0,1,0,low_value,18.135,0,0,1,0
8,8.0,3,4,6,2,144.25,Laptop & Accessory,Single,0,0,0,maturing_stable,0,0,7-12 months,recent_new_customer,1,0,0,0-7 days,low_risk_electronics,0,0,0,unstable_high_risk,1,0,0,low_value,18.03125,0,0,1,0
8,14.0,3,3,2,4,143.23,Mobile Phone,Single,0,0,0,maturing_stable,0,0,7-12 months,recent_new_customer,1,0,0,0-7 days,high_risk_tech,1,0,0,unstable_high_risk,1,0,0,low_value,17.90375,0,0,2,0
8,32.0,3,5,3,0,142.86,Laptop & Accessory,Married,0,0,0,maturing_stable,0,0,7-12 months,recent_new_customer,1,0,0,0-7 days,low_risk_electronics,0,0,0,stable_low_risk,0,1,0,low_value,17.8575,0,0,0,1
8,10.0,3,3,2,1,142.49,Laptop & Accessory,Single,1,0,0,maturing_stable,0,0,7-12 months,recent_new_customer,1,0,0,0-7 days,low_risk_electronics,0,0,0,unstable_high_risk,1,0,0,low_value,17.81125,0,0,2,0
8,28.0,5,3,1,3,142.3,Mobile Phone,Single,0,0,0,maturing_stable,0,0,7-12 months,recent_new_customer,1,0,0,0-7 days,high_risk_tech,1,0,0,unstable_high_risk,1,0,0,low_value,17.7875,0,0,2,0
8,14.0,3,3,2,9,141.48,Laptop & Accessory,Married,0,0,0,maturing_stable,0,0,7-12 months,active_low_risk,0,0,1,8-14 days,low_risk_electronics,0,0,0,stable_low_risk,0,1,0,low_value,17.685,0,0,0,0
8,27.0,3,1,2,7,140.14,Laptop & Accessory,Married,1,0,0,maturing_stable,0,0,7-12 months,recent_new_customer,1,0,0,0-7 days,low_risk_electronics,0,0,0,stable_low_risk,0,1,0,low_value,17.5175,0,0,1,0
8,29.0,3,5,4,2,140.14,Mobile Phone,Married,1,0,0,maturing_stable,0,0,7-12 months,recent_new_customer,1,0,0,0-7 days,high_risk_tech,1,0,0,stable_low_risk,0,1,0,low_value,17.5175,0,0,2,0
8,27.0,3,2,2,7,140.14,Laptop & Accessory,Divorced,1,0,0,maturing_stable,0,0,7-12 months,recent_new_customer,1,0,0,0-7 days,low_risk_electronics,0,0,0,moderate_risk,0,0,1,low_value,17.5175,0,0,1,0
8,16.0,3,2,2,2,139.17,Mobile Phone,Married,0,0,0,maturing_stable,0,0,7-12 months,recent_new_customer,1,0,0,0-7 days,high_risk_tech,1,0,0,stable_low_risk,0,1,0,low_value,17.39625,0,0,1,0
8,16.0,3,1,2,2,139.17,Mobile Phone,Married,0,0,0,maturing_stable,0,0,7-12 months,recent_new_customer,1,0,0,0-7 days,high_risk_tech,1,0,0,stable_low_risk,0,1,0,low_value,17.39625,0,0,1,0
8,31.0,4,2,5,2,136.81,Laptop & Accessory,Single,0,0,0,maturing_stable,0,0,7-12 months,recent_new_customer,1,0,0,0-7 days,low_risk_electronics,0,0,0,unstable_high_risk,1,0,0,low_value,17.10125,0,0,1,0
8,12.0,3,3,1,2,135.06,Mobile,Married,1,0,0,maturing_stable,0,0,7-12 months,recent_new_customer,1,0,0,0-7 days,high_risk_tech,1,0,0,stable_low_risk,0,1,0,low_value,16.8825,0,0,2,0
8,34.0,1,3,2,8,134.07,Laptop & Accessory,Married,0,0,0,maturing_stable,0,0,7-12 months,active_low_risk,0,0,1,8-14 days,low_risk_electronics,0,0,0,stable_low_risk,0,1,0,low_value,16.75875,0,0,0,0
8,6.0,5,1,2,1,129.77,Mobile,Married,0,0,0,maturing_stable,0,0,7-12 months,recent_new_customer,1,0,0,0-7 days,high_risk_tech,1,0,0,stable_low_risk,0,1,0,low_value,16.22125,0,0,1,0
8,6.0,4,3,2,4,128.59,Mobile,Single,0,0,0,maturing_stable,0,0,7-12 months,recent_new_customer,1,0,0,0-7 days,high_risk_tech,1,0,0,unstable_high_risk,1,0,0,low_value,16.07375,0,0,2,0
8,13.0,4,1,2,1,126.9,Mobile,Married,0,0,0,maturing_stable,0,0,7-12 months,recent_new_customer,1,0,0,0-7 days,high_risk_tech,1,0,0,stable_low_risk,0,1,0,low_value,15.8625,0,0,1,0
8,17.0,3,3,8,2,126.6,Mobile,Married,1,0,0,maturing_stable,0,0,7-12 months,recent_new_customer,1,0,0,0-7 days,high_risk_tech,1,0,0,stable_low_risk,0,1,0,low_value,15.825,0,0,2,0
8,14.0,3,2,2,2,125.72,Mobile,Divorced,0,0,0,maturing_stable,0,0,7-12 months,recent_new_customer,1,0,0,0-7 days,high_risk_tech,1,0,0,moderate_risk,0,0,1,low_value,15.715,0,0,1,0
8,14.0,3,1,2,2,125.72,Mobile,Married,0,0,0,maturing_stable,0,0,7-12 months,recent_new_customer,1,0,0,0-7 days,high_risk_tech,1,0,0,stable_low_risk,0,1,0,low_value,15.715,0,0,1,0
8,14.0,4,5,2,2,124.5,Mobile,Single,0,0,0,maturing_stable,0,0,7-12 months,recent_new_customer,1,0,0,0-7 days,high_risk_tech,1,0,0,unstable_high_risk,1,0,0,low_value,15.5625,0,0,2,0
8,14.0,4,3,1,2,124.3,Mobile,Married,0,0,0,maturing_stable,0,0,7-12 months,recent_new_customer,1,0,0,0-7 days,high_risk_tech,1,0,0,stable_low_risk,0,1,0,low_value,15.5375,0,0,1,0
8,14.0,1,4,1,3,124.26,Mobile,Married,0,0,0,maturing_stable,0,0,7-12 months,recent_new_customer,1,0,0,0-7 days,high_risk_tech,1,0,0,stable_low_risk,0,1,0,low_value,15.5325,0,0,1,0
8,14.0,3,3,2,0,124.04,Mobile,Married,0,0,0,maturing_stable,0,0,7-12 months,recent_new_customer,1,0,0,0-7 days,high_risk_tech,1,0,0,stable_low_risk,0,1,0,low_value,15.505,0,0,1,0
8,14.0,3,3,2,0,124.04,Mobile,Divorced,0,0,0,maturing_stable,0,0,7-12 months,recent_new_customer,1,0,0,0-7 days,high_risk_tech,1,0,0,moderate_risk,0,0,1,low_value,15.505,0,0,1,0
8,14.0,4,1,2,2,123.76,Mobile,Married,0,0,0,maturing_stable,0,0,7-12 months,recent_new_customer,1,0,0,0-7 days,high_risk_tech,1,0,0,stable_low_risk,0,1,0,low_value,15.47,0,0,1,0
8,14.0,4,2,2,2,123.76,Mobile,Divorced,0,0,0,maturing_stable,0,0,7-12 months,recent_new_customer,1,0,0,0-7 days,high_risk_tech,1,0,0,moderate_risk,0,0,1,low_value,15.47,0,0,1,0
8,24.0,3,5,1,4,0.0,Laptop & Accessory,Married,0,0,0,maturing_stable,0,0,7-12 months,recent_new_customer,1,0,0,0-7 days,low_risk_electronics,0,0,0,stable_low_risk,0,1,0,minimal_value,0.0,0,1,0,0
7,24.0,4,3,3,1,299.44,Grocery,Single,0,0,0,maturing_stable,0,0,7-12 months,recent_new_customer,1,0,0,0-7 days,lowest_risk_grocery,0,1,0,unstable_high_risk,1,0,0,medium_value,42.77714,0,0,1,0
7,21.0,3,5,8,9,270.07,Grocery,Married,0,0,0,maturing_stable,0,0,7-12 months,active_low_risk,0,0,1,8-14 days,lowest_risk_grocery,0,1,0,stable_low_risk,0,1,0,medium_value,38.58143,0,0,0,0
7,30.0,4,1,3,13,259.58,Fashion,Single,1,0,0,maturing_stable,0,0,7-12 months,active_low_risk,0,0,1,8-14 days,moderate_risk_fashion,0,0,1,unstable_high_risk,1,0,0,medium_value,37.082855,0,0,2,0
7,12.0,4,4,8,9,243.78,Fashion,Divorced,0,0,0,maturing_stable,0,0,7-12 months,active_low_risk,0,0,1,8-14 days,moderate_risk_fashion,0,0,1,moderate_risk,0,0,1,medium_value,34.825714,0,0,0,0
7,14.0,4,3,2,8,241.91,Fashion,Divorced,0,0,0,maturing_stable,0,0,7-12 months,active_low_risk,0,0,1,8-14 days,moderate_risk_fashion,0,0,1,moderate_risk,0,0,1,medium_value,34.55857,0,0,0,0
7,12.0,4,2,8,47,224.98,Laptop & Accessory,Divorced,0,1,0,maturing_stable,0,0,7-12 months,dormant_high_risk,0,1,0,31+ days,low_risk_electronics,0,0,0,moderate_risk,0,0,1,medium_value,32.14,0,0,1,0
7,12.0,4,1,8,47,224.98,Laptop & Accessory,Married,0,1,0,maturing_stable,0,0,7-12 months,dormant_high_risk,0,1,0,31+ days,low_risk_electronics,0,0,0,stable_low_risk,0,1,0,medium_value,32.14,0,0,1,0
7,17.0,2,3,2,9,208.8,Fashion,Married,1,0,0,maturing_stable,0,0,7-12 months,active_low_risk,0,0,1,8-14 days,moderate_risk_fashion,0,0,1,stable_low_risk,0,1,0,medium_value,29.828571,0,0,1,0
7,6.0,4,5,10,6,204.82,Fashion,Married,0,0,0,maturing_stable,0,0,7-12 months,recent_new_customer,1,0,0,0-7 days,moderate_risk_fashion,0,0,1,stable_low_risk,0,1,0,medium_value,29.26,0,0,0,1
7,6.0,4,5,10,6,204.82,Fashion,Divorced,0,0,0,maturing_stable,0,0,7-12 months,recent_new_customer,1,0,0,0-7 days,moderate_risk_fashion,0,0,1,moderate_risk,0,0,1,medium_value,29.26,0,0,0,1
7,13.0,4,1,5,8,202.25,Laptop & Accessory,Married,0,0,0,maturing_stable,0,0,7-12 months,active_low_risk,0,0,1,8-14 days,low_risk_electronics,0,0,0,stable_low_risk,0,1,0,medium_value,28.892857,0,0,0,0
7,13.0,4,2,5,8,202.25,Laptop & Accessory,Married,0,0,0,maturing_stable,0,0,7-12 months,active_low_risk,0,0,1,8-14 days,low_risk_electronics,0,0,0,stable_low_risk,0,1,0,medium_value,28.892857,0,0,0,0
7,7.0,3,1,2,1,198.88,Fashion,Single,0,0,0,maturing_stable,0,0,7-12 months,recent_new_customer,1,0,0,0-7 days,moderate_risk_fashion,0,0,1,unstable_high_risk,1,0,0,medium_value,28.411428,0,0,1,0
7,6.0,1,2,1,9,197.25,Laptop & Accessory,Married,0,0,0,maturing_stable,0,0,7-12 months,active_low_risk,0,0,1,8-14 days,low_risk_electronics,0,0,0,stable_low_risk,0,1,0,medium_value,28.178572,0,0,0,0
7,10.0,3,1,3,0,197.13,Fashion,Married,1,0,0,maturing_stable,0,0,7-12 months,recent_new_customer,1,0,0,0-7 days,moderate_risk_fashion,0,0,1,stable_low_risk,0,1,0,medium_value,28.161428,0,0,1,0
7,12.0,5,1,6,3,196.19,Fashion,Married,0,0,0,maturing_stable,0,0,7-12 months,recent_new_customer,1,0,0,0-7 days,moderate_risk_fashion,0,0,1,stable_low_risk,0,1,0,medium_value,28.027143,0,0,0,0
7,15.0,4,3,2,3,196.04,Laptop & Accessory,Married,0,0,0,maturing_stable,0,0,7-12 months,recent_new_customer,1,0,0,0-7 days,low_risk_electronics,0,0,0,stable_low_risk,0,1,0,medium_value,28.005713,0,0,0,0
7,8.0,4,3,2,9,195.47,Laptop & Accessory,Divorced,0,0,0,maturing_stable,0,0,7-12 months,active_low_risk,0,0,1,8-14 days,low_risk_electronics,0,0,0,moderate_risk,0,0,1,medium_value,27.924286,0,0,0,0
7,7.0,5,2,2,5,194.49,Laptop & Accessory,Single,0,0,0,maturing_stable,0,0,7-12 months,recent_new_customer,1,0,0,0-7 days,low_risk_electronics,0,0,0,unstable_high_risk,1,0,0,medium_value,27.784286,0,0,1,0
7,35.0,3,4,4,3,192.5,Fashion,Married,0,0,0,maturing_stable,0,0,7-12 months,recent_new_customer,1,0,0,0-7 days,moderate_risk_fashion,0,0,1,stable_low_risk,0,1,0,medium_value,27.5,0,0,0,0
7,15.0,4,5,4,3,188.92,Laptop & Accessory,Married,0,0,0,maturing_stable,0,0,7-12 months,recent_new_customer,1,0,0,0-7 days,low_risk_electronics,0,0,0,stable_low_risk,0,1,0,medium_value,26.988571,0,0,0,0
7,15.0,4,3,4,1,188.88,Laptop & Accessory,Single,1,0,0,maturing_stable,0,0,7-12 months,recent_new_customer,1,0,0,0-7 days,low_risk_electronics,0,0,0,unstable_high_risk,1,0,0,medium_value,26.982859,0,0,2,0
7,29.0,4,4,2,8,186.46,Laptop & Accessory,Married,0,0,0,maturing_stable,0,0,7-12 months,active_low_risk,0,0,1,8-14 days,low_risk_electronics,0,0,0,stable_low_risk,0,1,0,medium_value,26.637144,0,0,0,0
7,19.0,3,3,2,1,186.28,Fashion,Married,0,0,0,maturing_stable,0,0,7-12 months,recent_new_customer,1,0,0,0-7 days,moderate_risk_fashion,0,0,1,stable_low_risk,0,1,0,medium_value,26.61143,0,0,0,0
7,15.0,4,4,2,7,186.21,Fashion,Single,0,0,0,maturing_stable,0,0,7-12 months,recent_new_customer,1,0,0,0-7 days,moderate_risk_fashion,0,0,1,unstable_high_risk,1,0,0,medium_value,26.601429,0,0,1,0
7,15.0,3,2,1,6,185.0,Fashion,Married,0,0,0,maturing_stable,0,0,7-12 months,recent_new_customer,1,0,0,0-7 days,moderate_risk_fashion,0,0,1,stable_low_risk,0,1,0,medium_value,26.428572,0,0,0,0
7,14.0,4,3,3,9,184.68,Laptop & Accessory,Married,0,0,0,maturing_stable,0,0,7-12 months,active_low_risk,0,0,1,8-14 days,low_risk_electronics,0,0,0,stable_low_risk,0,1,0,medium_value,26.382856,0,0,0,0
7,9.0,4,1,4,1,181.03,Laptop & Accessory,Married,1,0,0,maturing_stable,0,0,7-12 months,recent_new_customer,1,0,0,0-7 days,low_risk_electronics,0,0,0,stable_low_risk,0,1,0,medium_value,25.86143,0,0,1,0
7,9.0,4,1,3,5,180.05,Laptop & Accessory,Married,0,0,0,maturing_stable,0,0,7-12 months,recent_new_customer,1,0,0,0-7 days,low_risk_electronics,0,0,0,stable_low_risk,0,1,0,medium_value,25.72143,0,0,0,0
7,7.0,2,4,3,3,179.88,Laptop & Accessory,Married,1,0,0,maturing_stable,0,0,7-12 months,recent_new_customer,1,0,0,0-7 days,low_risk_electronics,0,0,0,stable_low_risk,0,1,0,medium_value,25.697144,0,0,1,0
7,17.0,4,3,3,10,179.87,Laptop & Accessory,Single,0,0,0,maturing_stable,0,0,7-12 months,active_low_risk,0,0,1,8-14 days,low_risk_electronics,0,0,0,unstable_high_risk,1,0,0,medium_value,25.695713,0,0,1,0
7,21.0,3,2,2,5,179.78,Fashion,Divorced,0,0,0,maturing_stable,0,0,7-12 months,recent_new_customer,1,0,0,0-7 days,moderate_risk_fashion,0,0,1,moderate_risk,0,0,1,medium_value,25.682858,0,0,0,1
7,21.0,3,1,2,5,179.78,Fashion,Married,0,0,0,maturing_stable,0,0,7-12 months,recent_new_customer,1,0,0,0-7 days,moderate_risk_fashion,0,0,1,stable_low_risk,0,1,0,medium_value,25.682858,0,0,0,1
7,7.0,2,5,4,4,178.76,Laptop & Accessory,Married,0,0,0,maturing_stable,0,0,7-12 months,recent_new_customer,1,0,0,0-7 days,low_risk_electronics,0,0,0,stable_low_risk,0,1,0,medium_value,25.537142,0,0,0,0
7,23.0,4,1,3,3,178.68,Laptop & Accessory,Married,1,0,0,maturing_stable,0,0,7-12 months,recent_new_customer,1,0,0,0-7 days,low_risk_electronics,0,0,0,stable_low_risk,0,1,0,medium_value,25.525713,0,0,1,0
7,9.0,3,1,1,4,177.56,Laptop & Accessory,Single,0,0,0,maturing_stable,0,0,7-12 months,recent_new_customer,1,0,0,0-7 days,low_risk_electronics,0,0,0,unstable_high_risk,1,0,0,medium_value,25.365713,0,0,1,0
7,9.0,3,2,1,4,177.56,Laptop & Accessory,Single,0,0,0,maturing_stable,0,0,7-12 months,recent_new_customer,1,0,0,0-7 days,low_risk_electronics,0,0,0,unstable_high_risk,1,0,0,medium_value,25.365713,0,0,1,0
7,35.0,4,3,3,8,177.07,Laptop & Accessory,Married,1,0,0,maturing_stable,0,0,7-12 months,active_low_risk,0,0,1,8-14 days,low_risk_electronics,0,0,0,stable_low_risk,0,1,0,medium_value,25.295715,0,0,1,0
7,9.0,4,4,10,8,176.47,Laptop & Accessory,Single,0,0,0,maturing_stable,0,0,7-12 months,active_low_risk,0,0,1,8-14 days,low_risk_electronics,0,0,0,unstable_high_risk,1,0,0,medium_value,25.210001,0,0,1,0
7,17.0,5,1,5,2,171.82,Laptop & Accessory,Single,0,0,0,maturing_stable,0,0,7-12 months,recent_new_customer,1,0,0,0-7 days,low_risk_electronics,0,0,0,unstable_high_risk,1,0,0,medium_value,24.545715,0,0,1,0
7,6.0,4,3,2,6,170.83,Fashion,Divorced,1,0,0,maturing_stable,0,0,7-12 months,recent_new_customer,1,0,0,0-7 days,moderate_risk_fashion,0,0,1,moderate_risk,0,0,1,medium_value,24.404285,0,0,1,0
7,32.0,4,3,3,2,170.39,Laptop & Accessory,Married,0,0,0,maturing_stable,0,0,7-12 months,recent_new_customer,1,0,0,0-7 days,low_risk_electronics,0,0,0,stable_low_risk,0,1,0,medium_value,24.341429,0,0,0,0
7,32.0,4,3,3,2,170.39,Laptop & Accessory,Divorced,0,0,0,maturing_stable,0,0,7-12 months,recent_new_customer,1,0,0,0-7 days,low_risk_electronics,0,0,0,moderate_risk,0,0,1,medium_value,24.341429,0,0,0,0
7,14.0,4,5,2,4,168.73,Laptop & Accessory,Divorced,0,0,0,maturing_stable,0,0,7-12 months,recent_new_customer,1,0,0,0-7 days,low_risk_electronics,0,0,0,moderate_risk,0,0,1,medium_value,24.104284,0,0,0,0
7,14.0,4,5,2,4,168.73,Laptop & Accessory,Married,0,0,0,maturing_stable,0,0,7-12 months,recent_new_customer,1,0,0,0-7 days,low_risk_electronics,0,0,0,stable_low_risk,0,1,0,medium_value,24.104284,0,0,0,0
7,32.0,5,4,3,3,168.2,Laptop & Accessory,Single,0,0,0,maturing_stable,0,0,7-12 months,recent_new_customer,1,0,0,0-7 days,low_risk_electronics,0,0,0,unstable_high_risk,1,0,0,medium_value,24.02857,0,0,1,0
7,14.0,4,4,2,3,168.02,Laptop & Accessory,Divorced,0,0,0,maturing_stable,0,0,7-12 months,recent_new_customer,1,0,0,0-7 days,low_risk_electronics,0,0,0,moderate_risk,0,0,1,medium_value,24.002857,0,0,0,0
7,14.0,4,4,2,3,168.02,Laptop & Accessory,Married,0,0,0,maturing_stable,0,0,7-12 months,recent_new_customer,1,0,0,0-7 days,low_risk_electronics,0,0,0,stable_low_risk,0,1,0,medium_value,24.002857,0,0,0,0
7,14.0,1,3,2,8,167.99,Laptop & Accessory,Married,0,0,0,maturing_stable,0,0,7-12 months,active_low_risk,0,0,1,8-14 days,low_risk_electronics,0,0,0,stable_low_risk,0,1,0,medium_value,23.998571,0,0,0,0
7,34.0,4,3,2,7,167.12,Laptop & Accessory,Married,0,0,0,maturing_stable,0,0,7-12 months,recent_new_customer,1,0,0,0-7 days,low_risk_electronics,0,0,0,stable_low_risk,0,1,0,medium_value,23.874285,0,0,0,0
7,8.0,3,1,2,11,166.87,Laptop & Accessory,Single,0,0,0,maturing_stable,0,0,7-12 months,active_low_risk,0,0,1,8-14 days,low_risk_electronics,0,0,0,unstable_high_risk,1,0,0,medium_value,23.838572,0,0,1,0
7,8.0,3,2,2,11,166.87,Laptop & Accessory,Single,0,0,0,maturing_stable,0,0,7-12 months,active_low_risk,0,0,1,8-14 days,low_risk_electronics,0,0,0,unstable_high_risk,1,0,0,medium_value,23.838572,0,0,1,0
7,10.0,3,3,10,2,165.38,Laptop & Accessory,Divorced,0,0,0,maturing_stable,0,0,7-12 months,recent_new_customer,1,0,0,0-7 days,low_risk_electronics,0,0,0,moderate_risk,0,0,1,medium_value,23.625715,0,0,0,0
7,10.0,3,3,10,2,165.38,Laptop & Accessory,Married,0,0,0,maturing_stable,0,0,7-12 months,recent_new_customer,1,0,0,0-7 days,low_risk_electronics,0,0,0,stable_low_risk,0,1,0,medium_value,23.625715,0,0,0,0
7,7.0,2,5,3,9,165.37,Laptop & Accessory,Married,0,0,0,maturing_stable,0,0,7-12 months,active_low_risk,0,0,1,8-14 days,low_risk_electronics,0,0,0,stable_low_risk,0,1,0,medium_value,23.624285,0,0,0,0
7,14.0,3,5,6,2,165.0,Laptop & Accessory,Divorced,0,0,0,maturing_stable,0,0,7-12 months,recent_new_customer,1,0,0,0-7 days,low_risk_electronics,0,0,0,moderate_risk,0,0,1,medium_value,23.571428,0,0,0,0
7,11.0,5,4,10,3,163.38,Mobile Phone,Married,0,0,0,maturing_stable,0,0,7-12 months,recent_new_customer,1,0,0,0-7 days,high_risk_tech,1,0,0,stable_low_risk,0,1,0,medium_value,23.34,0,0,1,0
7,11.0,5,4,10,3,163.38,Mobile Phone,Divorced,0,0,0,maturing_stable,0,0,7-12 months,recent_new_customer,1,0,0,0-7 days,high_risk_tech,1,0,0,moderate_risk,0,0,1,medium_value,23.34,0,0,1,0
7,8.0,3,2,2,4,162.74,Laptop & Accessory,Single,0,0,0,maturing_stable,0,0,7-12 months,recent_new_customer,1,0,0,0-7 days,low_risk_electronics,0,0,0,unstable_high_risk,1,0,0,medium_value,23.248571,0,0,1,0
7,8.0,3,1,2,4,162.74,Laptop & Accessory,Single,0,0,0,maturing_stable,0,0,7-12 months,recent_new_customer,1,0,0,0-7 days,low_risk_electronics,0,0,0,unstable_high_risk,1,0,0,medium_value,23.248571,0,0,1,0
7,14.0,3,3,4,3,161.42,Laptop & Accessory,Single,0,0,0,maturing_stable,0,0,7-12 months,recent_new_customer,1,0,0,0-7 days,low_risk_electronics,0,0,0,unstable_high_risk,1,0,0,medium_value,23.06,0,0,1,0
7,21.0,3,5,2,6,161.25,Laptop & Accessory,Single,0,0,0,maturing_stable,0,0,7-12 months,recent_new_customer,1,0,0,0-7 days,low_risk_electronics,0,0,0,unstable_high_risk,1,0,0,medium_value,23.035715,0,0,1,0
7,9.0,5,1,6,2,160.29,Laptop & Accessory,Single,0,0,0,maturing_stable,0,0,7-12 months,recent_new_customer,1,0,0,0-7 days,low_risk_electronics,0,0,0,unstable_high_risk,1,0,0,medium_value,22.898571,0,0,1,0
7,8.0,4,5,7,9,159.57,Laptop & Accessory,Married,0,0,0,maturing_stable,0,0,7-12 months,active_low_risk,0,0,1,8-14 days,low_risk_electronics,0,0,0,stable_low_risk,0,1,0,medium_value,22.795715,0,0,0,0
7,28.0,4,1,2,11,157.47,Laptop & Accessory,Married,1,0,0,maturing_stable,0,0,7-12 months,active_low_risk,0,0,1,8-14 days,low_risk_electronics,0,0,0,stable_low_risk,0,1,0,medium_value,22.495714,0,0,1,0
7,15.0,3,3,2,3,157.14,Laptop & Accessory,Divorced,0,0,0,maturing_stable,0,0,7-12 months,recent_new_customer,1,0,0,0-7 days,low_risk_electronics,0,0,0,moderate_risk,0,0,1,medium_value,22.448572,0,0,0,0
7,11.0,4,4,7,8,155.55,Laptop & Accessory,Married,0,0,0,maturing_stable,0,0,7-12 months,active_low_risk,0,0,1,8-14 days,low_risk_electronics,0,0,0,stable_low_risk,0,1,0,medium_value,22.22143,0,0,0,0
7,7.0,3,1,10,1,154.84,Laptop & Accessory,Married,0,0,0,maturing_stable,0,0,7-12 months,recent_new_customer,1,0,0,0-7 days,low_risk_electronics,0,0,0,stable_low_risk,0,1,0,medium_value,22.119999,0,0,0,0
7,9.0,3,4,2,9,154.33,Laptop & Accessory,Married,0,0,0,maturing_stable,0,0,7-12 months,active_low_risk,0,0,1,8-14 days,low_risk_electronics,0,0,0,stable_low_risk,0,1,0,medium_value,22.047144,0,0,0,0
7,12.0,5,1,3,3,154.11,Mobile Phone,Married,0,0,0,maturing_stable,0,0,7-12 months,recent_new_customer,1,0,0,0-7 days,high_risk_tech,1,0,0,stable_low_risk,0,1,0,medium_value,22.015715,0,0,1,0
7,10.0,4,3,3,1,154.09,Mobile Phone,Married,1,0,0,maturing_stable,0,0,7-12 months,recent_new_customer,1,0,0,0-7 days,high_risk_tech,1,0,0,stable_low_risk,0,1,0,medium_value,22.012857,0,0,2,0
7,7.0,4,5,1,9,153.43,Laptop & Accessory,Single,0,0,0,maturing_stable,0,0,7-12 months,active_low_risk,0,0,1,8-14 days,low_risk_electronics,0,0,0,unstable_high_risk,1,0,0,medium_value,21.91857,0,0,1,0
7,6.0,4,5,1,9,153.43,Laptop & Accessory,Single,0,0,0,maturing_stable,0,0,7-12 months,active_low_risk,0,0,1,8-14 days,low_risk_electronics,0,0,0,unstable_high_risk,1,0,0,medium_value,21.91857,0,0,1,0
7,27.0,1,1,2,7,153.37,Laptop & Accessory,Single,0,0,0,maturing_stable,0,0,7-12 months,recent_new_customer,1,0,0,0-7 days,low_risk_electronics,0,0,0,unstable_high_risk,1,0,0,medium_value,21.91,0,0,1,0
7,27.0,2,2,2,7,153.37,Laptop & Accessory,Single,0,0,0,maturing_stable,0,0,7-12 months,recent_new_customer,1,0,0,0-7 days,low_risk_electronics,0,0,0,unstable_high_risk,1,0,0,medium_value,21.91,0,0,1,0
7,7.0,5,5,5,3,152.99,Mobile Phone,Single,1,0,0,maturing_stable,0,0,7-12 months,recent_new_customer,1,0,0,0-7 days,high_risk_tech,1,0,0,unstable_high_risk,1,0,0,medium_value,21.855715,0,0,3,0
7,16.0,4,2,2,11,152.81,Mobile Phone,Divorced,0,0,0,maturing_stable,0,0,7-12 months,active_low_risk,0,0,1,8-14 days,high_risk_tech,1,0,0,moderate_risk,0,0,1,medium_value,21.83,0,0,1,0
7,21.0,4,4,3,7,152.56,Mobile Phone,Married,0,0,0,maturing_stable,0,0,7-12 months,recent_new_customer,1,0,0,0-7 days,high_risk_tech,1,0,0,stable_low_risk,0,1,0,medium_value,21.794285,0,0,1,0
7,11.0,5,4,8,2,151.22,Mobile Phone,Divorced,0,0,0,maturing_stable,0,0,7-12 months,recent_new_customer,1,0,0,0-7 days,high_risk_tech,1,0,0,moderate_risk,0,0,1,medium_value,21.602858,0,0,1,0
7,14.0,3,5,4,0,151.21,Laptop & Accessory,Married,0,0,0,maturing_stable,0,0,7-12 months,recent_new_customer,1,0,0,0-7 days,low_risk_electronics,0,0,0,stable_low_risk,0,1,0,medium_value,21.601429,0,0,0,0
7,16.0,4,3,2,7,150.63,Laptop & Accessory,Married,0,0,0,maturing_stable,0,0,7-12 months,recent_new_customer,1,0,0,0-7 days,low_risk_electronics,0,0,0,stable_low_risk,0,1,0,medium_value,21.518572,0,0,0,0
7,9.0,4,2,2,3,150.0,Mobile Phone,Single,0,0,0,maturing_stable,0,0,7-12 months,recent_new_customer,1,0,0,0-7 days,high_risk_tech,1,0,0,unstable_high_risk,1,0,0,medium_value,21.428572,0,0,2,0
7,9.0,4,1,2,3,150.0,Mobile Phone,Single,0,0,0,maturing_stable,0,0,7-12 months,recent_new_customer,1,0,0,0-7 days,high_risk_tech,1,0,0,unstable_high_risk,1,0,0,medium_value,21.428572,0,0,2,0
7,24.0,5,3,11,1,149.37,Mobile Phone,Married,1,0,0,maturing_stable,0,0,7-12 months,recent_new_customer,1,0,0,0-7 days,high_risk_tech,1,0,0,stable_low_risk,0,1,0,low_value,21.338572,0,0,2,1
7,15.0,5,1,2,3,148.42,Mobile Phone,Single,0,0,0,maturing_stable,0,0,7-12 months,recent_new_customer,1,0,0,0-7 days,high_risk_tech,1,0,0,unstable_high_risk,1,0,0,low_value,21.202856,0,0,2,0
7,15.0,5,2,2,3,148.42,Mobile Phone,Single,0,0,0,maturing_stable,0,0,7-12 months,recent_new_customer,1,0,0,0-7 days,high_risk_tech,1,0,0,unstable_high_risk,1,0,0,low_value,21.202856,0,0,2,0
7,12.0,3,3,2,10,148.09,Laptop & Accessory,Single,0,0,0,maturing_stable,0,0,7-12 months,active_low_risk,0,0,1,8-14 days,low_risk_electronics,0,0,0,unstable_high_risk,1,0,0,low_value,21.155714,0,0,1,0
7,10.0,4,4,5,4,147.77,Mobile Phone,Married,1,0,0,maturing_stable,0,0,7-12 months,recent_new_customer,1,0,0,0-7 days,high_risk_tech,1,0,0,stable_low_risk,0,1,0,low_value,21.11,0,0,2,0
7,9.0,5,5,4,12,147.59,Laptop & Accessory,Single,0,0,0,maturing_stable,0,0,7-12 months,active_low_risk,0,0,1,8-14 days,low_risk_electronics,0,0,0,unstable_high_risk,1,0,0,low_value,21.084286,0,0,1,0
7,16.0,1,1,2,2,147.24,Laptop & Accessory,Married,0,0,0,maturing_stable,0,0,7-12 months,recent_new_customer,1,0,0,0-7 days,low_risk_electronics,0,0,0,stable_low_risk,0,1,0,low_value,21.034286,0,0,0,0
7,8.0,3,5,1,2,145.38,Laptop & Accessory,Single,1,0,0,maturing_stable,0,0,7-12 months,recent_new_customer,1,0,0,0-7 days,low_risk_electronics,0,0,0,unstable_high_risk,1,0,0,low_value,20.768572,0,0,2,0
7,28.0,2,4,3,14,145.28,Mobile Phone,Married,0,0,0,maturing_stable,0,0,7-12 months,active_low_risk,0,0,1,8-14 days,high_risk_tech,1,0,0,stable_low_risk,0,1,0,low_value,20.754286,0,0,1,0
7,7.0,5,3,3,1,145.08,Mobile Phone,Married,0,0,0,maturing_stable,0,0,7-12 months,recent_new_customer,1,0,0,0-7 days,high_risk_tech,1,0,0,stable_low_risk,0,1,0,low_value,20.725714,0,0,1,0
7,12.0,4,4,7,0,145.05,Laptop & Accessory,Married,0,0,0,maturing_stable,0,0,7-12 months,recent_new_customer,1,0,0,0-7 days,low_risk_electronics,0,0,0,stable_low_risk,0,1,0,low_value,20.72143,0,0,0,0
7,17.0,4,4,5,8,144.9,Laptop & Accessory,Married,0,0,0,maturing_stable,0,0,7-12 months,active_low_risk,0,0,1,8-14 days,low_risk_electronics,0,0,0,stable_low_risk,0,1,0,low_value,20.699999,0,0,0,0
7,17.0,4,4,5,8,144.9,Laptop & Accessory,Divorced,0,0,0,maturing_stable,0,0,7-12 months,active_low_risk,0,0,1,8-14 days,low_risk_electronics,0,0,0,moderate_risk,0,0,1,low_value,20.699999,0,0,0,0
7,25.0,3,4,5,10,144.44,Laptop & Accessory,Married,0,0,0,maturing_stable,0,0,7-12 months,active_low_risk,0,0,1,8-14 days,low_risk_electronics,0,0,0,stable_low_risk,0,1,0,low_value,20.634287,0,0,0,0
7,14.0,1,3,3,2,144.04,Laptop & Accessory,Married,0,0,0,maturing_stable,0,0,7-12 months,recent_new_customer,1,0,0,0-7 days,low_risk_electronics,0,0,0,stable_low_risk,0,1,0,low_value,20.577143,0,0,0,0
7,8.0,4,5,2,3,143.81,Mobile Phone,Single,0,0,0,maturing_stable,0,0,7-12 months,recent_new_customer,1,0,0,0-7 days,high_risk_tech,1,0,0,unstable_high_risk,1,0,0,low_value,20.544285,0,0,2,0
7,6.0,3,4,2,3,143.25,Laptop & Accessory,Married,0,0,0,maturing_stable,0,0,7-12 months,recent_new_customer,1,0,0,0-7 days,low_risk_electronics,0,0,0,stable_low_risk,0,1,0,low_value,20.464285,0,0,0,0
7,8.0,3,3,3,2,140.33,Laptop & Accessory,Single,0,0,0,maturing_stable,0,0,7-12 months,recent_new_customer,1,0,0,0-7 days,low_risk_electronics,0,0,0,unstable_high_risk,1,0,0,low_value,20.047144,0,0,1,0
7,16.0,3,3,2,7,140.01,Laptop & Accessory,Married,1,0,0,maturing_stable,0,0,7-12 months,recent_new_customer,1,0,0,0-7 days,low_risk_electronics,0,0,0,stable_low_risk,0,1,0,low_value,20.001429,0,0,1,0
7,11.0,4,1,2,13,139.86,Laptop & Accessory,Married,0,0,0,maturing_stable,0,0,7-12 months,active_low_risk,0,0,1,8-14 days,low_risk_electronics,0,0,0,stable_low_risk,0,1,0,low_value,19.98,0,0,0,0
7,16.0,3,3,2,0,138.15,Mobile Phone,Married,1,0,0,maturing_stable,0,0,7-12 months,recent_new_customer,1,0,0,0-7 days,high_risk_tech,1,0,0,stable_low_risk,0,1,0,low_value,19.735714,0,0,2,0
7,9.0,3,2,1,2,137.37,Mobile Phone,Divorced,0,0,0,maturing_stable,0,0,7-12 months,recent_new_customer,1,0,0,0-7 days,high_risk_tech,1,0,0,moderate_risk,0,0,1,low_value,19.624285,0,0,1,0
7,6.0,4,2,2,3,136.22,Mobile Phone,Divorced,1,0,0,maturing_stable,0,0,7-12 months,recent_new_customer,1,0,0,0-7 days,high_risk_tech,1,0,0,moderate_risk,0,0,1,low_value,19.460001,0,0,2,0
7,6.0,4,4,6,2,132.94,Mobile,Divorced,0,0,0,maturing_stable,0,0,7-12 months,recent_new_customer,1,0,0,0-7 days,high_risk_tech,1,0,0,moderate_risk,0,0,1,low_value,18.991428,0,0,1,0
7,6.0,1,1,3,3,132.8,Mobile,Single,0,0,0,maturing_stable,0,0,7-12 months,recent_new_customer,1,0,0,0-7 days,high_risk_tech,1,0,0,unstable_high_risk,1,0,0,low_value,18.97143,0,0,2,0
7,6.0,1,2,3,3,132.8,Mobile,Single,0,0,0,maturing_stable,0,0,7-12 months,recent_new_customer,1,0,0,0-7 days,high_risk_tech,1,0,0,unstable_high_risk,1,0,0,low_value,18.97143,0,0,2,0
7,30.0,3,3,4,0,131.61,Mobile,Married,1,0,0,maturing_stable,0,0,7-12 months,recent_new_customer,1,0,0,0-7 days,high_risk_tech,1,0,0,stable_low_risk,0,1,0,low_value,18.801428,0,0,2,1
7,7.0,3,5,6,3,129.96,Mobile,Married,0,0,0,maturing_stable,0,0,7-12 months,recent_new_customer,1,0,0,0-7 days,high_risk_tech,1,0,0,stable_low_risk,0,1,0,low_value,18.565716,0,0,1,0
7,13.0,3,1,2,0,129.72,Mobile,Single,0,0,0,maturing_stable,0,0,7-12 months,recent_new_customer,1,0,0,0-7 days,high_risk_tech,1,0,0,unstable_high_risk,1,0,0,low_value,18.53143,0,0,2,0
7,16.0,3,3,2,2,129.36,Mobile,Single,1,0,0,maturing_stable,0,0,7-12 months,recent_new_customer,1,0,0,0-7 days,high_risk_tech,1,0,0,unstable_high_risk,1,0,0,low_value,18.48,0,0,3,1
7,8.0,1,1,1,2,129.32,Mobile,Married,1,0,0,maturing_stable,0,0,7-12 months,recent_new_customer,1,0,0,0-7 days,high_risk_tech,1,0,0,stable_low_risk,0,1,0,low_value,18.474287,0,0,2,0
7,25.0,4,1,2,7,129.29,Mobile,Married,0,0,0,maturing_stable,0,0,7-12 months,recent_new_customer,1,0,0,0-7 days,high_risk_tech,1,0,0,stable_low_risk,0,1,0,low_value,18.47,0,0,1,0
7,8.0,4,3,4,7,127.68,Mobile,Married,0,0,0,maturing_stable,0,0,7-12 months,recent_new_customer,1,0,0,0-7 days,high_risk_tech,1,0,0,stable_low_risk,0,1,0,low_value,18.24,0,0,1,0
7,14.0,1,3,1,0,125.85,Mobile,Married,0,0,0,maturing_stable,0,0,7-12 months,recent_new_customer,1,0,0,0-7 days,high_risk_tech,1,0,0,stable_low_risk,0,1,0,low_value,17.97857,0,0,1,0
7,14.0,1,3,1,0,125.85,Mobile,Divorced,0,0,0,maturing_stable,0,0,7-12 months,recent_new_customer,1,0,0,0-7 days,high_risk_tech,1,0,0,moderate_risk,0,0,1,low_value,17.97857,0,0,1,0
7,14.0,3,3,2,6,125.79,Mobile,Married,1,0,0,maturing_stable,0,0,7-12 months,recent_new_customer,1,0,0,0-7 days,high_risk_tech,1,0,0,stable_low_risk,0,1,0,low_value,17.97,0,0,2,0
7,14.0,3,5,5,2,123.62,Mobile,Married,0,0,0,maturing_stable,0,0,7-12 months,recent_new_customer,1,0,0,0-7 days,high_risk_tech,1,0,0,stable_low_risk,0,1,0,low_value,17.66,0,0,1,1
7,14.0,3,5,5,2,123.62,Mobile,Divorced,0,0,0,maturing_stable,0,0,7-12 months,recent_new_customer,1,0,0,0-7 days,high_risk_tech,1,0,0,moderate_risk,0,0,1,low_value,17.66,0,0,1,1
7,14.0,3,4,2,3,123.42,Mobile,Married,1,0,0,maturing_stable,0,0,7-12 months,recent_new_customer,1,0,0,0-7 days,high_risk_tech,1,0,0,stable_low_risk,0,1,0,low_value,17.631428,0,0,2,1
7,22.0,4,1,2,2,37.0,Laptop & Accessory,Married,1,0,0,maturing_stable,0,0,7-12 months,recent_new_customer,1,0,0,0-7 days,low_risk_electronics,0,0,0,stable_low_risk,0,1,0,minimal_value,5.285714,0,1,1,0
6,23.0,3,3,2,0,274.44,Grocery,Single,0,0,0,growing_moderate,0,0,4-6 months,recent_new_customer,1,0,0,0-7 days,lowest_risk_grocery,0,1,0,unstable_high_risk,1,0,0,medium_value,45.74,0,0,1,0
6,19.0,4,5,2,15,262.58,Grocery,Single,1,0,0,growing_moderate,0,0,4-6 months,stable_lowest_risk,0,0,1,15-30 days,lowest_risk_grocery,0,1,0,unstable_high_risk,1,0,0,medium_value,43.763332,0,0,2,1
6,6.0,1,3,5,5,261.84,Grocery,Married,0,0,0,growing_moderate,0,0,4-6 months,recent_new_customer,1,0,0,0-7 days,lowest_risk_grocery,0,1,0,stable_low_risk,0,1,0,medium_value,43.64,0,0,0,0
6,6.0,2,3,5,5,261.84,Grocery,Married,0,0,0,growing_moderate,0,0,4-6 months,recent_new_customer,1,0,0,0-7 days,lowest_risk_grocery,0,1,0,stable_low_risk,0,1,0,medium_value,43.64,0,0,0,0
6,17.0,4,1,4,1,237.44,Fashion,Single,0,0,0,growing_moderate,0,0,4-6 months,recent_new_customer,1,0,0,0-7 days,moderate_risk_fashion,0,0,1,unstable_high_risk,1,0,0,medium_value,39.573334,0,0,1,0
6,10.0,4,1,5,8,236.59,Fashion,Single,0,0,0,growing_moderate,0,0,4-6 months,active_low_risk,0,0,1,8-14 days,moderate_risk_fashion,0,0,1,unstable_high_risk,1,0,0,medium_value,39.431667,0,0,1,0
6,10.0,4,2,5,8,236.59,Fashion,Single,0,0,0,growing_moderate,0,0,4-6 months,active_low_risk,0,0,1,8-14 days,moderate_risk_fashion,0,0,1,unstable_high_risk,1,0,0,medium_value,39.431667,0,0,1,0
6,29.0,3,1,2,12,234.58,Fashion,Single,1,0,0,growing_moderate,0,0,4-6 months,active_low_risk,0,0,1,8-14 days,moderate_risk_fashion,0,0,1,unstable_high_risk,1,0,0,medium_value,39.09667,0,0,2,0
6,8.0,4,1,3,47,229.22,Fashion,Married,0,1,0,growing_moderate,0,0,4-6 months,dormant_high_risk,0,1,0,31+ days,moderate_risk_fashion,0,0,1,stable_low_risk,0,1,0,medium_value,38.203335,0,0,1,0
6,7.0,4,1,3,47,229.22,Fashion,Married,0,1,0,growing_moderate,0,0,4-6 months,dormant_high_risk,0,1,0,31+ days,moderate_risk_fashion,0,0,1,stable_low_risk,0,1,0,medium_value,38.203335,0,0,1,0
6,26.0,6,3,5,47,221.1,Fashion,Married,0,1,0,growing_moderate,0,0,4-6 months,dormant_high_risk,0,1,0,31+ days,moderate_risk_fashion,0,0,1,stable_low_risk,0,1,0,medium_value,36.850002,0,0,1,0
6,14.0,4,2,6,47,217.04,Laptop & Accessory,Divorced,0,1,0,growing_moderate,0,0,4-6 months,dormant_high_risk,0,1,0,31+ days,low_risk_electronics,0,0,0,moderate_risk,0,0,1,medium_value,36.173332,0,0,1,0
6,14.0,4,1,6,47,217.04,Laptop & Accessory,Married,0,1,0,growing_moderate,0,0,4-6 months,dormant_high_risk,0,1,0,31+ days,low_risk_electronics,0,0,0,stable_low_risk,0,1,0,medium_value,36.173332,0,0,1,0
6,13.0,3,3,1,47,216.91,Fashion,Married,0,1,0,growing_moderate,0,0,4-6 months,dormant_high_risk,0,1,0,31+ days,moderate_risk_fashion,0,0,1,stable_low_risk,0,1,0,medium_value,36.15167,0,0,1,0
6,13.0,3,3,1,47,216.91,Fashion,Divorced,0,1,0,growing_moderate,0,0,4-6 months,dormant_high_risk,0,1,0,31+ days,moderate_risk_fashion,0,0,1,moderate_risk,0,0,1,medium_value,36.15167,0,0,1,0
6,15.0,4,1,3,47,214.98,Fashion,Single,0,1,0,growing_moderate,0,0,4-6 months,dormant_high_risk,0,1,0,31+ days,moderate_risk_fashion,0,0,1,unstable_high_risk,1,0,0,medium_value,35.829998,0,0,2,0
6,15.0,4,2,3,47,214.98,Fashion,Single,0,1,0,growing_moderate,0,0,4-6 months,dormant_high_risk,0,1,0,31+ days,moderate_risk_fashion,0,0,1,unstable_high_risk,1,0,0,medium_value,35.829998,0,0,2,0
6,11.0,3,1,7,2,199.98,Laptop & Accessory,Married,0,0,0,growing_moderate,0,0,4-6 months,recent_new_customer,1,0,0,0-7 days,low_risk_electronics,0,0,0,stable_low_risk,0,1,0,medium_value,33.329998,0,0,0,0
6,11.0,3,2,7,2,199.98,Laptop & Accessory,Divorced,0,0,0,growing_moderate,0,0,4-6 months,recent_new_customer,1,0,0,0-7 days,low_risk_electronics,0,0,0,moderate_risk,0,0,1,medium_value,33.329998,0,0,0,0
6,10.0,4,5,3,4,192.25,Laptop & Accessory,Married,0,0,0,growing_moderate,0,0,4-6 months,recent_new_customer,1,0,0,0-7 days,low_risk_electronics,0,0,0,stable_low_risk,0,1,0,medium_value,32.041668,0,0,0,0
6,10.0,4,5,3,4,192.25,Laptop & Accessory,Divorced,0,0,0,growing_moderate,0,0,4-6 months,recent_new_customer,1,0,0,0-7 days,low_risk_electronics,0,0,0,moderate_risk,0,0,1,medium_value,32.041668,0,0,0,0
6,22.0,4,1,7,3,191.67,Laptop & Accessory,Married,0,0,0,growing_moderate,0,0,4-6 months,recent_new_customer,1,0,0,0-7 days,low_risk_electronics,0,0,0,stable_low_risk,0,1,0,medium_value,31.945,0,0,0,0
6,12.0,4,4,3,4,190.24,Laptop & Accessory,Married,0,0,0,growing_moderate,0,0,4-6 months,recent_new_customer,1,0,0,0-7 days,low_risk_electronics,0,0,0,stable_low_risk,0,1,0,medium_value,31.706667,0,0,0,0
6,12.0,4,4,3,4,190.24,Laptop & Accessory,Divorced,0,0,0,growing_moderate,0,0,4-6 months,recent_new_customer,1,0,0,0-7 days,low_risk_electronics,0,0,0,moderate_risk,0,0,1,medium_value,31.706667,0,0,0,0
6,16.0,4,2,3,6,188.22,Laptop & Accessory,Divorced,1,0,0,growing_moderate,0,0,4-6 months,recent_new_customer,1,0,0,0-7 days,low_risk_electronics,0,0,0,moderate_risk,0,0,1,medium_value,31.37,0,0,1,0
6,7.0,4,4,3,10,187.2,Laptop & Accessory,Married,0,0,0,growing_moderate,0,0,4-6 months,active_low_risk,0,0,1,8-14 days,low_risk_electronics,0,0,0,stable_low_risk,0,1,0,medium_value,31.199999,0,0,0,0
6,15.0,2,2,3,9,187.09,Laptop & Accessory,Divorced,0,0,0,growing_moderate,0,0,4-6 months,active_low_risk,0,0,1,8-14 days,low_risk_electronics,0,0,0,moderate_risk,0,0,1,medium_value,31.181665,0,0,0,0
6,15.0,2,1,3,9,187.09,Laptop & Accessory,Married,0,0,0,growing_moderate,0,0,4-6 months,active_low_risk,0,0,1,8-14 days,low_risk_electronics,0,0,0,stable_low_risk,0,1,0,medium_value,31.181665,0,0,0,0
6,11.0,5,3,3,9,186.62,Laptop & Accessory,Divorced,0,0,0,growing_moderate,0,0,4-6 months,active_low_risk,0,0,1,8-14 days,low_risk_electronics,0,0,0,moderate_risk,0,0,1,medium_value,31.103333,0,0,0,0
6,11.0,5,3,3,9,186.62,Laptop & Accessory,Married,0,0,0,growing_moderate,0,0,4-6 months,active_low_risk,0,0,1,8-14 days,low_risk_electronics,0,0,0,stable_low_risk,0,1,0,medium_value,31.103333,0,0,0,0
6,16.0,1,3,1,8,183.8,Fashion,Married,1,0,0,growing_moderate,0,0,4-6 months,active_low_risk,0,0,1,8-14 days,moderate_risk_fashion,0,0,1,stable_low_risk,0,1,0,medium_value,30.633333,0,0,1,0
6,12.0,5,4,5,6,183.78,Laptop & Accessory,Married,0,0,0,growing_moderate,0,0,4-6 months,recent_new_customer,1,0,0,0-7 days,low_risk_electronics,0,0,0,stable_low_risk,0,1,0,medium_value,30.63,0,0,0,0
6,9.0,4,4,2,7,179.7,Laptop & Accessory,Married,0,0,0,growing_moderate,0,0,4-6 months,recent_new_customer,1,0,0,0-7 days,low_risk_electronics,0,0,0,stable_low_risk,0,1,0,medium_value,29.949999,0,0,0,0
6,17.0,4,1,3,9,178.96,Laptop & Accessory,Single,0,0,0,growing_moderate,0,0,4-6 months,active_low_risk,0,0,1,8-14 days,low_risk_electronics,0,0,0,unstable_high_risk,1,0,0,medium_value,29.826668,0,0,1,0
6,31.0,4,1,3,8,178.09,Laptop & Accessory,Married,0,0,0,growing_moderate,0,0,4-6 months,active_low_risk,0,0,1,8-14 days,low_risk_electronics,0,0,0,stable_low_risk,0,1,0,medium_value,29.681665,0,0,0,0
6,31.0,4,2,3,8,178.09,Laptop & Accessory,Divorced,0,0,0,growing_moderate,0,0,4-6 months,active_low_risk,0,0,1,8-14 days,low_risk_electronics,0,0,0,moderate_risk,0,0,1,medium_value,29.681665,0,0,0,0
6,15.0,5,4,3,10,177.28,Laptop & Accessory,Married,1,0,0,growing_moderate,0,0,4-6 months,active_low_risk,0,0,1,8-14 days,low_risk_electronics,0,0,0,stable_low_risk,0,1,0,medium_value,29.546667,0,0,1,0
6,12.0,3,1,4,7,177.25,Laptop & Accessory,Married,0,0,0,growing_moderate,0,0,4-6 months,recent_new_customer,1,0,0,0-7 days,low_risk_electronics,0,0,0,stable_low_risk,0,1,0,medium_value,29.541666,0,0,0,0
6,15.0,2,3,7,4,176.75,Laptop & Accessory,Divorced,0,0,0,growing_moderate,0,0,4-6 months,recent_new_customer,1,0,0,0-7 days,low_risk_electronics,0,0,0,moderate_risk,0,0,1,medium_value,29.458334,0,0,0,0
6,15.0,2,3,7,4,176.75,Laptop & Accessory,Married,0,0,0,growing_moderate,0,0,4-6 months,recent_new_customer,1,0,0,0-7 days,low_risk_electronics,0,0,0,stable_low_risk,0,1,0,medium_value,29.458334,0,0,0,0
6,9.0,3,2,9,8,175.55,Laptop & Accessory,Single,0,0,0,growing_moderate,0,0,4-6 months,active_low_risk,0,0,1,8-14 days,low_risk_electronics,0,0,0,unstable_high_risk,1,0,0,medium_value,29.258333,0,0,1,0
6,13.0,4,3,3,8,175.1,Laptop & Accessory,Single,0,0,0,growing_moderate,0,0,4-6 months,active_low_risk,0,0,1,8-14 days,low_risk_electronics,0,0,0,unstable_high_risk,1,0,0,medium_value,29.183334,0,0,1,0
6,9.0,4,3,6,8,174.98,Laptop & Accessory,Single,1,0,0,growing_moderate,0,0,4-6 months,active_low_risk,0,0,1,8-14 days,low_risk_electronics,0,0,0,unstable_high_risk,1,0,0,medium_value,29.163332,0,0,2,0
6,16.0,6,1,2,8,171.68,Laptop & Accessory,Married,0,0,0,growing_moderate,0,0,4-6 months,active_low_risk,0,0,1,8-14 days,low_risk_electronics,0,0,0,stable_low_risk,0,1,0,medium_value,28.613333,0,0,0,0
6,17.0,4,1,10,1,171.48,Laptop & Accessory,Single,0,0,0,growing_moderate,0,0,4-6 months,recent_new_customer,1,0,0,0-7 days,low_risk_electronics,0,0,0,unstable_high_risk,1,0,0,medium_value,28.58,0,0,1,0
6,11.0,4,1,5,2,171.19,Fashion,Married,0,0,0,growing_moderate,0,0,4-6 months,recent_new_customer,1,0,0,0-7 days,moderate_risk_fashion,0,0,1,stable_low_risk,0,1,0,medium_value,28.531668,0,0,0,0
6,11.0,4,2,5,2,171.19,Fashion,Married,0,0,0,growing_moderate,0,0,4-6 months,recent_new_customer,1,0,0,0-7 days,moderate_risk_fashion,0,0,1,stable_low_risk,0,1,0,medium_value,28.531668,0,0,0,0
6,14.0,3,3,1,2,171.04,Laptop & Accessory,Married,0,0,0,growing_moderate,0,0,4-6 months,recent_new_customer,1,0,0,0-7 days,low_risk_electronics,0,0,0,stable_low_risk,0,1,0,medium_value,28.506666,0,0,0,0
6,33.0,4,1,2,3,169.65,Laptop & Accessory,Married,0,0,0,growing_moderate,0,0,4-6 months,recent_new_customer,1,0,0,0-7 days,low_risk_electronics,0,0,0,stable_low_risk,0,1,0,medium_value,28.275,0,0,0,0
6,6.0,4,1,1,4,169.49,Laptop & Accessory,Single,0,0,0,growing_moderate,0,0,4-6 months,recent_new_customer,1,0,0,0-7 days,low_risk_electronics,0,0,0,unstable_high_risk,1,0,0,medium_value,28.248335,0,0,1,0
6,20.0,4,1,4,4,169.03,Laptop & Accessory,Married,0,0,0,growing_moderate,0,0,4-6 months,recent_new_customer,1,0,0,0-7 days,low_risk_electronics,0,0,0,stable_low_risk,0,1,0,medium_value,28.171667,0,0,0,0
6,7.0,4,5,6,3,165.87,Laptop & Accessory,Married,0,0,0,growing_moderate,0,0,4-6 months,recent_new_customer,1,0,0,0-7 days,low_risk_electronics,0,0,0,stable_low_risk,0,1,0,medium_value,27.644999,0,0,0,0
6,9.0,4,4,2,3,165.78,Laptop & Accessory,Divorced,1,0,0,growing_moderate,0,0,4-6 months,recent_new_customer,1,0,0,0-7 days,low_risk_electronics,0,0,0,moderate_risk,0,0,1,medium_value,27.63,0,0,1,0
6,36.0,4,3,11,8,165.25,Mobile Phone,Single,0,0,0,growing_moderate,0,0,4-6 months,active_low_risk,0,0,1,8-14 days,high_risk_tech,1,0,0,unstable_high_risk,1,0,0,medium_value,27.541666,0,0,2,0
6,11.0,4,4,4,3,164.31,Mobile Phone,Divorced,0,0,0,growing_moderate,0,0,4-6 months,recent_new_customer,1,0,0,0-7 days,high_risk_tech,1,0,0,moderate_risk,0,0,1,medium_value,27.385,0,0,1,0
6,14.0,3,5,3,2,163.92,Laptop & Accessory,Married,0,0,0,growing_moderate,0,0,4-6 months,recent_new_customer,1,0,0,0-7 days,low_risk_electronics,0,0,0,stable_low_risk,0,1,0,medium_value,27.32,0,0,0,0
6,14.0,3,3,3,0,163.88,Laptop & Accessory,Single,1,0,0,growing_moderate,0,0,4-6 months,recent_new_customer,1,0,0,0-7 days,low_risk_electronics,0,0,0,unstable_high_risk,1,0,0,medium_value,27.313334,0,0,2,0
6,28.0,3,4,1,7,161.46,Laptop & Accessory,Married,0,0,0,growing_moderate,0,0,4-6 months,recent_new_customer,1,0,0,0-7 days,low_risk_electronics,0,0,0,stable_low_risk,0,1,0,medium_value,26.910002,0,0,0,0
6,17.0,4,3,8,4,159.33,Mobile Phone,Married,0,0,0,growing_moderate,0,0,4-6 months,recent_new_customer,1,0,0,0-7 days,high_risk_tech,1,0,0,stable_low_risk,0,1,0,medium_value,26.555,0,0,1,0
6,20.0,5,4,3,3,159.0,Mobile Phone,Married,0,0,0,growing_moderate,0,0,4-6 months,recent_new_customer,1,0,0,0-7 days,high_risk_tech,1,0,0,stable_low_risk,0,1,0,medium_value,26.5,0,0,1,0
6,12.0,2,1,5,3,158.12,Mobile Phone,Married,0,0,0,growing_moderate,0,0,4-6 months,recent_new_customer,1,0,0,0-7 days,high_risk_tech,1,0,0,stable_low_risk,0,1,0,medium_value,26.353333,0,0,1,0
6,12.0,2,4,2,6,157.98,Mobile Phone,Married,1,0,0,growing_moderate,0,0,4-6 months,recent_new_customer,1,0,0,0-7 days,high_risk_tech,1,0,0,stable_low_risk,0,1,0,medium_value,26.33,0,0,2,0
6,13.0,4,3,5,5,155.38,Mobile Phone,Single,0,0,0,growing_moderate,0,0,4-6 months,recent_new_customer,1,0,0,0-7 days,high_risk_tech,1,0,0,unstable_high_risk,1,0,0,medium_value,25.896667,0,0,2,0
6,8.0,3,1,2,4,155.05,Laptop & Accessory,Married,0,0,0,growing_moderate,0,0,4-6 months,recent_new_customer,1,0,0,0-7 days,low_risk_electronics,0,0,0,stable_low_risk,0,1,0,medium_value,25.841667,0,0,0,0
6,6.0,1,4,2,2,154.88,Laptop & Accessory,Divorced,1,0,0,growing_moderate,0,0,4-6 months,recent_new_customer,1,0,0,0-7 days,low_risk_electronics,0,0,0,moderate_risk,0,0,1,medium_value,25.813334,0,0,1,0
6,16.0,3,3,2,9,154.87,Laptop & Accessory,Single,0,0,0,growing_moderate,0,0,4-6 months,active_low_risk,0,0,1,8-14 days,low_risk_electronics,0,0,0,unstable_high_risk,1,0,0,medium_value,25.811666,0,0,1,0
6,6.0,1,5,3,3,153.76,Laptop & Accessory,Married,0,0,0,growing_moderate,0,0,4-6 months,recent_new_customer,1,0,0,0-7 days,low_risk_electronics,0,0,0,stable_low_risk,0,1,0,medium_value,25.626665,0,0,0,0
6,22.0,3,1,2,2,153.68,Laptop & Accessory,Married,1,0,0,growing_moderate,0,0,4-6 months,recent_new_customer,1,0,0,0-7 days,low_risk_electronics,0,0,0,stable_low_risk,0,1,0,medium_value,25.613333,0,0,1,0
6,15.0,5,3,9,3,153.46,Laptop & Accessory,Single,0,0,0,growing_moderate,0,0,4-6 months,recent_new_customer,1,0,0,0-7 days,low_risk_electronics,0,0,0,unstable_high_risk,1,0,0,medium_value,25.576668,0,0,1,1
6,36.0,5,4,3,2,153.37,Mobile Phone,Single,0,0,0,growing_moderate,0,0,4-6 months,recent_new_customer,1,0,0,0-7 days,high_risk_tech,1,0,0,unstable_high_risk,1,0,0,medium_value,25.561666,0,0,2,0
6,9.0,4,5,3,1,153.27,Mobile Phone,Married,0,0,0,growing_moderate,0,0,4-6 months,recent_new_customer,1,0,0,0-7 days,high_risk_tech,1,0,0,stable_low_risk,0,1,0,medium_value,25.545,0,0,1,0
6,14.0,3,4,3,4,152.94,Mobile Phone,Divorced,0,0,0,growing_moderate,0,0,4-6 months,recent_new_customer,1,0,0,0-7 days,high_risk_tech,1,0,0,moderate_risk,0,0,1,medium_value,25.49,0,0,1,0
6,14.0,2,4,3,4,152.94,Mobile Phone,Married,0,0,0,growing_moderate,0,0,4-6 months,recent_new_customer,1,0,0,0-7 days,high_risk_tech,1,0,0,stable_low_risk,0,1,0,medium_value,25.49,0,0,1,0
6,20.0,5,4,3,3,152.43,Mobile Phone,Divorced,0,0,0,growing_moderate,0,0,4-6 months,recent_new_customer,1,0,0,0-7 days,high_risk_tech,1,0,0,moderate_risk,0,0,1,medium_value,25.404999,0,0,1,0
6,12.0,4,4,4,8,152.18,Mobile Phone,Single,0,0,0,growing_moderate,0,0,4-6 months,active_low_risk,0,0,1,8-14 days,high_risk_tech,1,0,0,unstable_high_risk,1,0,0,medium_value,25.363333,0,0,2,0
6,34.0,3,3,2,7,152.07,Laptop & Accessory,Married,1,0,0,growing_moderate,0,0,4-6 months,recent_new_customer,1,0,0,0-7 days,low_risk_electronics,0,0,0,stable_low_risk,0,1,0,medium_value,25.345001,0,0,1,0
6,8.0,3,4,9,7,151.47,Laptop & Accessory,Single,0,0,0,growing_moderate,0,0,4-6 months,recent_new_customer,1,0,0,0-7 days,low_risk_electronics,0,0,0,unstable_high_risk,1,0,0,medium_value,25.245,0,0,1,0
6,9.0,4,5,3,3,149.39,Mobile Phone,Single,0,0,0,growing_moderate,0,0,4-6 months,recent_new_customer,1,0,0,0-7 days,high_risk_tech,1,0,0,unstable_high_risk,1,0,0,low_value,24.898333,0,0,2,0
6,21.0,3,1,1,1,148.78,Laptop & Accessory,Married,1,0,0,growing_moderate,0,0,4-6 months,recent_new_customer,1,0,0,0-7 days,low_risk_electronics,0,0,0,stable_low_risk,0,1,0,low_value,24.796667,0,0,1,0
6,9.0,4,4,3,8,148.7,Mobile Phone,Married,0,0,0,growing_moderate,0,0,4-6 months,active_low_risk,0,0,1,8-14 days,high_risk_tech,1,0,0,stable_low_risk,0,1,0,low_value,24.783333,0,0,1,0
6,9.0,4,4,3,8,148.7,Mobile Phone,Divorced,0,0,0,growing_moderate,0,0,4-6 months,active_low_risk,0,0,1,8-14 days,high_risk_tech,1,0,0,moderate_risk,0,0,1,low_value,24.783333,0,0,1,0
6,7.0,5,4,8,3,148.32,Mobile Phone,Divorced,0,0,0,growing_moderate,0,0,4-6 months,recent_new_customer,1,0,0,0-7 days,high_risk_tech,1,0,0,moderate_risk,0,0,1,low_value,24.720001,0,0,1,0
6,7.0,5,4,8,3,148.32,Mobile Phone,Married,0,0,0,growing_moderate,0,0,4-6 months,recent_new_customer,1,0,0,0-7 days,high_risk_tech,1,0,0,stable_low_risk,0,1,0,low_value,24.720001,0,0,1,0
6,7.0,4,1,2,3,148.14,Mobile Phone,Married,0,0,0,growing_moderate,0,0,4-6 months,recent_new_customer,1,0,0,0-7 days,high_risk_tech,1,0,0,stable_low_risk,0,1,0,low_value,24.69,0,0,1,0
6,7.0,5,4,2,3,147.69,Mobile Phone,Married,0,0,0,growing_moderate,0,0,4-6 months,recent_new_customer,1,0,0,0-7 days,high_risk_tech,1,0,0,stable_low_risk,0,1,0,low_value,24.615,0,0,1,0
6,8.0,5,4,2,3,147.69,Mobile Phone,Married,0,0,0,growing_moderate,0,0,4-6 months,recent_new_customer,1,0,0,0-7 days,high_risk_tech,1,0,0,stable_low_risk,0,1,0,low_value,24.615,0,0,1,0
6,16.0,4,1,4,1,146.82,Laptop & Accessory,Single,0,0,0,growing_moderate,0,0,4-6 months,recent_new_customer,1,0,0,0-7 days,low_risk_electronics,0,0,0,unstable_high_risk,1,0,0,low_value,24.470001,0,0,1,0
6,9.0,5,5,6,5,146.76,Laptop & Accessory,Single,0,0,0,growing_moderate,0,0,4-6 months,recent_new_customer,1,0,0,0-7 days,low_risk_electronics,0,0,0,unstable_high_risk,1,0,0,low_value,24.46,0,0,1,0
6,31.0,3,3,2,1,145.39,Laptop & Accessory,Married,0,0,0,growing_moderate,0,0,4-6 months,recent_new_customer,1,0,0,0-7 days,low_risk_electronics,0,0,0,stable_low_risk,0,1,0,low_value,24.231667,0,0,0,0
6,31.0,3,3,2,1,145.39,Laptop & Accessory,Divorced,0,0,0,growing_moderate,0,0,4-6 months,recent_new_customer,1,0,0,0-7 days,low_risk_electronics,0,0,0,moderate_risk,0,0,1,low_value,24.231667,0,0,0,0
6,13.0,3,5,1,3,143.73,Laptop & Accessory,Divorced,0,0,0,growing_moderate,0,0,4-6 months,recent_new_customer,1,0,0,0-7 days,low_risk_electronics,0,0,0,moderate_risk,0,0,1,low_value,23.955,0,0,0,0
6,13.0,3,5,1,3,143.73,Laptop & Accessory,Married,0,0,0,growing_moderate,0,0,4-6 months,recent_new_customer,1,0,0,0-7 days,low_risk_electronics,0,0,0,stable_low_risk,0,1,0,low_value,23.955,0,0,0,0
6,31.0,4,4,2,2,143.2,Laptop & Accessory,Single,0,0,0,growing_moderate,0,0,4-6 months,recent_new_customer,1,0,0,0-7 days,low_risk_electronics,0,0,0,unstable_high_risk,1,0,0,low_value,23.866667,0,0,1,0
6,13.0,3,4,1,2,143.02,Laptop & Accessory,Divorced,0,0,0,growing_moderate,0,0,4-6 months,recent_new_customer,1,0,0,0-7 days,low_risk_electronics,0,0,0,moderate_risk,0,0,1,low_value,23.836668,0,0,0,0
6,6.0,1,5,2,8,140.37,Laptop & Accessory,Married,0,0,0,growing_moderate,0,0,4-6 months,active_low_risk,0,0,1,8-14 days,low_risk_electronics,0,0,0,stable_low_risk,0,1,0,low_value,23.394999,0,0,0,0
6,10.0,4,4,9,2,138.38,Mobile Phone,Married,0,0,0,growing_moderate,0,0,4-6 months,recent_new_customer,1,0,0,0-7 days,high_risk_tech,1,0,0,stable_low_risk,0,1,0,low_value,23.063334,0,0,1,0
6,10.0,4,4,9,2,138.38,Mobile Phone,Divorced,0,0,0,growing_moderate,0,0,4-6 months,recent_new_customer,1,0,0,0-7 days,high_risk_tech,1,0,0,moderate_risk,0,0,1,low_value,23.063334,0,0,1,0
6,8.0,3,3,2,4,136.0,Mobile Phone,Divorced,0,0,0,growing_moderate,0,0,4-6 months,recent_new_customer,1,0,0,0-7 days,high_risk_tech,1,0,0,moderate_risk,0,0,1,low_value,22.666666,0,0,1,0
6,8.0,3,3,2,4,136.0,Mobile Phone,Married,0,0,0,growing_moderate,0,0,4-6 months,recent_new_customer,1,0,0,0-7 days,high_risk_tech,1,0,0,stable_low_risk,0,1,0,low_value,22.666666,0,0,1,0
6,19.0,3,2,4,2,134.52,Mobile,Single,0,0,0,growing_moderate,0,0,4-6 months,recent_new_customer,1,0,0,0-7 days,high_risk_tech,1,0,0,unstable_high_risk,1,0,0,low_value,22.42,0,0,2,0
6,19.0,3,1,4,2,134.52,Mobile,Single,0,0,0,growing_moderate,0,0,4-6 months,recent_new_customer,1,0,0,0-7 days,high_risk_tech,1,0,0,unstable_high_risk,1,0,0,low_value,22.42,0,0,2,0
6,14.0,1,5,7,6,131.43,Mobile,Married,0,0,0,growing_moderate,0,0,4-6 months,recent_new_customer,1,0,0,0-7 days,high_risk_tech,1,0,0,stable_low_risk,0,1,0,low_value,21.904999,0,0,1,0
6,10.0,3,4,6,7,130.55,Laptop & Accessory,Married,0,0,0,growing_moderate,0,0,4-6 months,recent_new_customer,1,0,0,0-7 days,low_risk_electronics,0,0,0,stable_low_risk,0,1,0,low_value,21.758333,0,0,0,0
6,11.0,4,1,2,2,129.11,Mobile,Married,0,0,0,growing_moderate,0,0,4-6 months,recent_new_customer,1,0,0,0-7 days,high_risk_tech,1,0,0,stable_low_risk,0,1,0,low_value,21.518333,0,0,1,0
6,11.0,4,2,2,2,129.11,Mobile,Divorced,0,0,0,growing_moderate,0,0,4-6 months,recent_new_customer,1,0,0,0-7 days,high_risk_tech,1,0,0,moderate_risk,0,0,1,low_value,21.518333,0,0,1,0
6,9.0,3,3,2,0,129.09,Mobile,Married,1,0,0,growing_moderate,0,0,4-6 months,recent_new_customer,1,0,0,0-7 days,high_risk_tech,1,0,0,stable_low_risk,0,1,0,low_value,21.515,0,0,2,0
6,6.0,4,5,4,2,127.99,Mobile,Single,1,0,0,growing_moderate,0,0,4-6 months,recent_new_customer,1,0,0,0-7 days,high_risk_tech,1,0,0,unstable_high_risk,1,0,0,low_value,21.331667,0,0,3,0
6,15.0,3,2,1,10,127.81,Mobile,Divorced,0,0,0,growing_moderate,0,0,4-6 months,active_low_risk,0,0,1,8-14 days,high_risk_tech,1,0,0,moderate_risk,0,0,1,low_value,21.301666,0,0,1,0
6,20.0,3,4,2,6,127.56,Mobile,Married,0,0,0,growing_moderate,0,0,4-6 months,recent_new_customer,1,0,0,0-7 days,high_risk_tech,1,0,0,stable_low_risk,0,1,0,low_value,21.26,0,0,1,0
6,20.0,3,4,2,6,127.56,Mobile,Divorced,0,0,0,growing_moderate,0,0,4-6 months,recent_new_customer,1,0,0,0-7 days,high_risk_tech,1,0,0,moderate_risk,0,0,1,low_value,21.26,0,0,1,0
6,14.0,4,4,7,1,126.22,Mobile,Married,0,0,0,growing_moderate,0,0,4-6 months,recent_new_customer,1,0,0,0-7 days,high_risk_tech,1,0,0,stable_low_risk,0,1,0,low_value,21.036667,0,0,1,0
6,14.0,3,2,1,2,125.0,Mobile,Single,0,0,0,growing_moderate,0,0,4-6 months,recent_new_customer,1,0,0,0-7 days,high_risk_tech,1,0,0,unstable_high_risk,1,0,0,low_value,20.833334,0,0,2,0
6,14.0,3,1,5,0,124.96,Mobile,Single,0,0,0,growing_moderate,0,0,4-6 months,recent_new_customer,1,0,0,0-7 days,high_risk_tech,1,0,0,unstable_high_risk,1,0,0,low_value,20.826666,0,0,2,0
6,14.0,4,3,10,0,124.37,Mobile,Married,1,0,0,growing_moderate,0,0,4-6 months,recent_new_customer,1,0,0,0-7 days,high_risk_tech,1,0,0,stable_low_risk,0,1,0,low_value,20.728334,0,0,2,1
6,14.0,4,1,1,2,123.42,Mobile,Single,0,0,0,growing_moderate,0,0,4-6 months,recent_new_customer,1,0,0,0-7 days,high_risk_tech,1,0,0,unstable_high_risk,1,0,0,low_value,20.57,0,0,2,0
6,21.0,3,1,1,1,12.0,Laptop & Accessory,Married,1,0,0,growing_moderate,0,0,4-6 months,recent_new_customer,1,0,0,0-7 days,low_risk_electronics,0,0,0,stable_low_risk,0,1,0,minimal_value,2.0,0,1,1,0
5,19.0,4,3,3,9,320.45,Others,Married,0,0,0,growing_moderate,0,0,4-6 months,active_low_risk,0,0,1,8-14 days,low_risk_other,0,0,0,stable_low_risk,0,1,0,high_value,64.090004,1,0,0,1
5,19.0,4,3,3,9,320.45,Others,Divorced,0,0,0,growing_moderate,0,0,4-6 months,active_low_risk,0,0,1,8-14 days,low_risk_other,0,0,0,moderate_risk,0,0,1,high_value,64.090004,1,0,0,1
5,15.0,4,4,5,1,289.22,Grocery,Single,0,0,0,growing_moderate,0,0,4-6 months,recent_new_customer,1,0,0,0-7 days,lowest_risk_grocery,0,1,0,unstable_high_risk,1,0,0,medium_value,57.844,0,0,1,0
5,10.0,4,3,11,3,261.75,Fashion,Married,0,0,0,growing_moderate,0,0,4-6 months,recent_new_customer,1,0,0,0-7 days,moderate_risk_fashion,0,0,1,stable_low_risk,0,1,0,medium_value,52.35,0,0,0,0
5,14.0,5,1,11,2,240.57,Fashion,Married,0,0,0,growing_moderate,0,0,4-6 months,recent_new_customer,1,0,0,0-7 days,moderate_risk_fashion,0,0,1,stable_low_risk,0,1,0,medium_value,48.114002,0,0,0,0
5,18.0,3,5,1,14,237.58,Grocery,Single,1,0,0,growing_moderate,0,0,4-6 months,active_low_risk,0,0,1,8-14 days,lowest_risk_grocery,0,1,0,unstable_high_risk,1,0,0,medium_value,47.516,0,0,2,1
5,15.0,4,1,3,10,232.93,Fashion,Married,0,0,0,growing_moderate,0,0,4-6 months,active_low_risk,0,0,1,8-14 days,moderate_risk_fashion,0,0,1,stable_low_risk,0,1,0,medium_value,46.586,0,0,0,0
5,15.0,4,2,3,10,232.93,Fashion,Married,0,0,0,growing_moderate,0,0,4-6 months,active_low_risk,0,0,1,8-14 days,moderate_risk_fashion,0,0,1,stable_low_risk,0,1,0,medium_value,46.586,0,0,0,0
5,12.0,4,5,2,47,224.36,Laptop & Accessory,Single,0,1,0,growing_moderate,0,0,4-6 months,dormant_high_risk,0,1,0,31+ days,low_risk_electronics,0,0,0,unstable_high_risk,1,0,0,medium_value,44.872,0,0,2,0
5,14.0,4,5,4,47,221.37,Fashion,Married,0,1,0,growing_moderate,0,0,4-6 months,dormant_high_risk,0,1,0,31+ days,moderate_risk_fashion,0,0,1,stable_low_risk,0,1,0,medium_value,44.274,0,0,1,0
5,11.0,4,4,3,47,218.55,Laptop & Accessory,Single,0,1,0,growing_moderate,0,0,4-6 months,dormant_high_risk,0,1,0,31+ days,low_risk_electronics,0,0,0,unstable_high_risk,1,0,0,medium_value,43.71,0,0,2,1
5,14.0,5,3,3,47,214.43,Fashion,Divorced,0,1,0,growing_moderate,0,0,4-6 months,dormant_high_risk,0,1,0,31+ days,moderate_risk_fashion,0,0,1,moderate_risk,0,0,1,medium_value,42.885998,0,0,1,0
5,14.0,5,3,3,47,214.43,Fashion,Married,0,1,0,growing_moderate,0,0,4-6 months,dormant_high_risk,0,1,0,31+ days,moderate_risk_fashion,0,0,1,stable_low_risk,0,1,0,medium_value,42.885998,0,0,1,0
5,16.0,3,1,3,47,212.44,Fashion,Single,0,1,0,growing_moderate,0,0,4-6 months,dormant_high_risk,0,1,0,31+ days,moderate_risk_fashion,0,0,1,unstable_high_risk,1,0,0,medium_value,42.488,0,0,2,0
5,9.0,3,1,4,47,211.59,Fashion,Single,0,1,0,growing_moderate,0,0,4-6 months,dormant_high_risk,0,1,0,31+ days,moderate_risk_fashion,0,0,1,unstable_high_risk,1,0,0,medium_value,42.318,0,0,2,0
5,12.0,4,3,3,3,208.46,Laptop & Accessory,Married,0,0,0,growing_moderate,0,0,4-6 months,recent_new_customer,1,0,0,0-7 days,low_risk_electronics,0,0,0,stable_low_risk,0,1,0,medium_value,41.692,0,0,0,0
5,7.0,3,1,2,7,204.22,Fashion,Married,0,0,0,growing_moderate,0,0,4-6 months,recent_new_customer,1,0,0,0-7 days,moderate_risk_fashion,0,0,1,stable_low_risk,0,1,0,medium_value,40.844,0,0,0,0
5,6.0,3,1,2,7,204.22,Fashion,Married,0,0,0,growing_moderate,0,0,4-6 months,recent_new_customer,1,0,0,0-7 days,moderate_risk_fashion,0,0,1,stable_low_risk,0,1,0,medium_value,40.844,0,0,0,0
5,14.0,4,2,6,8,200.47,Laptop & Accessory,Married,0,0,0,growing_moderate,0,0,4-6 months,active_low_risk,0,0,1,8-14 days,low_risk_electronics,0,0,0,stable_low_risk,0,1,0,medium_value,40.094,0,0,0,0
5,11.0,4,1,9,0,196.79,Laptop & Accessory,Single,0,0,0,growing_moderate,0,0,4-6 months,recent_new_customer,1,0,0,0-7 days,low_risk_electronics,0,0,0,unstable_high_risk,1,0,0,medium_value,39.357998,0,0,1,0
5,14.0,4,1,3,11,196.43,Fashion,Single,1,0,0,growing_moderate,0,0,4-6 months,active_low_risk,0,0,1,8-14 days,moderate_risk_fashion,0,0,1,unstable_high_risk,1,0,0,medium_value,39.286,0,0,2,0
5,14.0,4,2,3,11,196.43,Fashion,Single,1,0,0,growing_moderate,0,0,4-6 months,active_low_risk,0,0,1,8-14 days,moderate_risk_fashion,0,0,1,unstable_high_risk,1,0,0,medium_value,39.286,0,0,2,0
5,27.0,4,3,3,1,194.32,Laptop & Accessory,Divorced,0,0,0,growing_moderate,0,0,4-6 months,recent_new_customer,1,0,0,0-7 days,low_risk_electronics,0,0,0,moderate_risk,0,0,1,medium_value,38.864002,0,0,0,0
5,14.0,3,2,6,8,194.29,Laptop & Accessory,Divorced,0,0,0,growing_moderate,0,0,4-6 months,active_low_risk,0,0,1,8-14 days,low_risk_electronics,0,0,0,moderate_risk,0,0,1,medium_value,38.857998,0,0,0,0
5,18.0,4,5,3,2,193.33,Laptop & Accessory,Married,1,0,0,growing_moderate,0,0,4-6 months,recent_new_customer,1,0,0,0-7 days,low_risk_electronics,0,0,0,stable_low_risk,0,1,0,medium_value,38.666,0,0,1,0
5,13.0,3,1,5,3,192.04,Laptop & Accessory,Married,0,0,0,growing_moderate,0,0,4-6 months,recent_new_customer,1,0,0,0-7 days,low_risk_electronics,0,0,0,stable_low_risk,0,1,0,medium_value,38.407997,0,0,0,0
5,13.0,3,2,5,3,192.04,Laptop & Accessory,Divorced,0,0,0,growing_moderate,0,0,4-6 months,recent_new_customer,1,0,0,0-7 days,low_risk_electronics,0,0,0,moderate_risk,0,0,1,medium_value,38.407997,0,0,0,0
5,17.0,4,1,4,5,190.83,Laptop & Accessory,Married,1,0,0,growing_moderate,0,0,4-6 months,recent_new_customer,1,0,0,0-7 days,low_risk_electronics,0,0,0,stable_low_risk,0,1,0,medium_value,38.166,0,0,1,0
5,9.0,4,1,6,6,190.82,Laptop & Accessory,Single,1,0,0,growing_moderate,0,0,4-6 months,recent_new_customer,1,0,0,0-7 days,low_risk_electronics,0,0,0,unstable_high_risk,1,0,0,medium_value,38.164,0,0,2,0
5,14.0,3,1,2,7,189.98,Fashion,Single,0,0,0,growing_moderate,0,0,4-6 months,recent_new_customer,1,0,0,0-7 days,moderate_risk_fashion,0,0,1,unstable_high_risk,1,0,0,medium_value,37.996,0,0,1,0
5,9.0,5,5,5,1,189.1,Laptop & Accessory,Married,0,0,0,growing_moderate,0,0,4-6 months,recent_new_customer,1,0,0,0-7 days,low_risk_electronics,0,0,0,stable_low_risk,0,1,0,medium_value,37.82,0,0,0,0
5,9.0,5,5,5,1,189.1,Laptop & Accessory,Divorced,0,0,0,growing_moderate,0,0,4-6 months,recent_new_customer,1,0,0,0-7 days,low_risk_electronics,0,0,0,moderate_risk,0,0,1,medium_value,37.82,0,0,0,0
5,7.0,4,2,10,6,184.93,Laptop & Accessory,Single,1,0,0,growing_moderate,0,0,4-6 months,recent_new_customer,1,0,0,0-7 days,low_risk_electronics,0,0,0,unstable_high_risk,1,0,0,medium_value,36.986,0,0,2,1
5,19.0,4,1,2,6,183.55,Laptop & Accessory,Married,1,0,0,growing_moderate,0,0,4-6 months,recent_new_customer,1,0,0,0-7 days,low_risk_electronics,0,0,0,stable_low_risk,0,1,0,medium_value,36.71,0,0,1,0
5,30.0,5,2,2,9,180.82,Laptop & Accessory,Divorced,0,0,0,growing_moderate,0,0,4-6 months,active_low_risk,0,0,1,8-14 days,low_risk_electronics,0,0,0,moderate_risk,0,0,1,medium_value,36.164,0,0,0,0
5,12.0,4,1,3,3,179.76,Laptop & Accessory,Married,0,0,0,growing_moderate,0,0,4-6 months,recent_new_customer,1,0,0,0-7 days,low_risk_electronics,0,0,0,stable_low_risk,0,1,0,medium_value,35.952,0,0,0,0
5,36.0,5,1,3,8,179.68,Laptop & Accessory,Married,0,0,0,growing_moderate,0,0,4-6 months,active_low_risk,0,0,1,8-14 days,low_risk_electronics,0,0,0,stable_low_risk,0,1,0,medium_value,35.935997,0,0,0,0
5,13.0,2,1,6,8,179.6,Laptop & Accessory,Married,0,0,0,growing_moderate,0,0,4-6 months,active_low_risk,0,0,1,8-14 days,low_risk_electronics,0,0,0,stable_low_risk,0,1,0,medium_value,35.920002,0,0,0,0
5,9.0,4,5,9,4,178.32,Laptop & Accessory,Single,0,0,0,growing_moderate,0,0,4-6 months,recent_new_customer,1,0,0,0-7 days,low_risk_electronics,0,0,0,unstable_high_risk,1,0,0,medium_value,35.664,0,0,1,0
5,31.0,4,1,4,5,177.38,Laptop & Accessory,Single,0,0,0,growing_moderate,0,0,4-6 months,recent_new_customer,1,0,0,0-7 days,low_risk_electronics,0,0,0,unstable_high_risk,1,0,0,medium_value,35.476,0,0,1,0
5,8.0,6,5,3,8,175.03,Laptop & Accessory,Married,0,0,0,growing_moderate,0,0,4-6 months,active_low_risk,0,0,1,8-14 days,low_risk_electronics,0,0,0,stable_low_risk,0,1,0,medium_value,35.006,0,0,0,0
5,7.0,6,5,3,8,175.03,Laptop & Accessory,Married,0,0,0,growing_moderate,0,0,4-6 months,active_low_risk,0,0,1,8-14 days,low_risk_electronics,0,0,0,stable_low_risk,0,1,0,medium_value,35.006,0,0,0,0
5,12.0,4,1,2,4,173.21,Mobile Phone,Married,1,0,0,growing_moderate,0,0,4-6 months,recent_new_customer,1,0,0,0-7 days,high_risk_tech,1,0,0,stable_low_risk,0,1,0,medium_value,34.642002,0,0,2,0
5,12.0,4,2,2,4,173.21,Mobile Phone,Divorced,1,0,0,growing_moderate,0,0,4-6 months,recent_new_customer,1,0,0,0-7 days,high_risk_tech,1,0,0,moderate_risk,0,0,1,medium_value,34.642002,0,0,2,0
5,15.0,4,1,3,9,169.24,Laptop & Accessory,Single,0,0,0,growing_moderate,0,0,4-6 months,active_low_risk,0,0,1,8-14 days,low_risk_electronics,0,0,0,unstable_high_risk,1,0,0,medium_value,33.848,0,0,1,0
5,7.0,6,3,2,5,168.45,Laptop & Accessory,Married,0,0,0,growing_moderate,0,0,4-6 months,recent_new_customer,1,0,0,0-7 days,low_risk_electronics,0,0,0,stable_low_risk,0,1,0,medium_value,33.69,0,0,0,0
5,7.0,6,3,2,5,168.45,Laptop & Accessory,Divorced,0,0,0,growing_moderate,0,0,4-6 months,recent_new_customer,1,0,0,0-7 days,low_risk_electronics,0,0,0,moderate_risk,0,0,1,medium_value,33.69,0,0,0,0
5,14.0,4,5,3,13,168.06,Laptop & Accessory,Divorced,0,0,0,growing_moderate,0,0,4-6 months,active_low_risk,0,0,1,8-14 days,low_risk_electronics,0,0,0,moderate_risk,0,0,1,medium_value,33.612,0,0,0,0
5,9.0,3,5,2,3,167.25,Laptop & Accessory,Married,0,0,0,growing_moderate,0,0,4-6 months,recent_new_customer,1,0,0,0-7 days,low_risk_electronics,0,0,0,stable_low_risk,0,1,0,medium_value,33.45,0,0,0,0
5,27.0,4,3,3,3,166.97,Laptop & Accessory,Married,0,0,0,growing_moderate,0,0,4-6 months,recent_new_customer,1,0,0,0-7 days,low_risk_electronics,0,0,0,stable_low_risk,0,1,0,medium_value,33.394,0,0,0,0
5,21.0,3,1,6,2,166.67,Laptop & Accessory,Married,0,0,0,growing_moderate,0,0,4-6 months,recent_new_customer,1,0,0,0-7 days,low_risk_electronics,0,0,0,stable_low_risk,0,1,0,medium_value,33.334,0,0,0,0
5,7.0,4,5,3,4,166.48,Laptop & Accessory,Divorced,0,0,0,growing_moderate,0,0,4-6 months,recent_new_customer,1,0,0,0-7 days,low_risk_electronics,0,0,0,moderate_risk,0,0,1,medium_value,33.295998,0,0,0,0
5,11.0,3,4,2,3,165.24,Laptop & Accessory,Divorced,0,0,0,growing_moderate,0,0,4-6 months,recent_new_customer,1,0,0,0-7 days,low_risk_electronics,0,0,0,moderate_risk,0,0,1,medium_value,33.048,0,0,0,0
5,11.0,3,4,2,3,165.24,Laptop & Accessory,Married,0,0,0,growing_moderate,0,0,4-6 months,recent_new_customer,1,0,0,0-7 days,low_risk_electronics,0,0,0,stable_low_risk,0,1,0,medium_value,33.048,0,0,0,0
5,19.0,4,2,10,3,164.29,Mobile Phone,Divorced,1,0,0,growing_moderate,0,0,4-6 months,recent_new_customer,1,0,0,0-7 days,high_risk_tech,1,0,0,moderate_risk,0,0,1,medium_value,32.857998,0,0,2,0
5,19.0,4,1,10,3,164.29,Mobile Phone,Married,1,0,0,growing_moderate,0,0,4-6 months,recent_new_customer,1,0,0,0-7 days,high_risk_tech,1,0,0,stable_low_risk,0,1,0,medium_value,32.857998,0,0,2,0
5,15.0,3,2,2,5,163.22,Laptop & Accessory,Divorced,1,0,0,growing_moderate,0,0,4-6 months,recent_new_customer,1,0,0,0-7 days,low_risk_electronics,0,0,0,moderate_risk,0,0,1,medium_value,32.644,0,0,1,0
5,15.0,3,1,2,5,163.22,Laptop & Accessory,Married,1,0,0,growing_moderate,0,0,4-6 months,recent_new_customer,1,0,0,0-7 days,low_risk_electronics,0,0,0,stable_low_risk,0,1,0,medium_value,32.644,0,0,1,0
5,14.0,1,2,2,8,162.09,Laptop & Accessory,Divorced,0,0,0,growing_moderate,0,0,4-6 months,active_low_risk,0,0,1,8-14 days,low_risk_electronics,0,0,0,moderate_risk,0,0,1,medium_value,32.418,0,0,0,0
5,14.0,1,1,2,8,162.09,Laptop & Accessory,Married,0,0,0,growing_moderate,0,0,4-6 months,active_low_risk,0,0,1,8-14 days,low_risk_electronics,0,0,0,stable_low_risk,0,1,0,medium_value,32.418,0,0,0,0
5,10.0,4,3,2,8,161.62,Laptop & Accessory,Divorced,0,0,0,growing_moderate,0,0,4-6 months,active_low_risk,0,0,1,8-14 days,low_risk_electronics,0,0,0,moderate_risk,0,0,1,medium_value,32.323997,0,0,0,0
5,10.0,4,3,2,8,161.62,Laptop & Accessory,Married,0,0,0,growing_moderate,0,0,4-6 months,active_low_risk,0,0,1,8-14 days,low_risk_electronics,0,0,0,stable_low_risk,0,1,0,medium_value,32.323997,0,0,0,0
5,6.0,3,1,2,8,161.62,Laptop & Accessory,Married,1,0,0,growing_moderate,0,0,4-6 months,active_low_risk,0,0,1,8-14 days,low_risk_electronics,0,0,0,stable_low_risk,0,1,0,medium_value,32.323997,0,0,1,0
5,9.0,4,3,3,4,159.77,Mobile Phone,Married,0,0,0,growing_moderate,0,0,4-6 months,recent_new_customer,1,0,0,0-7 days,high_risk_tech,1,0,0,stable_low_risk,0,1,0,medium_value,31.954,0,0,1,0
5,11.0,4,4,4,5,158.78,Laptop & Accessory,Married,0,0,0,growing_moderate,0,0,4-6 months,recent_new_customer,1,0,0,0-7 days,low_risk_electronics,0,0,0,stable_low_risk,0,1,0,medium_value,31.756,0,0,0,0
5,27.0,4,4,3,3,156.4,Mobile Phone,Single,1,0,0,growing_moderate,0,0,4-6 months,recent_new_customer,1,0,0,0-7 days,high_risk_tech,1,0,0,unstable_high_risk,1,0,0,medium_value,31.279999,0,0,3,1
5,9.0,4,3,2,3,155.67,Mobile Phone,Married,0,0,0,growing_moderate,0,0,4-6 months,recent_new_customer,1,0,0,0-7 days,high_risk_tech,1,0,0,stable_low_risk,0,1,0,medium_value,31.133999,0,0,1,0
5,10.0,4,5,3,4,155.65,Mobile Phone,Married,1,0,0,growing_moderate,0,0,4-6 months,recent_new_customer,1,0,0,0-7 days,high_risk_tech,1,0,0,stable_low_risk,0,1,0,medium_value,31.13,0,0,2,0
5,13.0,4,3,2,8,154.84,Laptop & Accessory,Divorced,0,0,0,growing_moderate,0,0,4-6 months,active_low_risk,0,0,1,8-14 days,low_risk_electronics,0,0,0,moderate_risk,0,0,1,medium_value,30.967999,0,0,0,0
5,8.0,3,4,1,6,154.7,Laptop & Accessory,Married,0,0,0,growing_moderate,0,0,4-6 months,recent_new_customer,1,0,0,0-7 days,low_risk_electronics,0,0,0,stable_low_risk,0,1,0,medium_value,30.939999,0,0,0,0
5,33.0,4,3,3,4,154.11,Mobile Phone,Married,0,0,0,growing_moderate,0,0,4-6 months,recent_new_customer,1,0,0,0-7 days,high_risk_tech,1,0,0,stable_low_risk,0,1,0,medium_value,30.822,0,0,1,0
5,16.0,3,1,2,8,153.96,Laptop & Accessory,Single,0,0,0,growing_moderate,0,0,4-6 months,active_low_risk,0,0,1,8-14 days,low_risk_electronics,0,0,0,unstable_high_risk,1,0,0,medium_value,30.792002,0,0,1,0
5,30.0,3,1,2,7,153.09,Laptop & Accessory,Married,0,0,0,growing_moderate,0,0,4-6 months,recent_new_customer,1,0,0,0-7 days,low_risk_electronics,0,0,0,stable_low_risk,0,1,0,medium_value,30.618,0,0,0,0
5,30.0,3,2,2,7,153.09,Laptop & Accessory,Divorced,0,0,0,growing_moderate,0,0,4-6 months,recent_new_customer,1,0,0,0-7 days,low_risk_electronics,0,0,0,moderate_risk,0,0,1,medium_value,30.618,0,0,0,0
5,12.0,4,4,3,3,152.89,Mobile Phone,Married,0,0,0,growing_moderate,0,0,4-6 months,recent_new_customer,1,0,0,0-7 days,high_risk_tech,1,0,0,stable_low_risk,0,1,0,medium_value,30.578,0,0,1,0
5,9.0,6,2,6,1,152.78,Mobile Phone,Married,1,0,0,growing_moderate,0,0,4-6 months,recent_new_customer,1,0,0,0-7 days,high_risk_tech,1,0,0,stable_low_risk,0,1,0,medium_value,30.556,0,0,2,1
5,9.0,6,1,6,1,152.78,Mobile Phone,Married,1,0,0,growing_moderate,0,0,4-6 months,recent_new_customer,1,0,0,0-7 days,high_risk_tech,1,0,0,stable_low_risk,0,1,0,medium_value,30.556,0,0,2,1
5,14.0,4,4,2,9,152.28,Laptop & Accessory,Divorced,1,0,0,growing_moderate,0,0,4-6 months,active_low_risk,0,0,1,8-14 days,low_risk_electronics,0,0,0,moderate_risk,0,0,1,medium_value,30.456,0,0,1,0
5,14.0,4,4,2,9,152.28,Laptop & Accessory,Married,1,0,0,growing_moderate,0,0,4-6 months,active_low_risk,0,0,1,8-14 days,low_risk_electronics,0,0,0,stable_low_risk,0,1,0,medium_value,30.456,0,0,1,0
5,9.0,4,1,2,3,151.95,Mobile Phone,Married,1,0,0,growing_moderate,0,0,4-6 months,recent_new_customer,1,0,0,0-7 days,high_risk_tech,1,0,0,stable_low_risk,0,1,0,medium_value,30.39,0,0,2,0
5,9.0,4,2,2,3,151.95,Mobile Phone,Married,1,0,0,growing_moderate,0,0,4-6 months,recent_new_customer,1,0,0,0-7 days,high_risk_tech,1,0,0,stable_low_risk,0,1,0,medium_value,30.39,0,0,2,0
5,14.0,1,3,6,3,151.75,Laptop & Accessory,Married,0,0,0,growing_moderate,0,0,4-6 months,recent_new_customer,1,0,0,0-7 days,low_risk_electronics,0,0,0,stable_low_risk,0,1,0,medium_value,30.35,0,0,0,0
5,14.0,1,3,6,3,151.75,Laptop & Accessory,Divorced,0,0,0,growing_moderate,0,0,4-6 months,recent_new_customer,1,0,0,0-7 days,low_risk_electronics,0,0,0,moderate_risk,0,0,1,medium_value,30.35,0,0,0,0
5,16.0,5,4,2,3,151.57,Mobile Phone,Single,1,0,0,growing_moderate,0,0,4-6 months,recent_new_customer,1,0,0,0-7 days,high_risk_tech,1,0,0,unstable_high_risk,1,0,0,medium_value,30.314001,0,0,3,0
5,8.0,1,1,8,7,150.55,Laptop & Accessory,Single,0,0,0,growing_moderate,0,0,4-6 months,recent_new_customer,1,0,0,0-7 days,low_risk_electronics,0,0,0,unstable_high_risk,1,0,0,medium_value,30.11,0,0,1,0
5,8.0,2,2,8,7,150.55,Laptop & Accessory,Single,0,0,0,growing_moderate,0,0,4-6 months,recent_new_customer,1,0,0,0-7 days,low_risk_electronics,0,0,0,unstable_high_risk,1,0,0,medium_value,30.11,0,0,1,0
5,12.0,3,3,2,7,150.1,Laptop & Accessory,Single,0,0,0,growing_moderate,0,0,4-6 months,recent_new_customer,1,0,0,0-7 days,low_risk_electronics,0,0,0,unstable_high_risk,1,0,0,medium_value,30.02,0,0,1,0
5,7.0,4,4,3,1,150.01,Mobile Phone,Single,0,0,0,growing_moderate,0,0,4-6 months,recent_new_customer,1,0,0,0-7 days,high_risk_tech,1,0,0,unstable_high_risk,1,0,0,medium_value,30.001999,0,0,2,0
5,8.0,3,3,5,7,149.98,Laptop & Accessory,Single,1,0,0,growing_moderate,0,0,4-6 months,recent_new_customer,1,0,0,0-7 days,low_risk_electronics,0,0,0,unstable_high_risk,1,0,0,low_value,29.995998,0,0,2,0
5,18.0,4,1,5,3,148.56,Mobile Phone,Married,1,0,0,growing_moderate,0,0,4-6 months,recent_new_customer,1,0,0,0-7 days,high_risk_tech,1,0,0,stable_low_risk,0,1,0,low_value,29.712,0,0,2,0
5,18.0,4,2,5,3,148.56,Mobile Phone,Divorced,1,0,0,growing_moderate,0,0,4-6 months,recent_new_customer,1,0,0,0-7 days,high_risk_tech,1,0,0,moderate_risk,0,0,1,low_value,29.712,0,0,2,0
5,14.0,5,3,5,3,148.29,Mobile Phone,Divorced,0,0,0,growing_moderate,0,0,4-6 months,recent_new_customer,1,0,0,0-7 days,high_risk_tech,1,0,0,moderate_risk,0,0,1,low_value,29.657999,0,0,1,0
5,14.0,5,3,5,3,148.29,Mobile Phone,Married,0,0,0,growing_moderate,0,0,4-6 months,recent_new_customer,1,0,0,0-7 days,high_risk_tech,1,0,0,stable_low_risk,0,1,0,low_value,29.657999,0,0,1,0
5,7.0,5,5,3,3,147.18,Mobile Phone,Married,0,0,0,growing_moderate,0,0,4-6 months,recent_new_customer,1,0,0,0-7 days,high_risk_tech,1,0,0,stable_low_risk,0,1,0,low_value,29.435999,0,0,1,0
